Concept_ID,Domain,Concept,Clinical_definition,Requirement_class,Trigger,Patient_question,Alternative_prompts,Response_type,Positive_follow_up,Negative_resolution,Uncertainty_handling,Red_flag_rule,Clinician_review_rule,Permitted_AI_inference,Derived_variable,Source_priority,Evidence_source,Evidence_level,Version,Notes,Source_URL
CTX-001,"Patient, procedure and communication",Identity confirmed,Identity confirmed,M0,All patients,Can you tell me your full name and date of birth?,Use plain-language synonyms and examples if the patient is unsure.,text,Clarify if incomplete or ambiguous.,Not applicable; capture value or explicit unknown.,Record PATIENT_UNSURE/NOT_KNOWN; do not convert to negative. Seek corroborating source where clinically important.,None,Review as part of completed assessment.,None: do not infer a diagnosis or negative finding.,,Patient report; corroborate with EMR/previous anaesthetic/medication record where available.,ANZCA PG07 (2024); ACSQHC Partnering with Consumers and Communicating for Safety Standards; Ahmadian core dataset,A/D,1.0.1,Domain validated 2026-09-26. Patient identification/procedure matching and communication needs are supported. Patient-facing wording remains subject to consumer/usability testing.,https://www.anzca.edu.au/getcontentasset/d4eb4cab-69e6-4228-8568-bbc911c6c505/80feb437-d24d-46b8-a858-4a2a28b9b970/pg07-pre-anaesthesia-consultation-2024.pdf?download=1&language=en; https://www.safetyandquality.gov.au/national-standards/nsqhs-standards/partnering-consumers-standard; https://www.safetyandquality.gov.au/national-standards/nsqhs-standards/communicating-safety-standard; https://pubmed.ncbi.nlm.nih.gov/19283313/
CTX-002,"Patient, procedure and communication",Preferred name,Preferred name,O,Conversational preference; ask early where useful,What would you like me to call you?,Use plain-language synonyms and examples if the patient is unsure.,text,Clarify if incomplete or ambiguous.,Not applicable; capture value or explicit unknown.,Record PATIENT_UNSURE/NOT_KNOWN; do not convert to negative. Seek corroborating source where clinically important.,None,Review as part of completed assessment.,None: do not infer a diagnosis or negative finding.,,Patient report; corroborate with EMR/previous anaesthetic/medication record where available.,ANZCA PG07 (2024); ACSQHC Partnering with Consumers and Communicating for Safety Standards; Ahmadian core dataset,A/D,1.0.1,Domain validated 2026-09-26. Preferred name is a person-centred communication/UX requirement rather than a perioperative clinical minimum.,https://www.anzca.edu.au/getcontentasset/d4eb4cab-69e6-4228-8568-bbc911c6c505/80feb437-d24d-46b8-a858-4a2a28b9b970/pg07-pre-anaesthesia-consultation-2024.pdf?download=1&language=en; https://www.safetyandquality.gov.au/national-standards/nsqhs-standards/partnering-consumers-standard; https://www.safetyandquality.gov.au/national-standards/nsqhs-standards/communicating-safety-standard; https://pubmed.ncbi.nlm.nih.gov/19283313/
CTX-003,"Patient, procedure and communication",Procedure planned,Procedure planned,M0,All patients,What procedure or operation are you expecting to have?,Use plain-language synonyms and examples if the patient is unsure.,text,Clarify if incomplete or ambiguous.,Not applicable; capture value or explicit unknown.,Record PATIENT_UNSURE/NOT_KNOWN; do not convert to negative. Seek corroborating source where clinically important.,None,Review as part of completed assessment.,None: do not infer a diagnosis or negative finding.,,Patient report; corroborate with EMR/previous anaesthetic/medication record where available.,ANZCA PG07 (2024); ACSQHC Partnering with Consumers and Communicating for Safety Standards; Ahmadian core dataset,A/D,1.0.1,Domain validated 2026-09-26. Patient identification/procedure matching and communication needs are supported. Patient-facing wording remains subject to consumer/usability testing.,https://www.anzca.edu.au/getcontentasset/d4eb4cab-69e6-4228-8568-bbc911c6c505/80feb437-d24d-46b8-a858-4a2a28b9b970/pg07-pre-anaesthesia-consultation-2024.pdf?download=1&language=en; https://www.safetyandquality.gov.au/national-standards/nsqhs-standards/partnering-consumers-standard; https://www.safetyandquality.gov.au/national-standards/nsqhs-standards/communicating-safety-standard; https://pubmed.ncbi.nlm.nih.gov/19283313/
CTX-004,"Patient, procedure and communication",Procedure indication,Procedure indication,M0,All patients,What have you been told is the reason for the procedure?,Use plain-language synonyms and examples if the patient is unsure.,text,Clarify if incomplete or ambiguous.,Not applicable; capture value or explicit unknown.,Record PATIENT_UNSURE/NOT_KNOWN; do not convert to negative. Seek corroborating source where clinically important.,None,Review as part of completed assessment.,None: do not infer a diagnosis or negative finding.,,Patient report; corroborate with EMR/previous anaesthetic/medication record where available.,ANZCA PG07 (2024); ACSQHC Partnering with Consumers and Communicating for Safety Standards; Ahmadian core dataset,A/D,1.0.1,Domain validated 2026-09-26. Patient identification/procedure matching and communication needs are supported. Patient-facing wording remains subject to consumer/usability testing.,https://www.anzca.edu.au/getcontentasset/d4eb4cab-69e6-4228-8568-bbc911c6c505/80feb437-d24d-46b8-a858-4a2a28b9b970/pg07-pre-anaesthesia-consultation-2024.pdf?download=1&language=en; https://www.safetyandquality.gov.au/national-standards/nsqhs-standards/partnering-consumers-standard; https://www.safetyandquality.gov.au/national-standards/nsqhs-standards/communicating-safety-standard; https://pubmed.ncbi.nlm.nih.gov/19283313/
CTX-005,"Patient, procedure and communication",Procedure site,Procedure site,M0,All patients,Which part of your body is the procedure on?,Use plain-language synonyms and examples if the patient is unsure.,text,Clarify if incomplete or ambiguous.,Not applicable; capture value or explicit unknown.,Record PATIENT_UNSURE/NOT_KNOWN; do not convert to negative. Seek corroborating source where clinically important.,None,Review as part of completed assessment.,None: do not infer a diagnosis or negative finding.,,Patient report; corroborate with EMR/previous anaesthetic/medication record where available.,ANZCA PG07 (2024); ACSQHC Partnering with Consumers and Communicating for Safety Standards; Ahmadian core dataset,A/D,1.0.1,Domain validated 2026-09-26. Patient identification/procedure matching and communication needs are supported. Patient-facing wording remains subject to consumer/usability testing.,https://www.anzca.edu.au/getcontentasset/d4eb4cab-69e6-4228-8568-bbc911c6c505/80feb437-d24d-46b8-a858-4a2a28b9b970/pg07-pre-anaesthesia-consultation-2024.pdf?download=1&language=en; https://www.safetyandquality.gov.au/national-standards/nsqhs-standards/partnering-consumers-standard; https://www.safetyandquality.gov.au/national-standards/nsqhs-standards/communicating-safety-standard; https://pubmed.ncbi.nlm.nih.gov/19283313/
CTX-006,"Patient, procedure and communication",Laterality,Laterality,C2,Procedure-specific context,"Is it on the left, right or both sides?",Use plain-language synonyms and examples if the patient is unsure.,categorical,Clarify if incomplete or ambiguous.,Not applicable; capture value or explicit unknown.,Record PATIENT_UNSURE/NOT_KNOWN; do not convert to negative. Seek corroborating source where clinically important.,None,"Required if positive, conflicting or clinically material.",None: do not infer a diagnosis or negative finding.,,Patient report; corroborate with EMR/previous anaesthetic/medication record where available.,ANZCA PG07 (2024); ACSQHC Partnering with Consumers and Communicating for Safety Standards; Ahmadian core dataset,A/D,1.0.1,Domain validated 2026-09-26. Patient identification/procedure matching and communication needs are supported. Patient-facing wording remains subject to consumer/usability testing.,https://www.anzca.edu.au/getcontentasset/d4eb4cab-69e6-4228-8568-bbc911c6c505/80feb437-d24d-46b8-a858-4a2a28b9b970/pg07-pre-anaesthesia-consultation-2024.pdf?download=1&language=en; https://www.safetyandquality.gov.au/national-standards/nsqhs-standards/partnering-consumers-standard; https://www.safetyandquality.gov.au/national-standards/nsqhs-standards/communicating-safety-standard; https://pubmed.ncbi.nlm.nih.gov/19283313/
CTX-007,"Patient, procedure and communication",Planned date,Planned date,M0,All patients,Do you know when the procedure is planned?,Use plain-language synonyms and examples if the patient is unsure.,date,Clarify if incomplete or ambiguous.,Not applicable; capture value or explicit unknown.,Record PATIENT_UNSURE/NOT_KNOWN; do not convert to negative. Seek corroborating source where clinically important.,None,Review as part of completed assessment.,Derived calculation permitted only from explicit source values.,,Patient report; corroborate with EMR/previous anaesthetic/medication record where available.,ANZCA PG07 (2024); ACSQHC Partnering with Consumers and Communicating for Safety Standards; Ahmadian core dataset,A/D,1.0.1,Domain validated 2026-09-26. Patient identification/procedure matching and communication needs are supported. Patient-facing wording remains subject to consumer/usability testing.,https://www.anzca.edu.au/getcontentasset/d4eb4cab-69e6-4228-8568-bbc911c6c505/80feb437-d24d-46b8-a858-4a2a28b9b970/pg07-pre-anaesthesia-consultation-2024.pdf?download=1&language=en; https://www.safetyandquality.gov.au/national-standards/nsqhs-standards/partnering-consumers-standard; https://www.safetyandquality.gov.au/national-standards/nsqhs-standards/communicating-safety-standard; https://pubmed.ncbi.nlm.nih.gov/19283313/
CTX-008,"Patient, procedure and communication",Urgency,Urgency,M0,All patients,"Have you been told whether this is routine, expedited or urgent?",Use plain-language synonyms and examples if the patient is unsure.,categorical,Clarify if incomplete or ambiguous.,Not applicable; capture value or explicit unknown.,Record PATIENT_UNSURE/NOT_KNOWN; do not convert to negative. Seek corroborating source where clinically important.,None,Review as part of completed assessment.,None: do not infer a diagnosis or negative finding.,,Patient report; corroborate with EMR/previous anaesthetic/medication record where available.,ANZCA PG07 (2024); ACSQHC Partnering with Consumers and Communicating for Safety Standards; Ahmadian core dataset,A/D,1.0.1,Domain validated 2026-09-26. Patient identification/procedure matching and communication needs are supported. Patient-facing wording remains subject to consumer/usability testing.,https://www.anzca.edu.au/getcontentasset/d4eb4cab-69e6-4228-8568-bbc911c6c505/80feb437-d24d-46b8-a858-4a2a28b9b970/pg07-pre-anaesthesia-consultation-2024.pdf?download=1&language=en; https://www.safetyandquality.gov.au/national-standards/nsqhs-standards/partnering-consumers-standard; https://www.safetyandquality.gov.au/national-standards/nsqhs-standards/communicating-safety-standard; https://pubmed.ncbi.nlm.nih.gov/19283313/
CTX-009,"Patient, procedure and communication",Proceduralist,Proceduralist,O,Contextual,Do you know which doctor or team is doing the procedure?,Use plain-language synonyms and examples if the patient is unsure.,text,Clarify if incomplete or ambiguous.,Not applicable; capture value or explicit unknown.,Record PATIENT_UNSURE/NOT_KNOWN; do not convert to negative. Seek corroborating source where clinically important.,None,Review as part of completed assessment.,None: do not infer a diagnosis or negative finding.,,Patient report; corroborate with EMR/previous anaesthetic/medication record where available.,ANZCA PG07 (2024); ACSQHC Partnering with Consumers and Communicating for Safety Standards; Ahmadian core dataset,A/D,1.0.1,Domain validated 2026-09-26. Patient identification/procedure matching and communication needs are supported. Patient-facing wording remains subject to consumer/usability testing.,https://www.anzca.edu.au/getcontentasset/d4eb4cab-69e6-4228-8568-bbc911c6c505/80feb437-d24d-46b8-a858-4a2a28b9b970/pg07-pre-anaesthesia-consultation-2024.pdf?download=1&language=en; https://www.safetyandquality.gov.au/national-standards/nsqhs-standards/partnering-consumers-standard; https://www.safetyandquality.gov.au/national-standards/nsqhs-standards/communicating-safety-standard; https://pubmed.ncbi.nlm.nih.gov/19283313/
CTX-010,"Patient, procedure and communication",History source,History source,M0,All patients,"Are you answering for yourself, or is someone helping you with the history?",Use plain-language synonyms and examples if the patient is unsure.,categorical,Clarify if incomplete or ambiguous.,Not applicable; capture value or explicit unknown.,Record PATIENT_UNSURE/NOT_KNOWN; do not convert to negative. Seek corroborating source where clinically important.,None,Review as part of completed assessment.,None: do not infer a diagnosis or negative finding.,,Patient report; corroborate with EMR/previous anaesthetic/medication record where available.,ANZCA PG07 (2024); ACSQHC Partnering with Consumers and Communicating for Safety Standards; Ahmadian core dataset,A/D,1.0.1,Domain validated 2026-09-26. Patient identification/procedure matching and communication needs are supported. Patient-facing wording remains subject to consumer/usability testing.,https://www.anzca.edu.au/getcontentasset/d4eb4cab-69e6-4228-8568-bbc911c6c505/80feb437-d24d-46b8-a858-4a2a28b9b970/pg07-pre-anaesthesia-consultation-2024.pdf?download=1&language=en; https://www.safetyandquality.gov.au/national-standards/nsqhs-standards/partnering-consumers-standard; https://www.safetyandquality.gov.au/national-standards/nsqhs-standards/communicating-safety-standard; https://pubmed.ncbi.nlm.nih.gov/19283313/
CTX-011,"Patient, procedure and communication",Interpreter required,Interpreter required,M0,All patients,Would you prefer to have an interpreter for this conversation?,Use plain-language synonyms and examples if the patient is unsure.,boolean,"If yes, identify preferred language and route to an accredited interpreter workflow; do not rely on family as interpreter for material clinical communication unless emergency/local policy permits.",Explicit patient denial or authoritative source documenting absence.,Record PATIENT_UNSURE/NOT_KNOWN; do not convert to negative. Seek corroborating source where clinically important.,None,Review as part of completed assessment.,None: do not infer a diagnosis or negative finding.,,Patient report; corroborate with EMR/previous anaesthetic/medication record where available.,ANZCA PG07 (2024); ACSQHC Partnering with Consumers and Communicating for Safety Standards; Ahmadian core dataset,A/D,1.0.1,Domain validated 2026-09-26. Patient identification/procedure matching and communication needs are supported. Patient-facing wording remains subject to consumer/usability testing.,https://www.anzca.edu.au/getcontentasset/d4eb4cab-69e6-4228-8568-bbc911c6c505/80feb437-d24d-46b8-a858-4a2a28b9b970/pg07-pre-anaesthesia-consultation-2024.pdf?download=1&language=en; https://www.safetyandquality.gov.au/national-standards/nsqhs-standards/partnering-consumers-standard; https://www.safetyandquality.gov.au/national-standards/nsqhs-standards/communicating-safety-standard; https://pubmed.ncbi.nlm.nih.gov/19283313/
CTX-012,"Patient, procedure and communication",Preferred language,Preferred language,M0,All patients,What language would you prefer us to use?,Use plain-language synonyms and examples if the patient is unsure.,text,"Use preferred language where supported; if language proficiency is insufficient for safe assessment, route to accredited interpreter workflow.",Not applicable; capture value or explicit unknown.,Record PATIENT_UNSURE/NOT_KNOWN; do not convert to negative. Seek corroborating source where clinically important.,None,Review as part of completed assessment.,None: do not infer a diagnosis or negative finding.,,Patient report; corroborate with EMR/previous anaesthetic/medication record where available.,ANZCA PG07 (2024); ACSQHC Partnering with Consumers and Communicating for Safety Standards; Ahmadian core dataset,A/D,1.0.1,Domain validated 2026-09-26. Patient identification/procedure matching and communication needs are supported. Patient-facing wording remains subject to consumer/usability testing.,https://www.anzca.edu.au/getcontentasset/d4eb4cab-69e6-4228-8568-bbc911c6c505/80feb437-d24d-46b8-a858-4a2a28b9b970/pg07-pre-anaesthesia-consultation-2024.pdf?download=1&language=en; https://www.safetyandquality.gov.au/national-standards/nsqhs-standards/partnering-consumers-standard; https://www.safetyandquality.gov.au/national-standards/nsqhs-standards/communicating-safety-standard; https://pubmed.ncbi.nlm.nih.gov/19283313/
CTX-013,"Patient, procedure and communication",Hearing needs,Hearing needs,M0,All patients,Do you have difficulty hearing or use hearing aids?,Use plain-language synonyms and examples if the patient is unsure.,boolean,"Clarify hearing aids, lip-reading or other communication supports and ensure the interaction modality is usable.",Explicit patient denial or authoritative source documenting absence.,Record PATIENT_UNSURE/NOT_KNOWN; do not convert to negative. Seek corroborating source where clinically important.,None,Review as part of completed assessment.,None: do not infer a diagnosis or negative finding.,,Patient report; corroborate with EMR/previous anaesthetic/medication record where available.,ANZCA PG07 (2024); ACSQHC Partnering with Consumers and Communicating for Safety Standards; Ahmadian core dataset,A/D,1.0.1,Domain validated 2026-09-26. Patient identification/procedure matching and communication needs are supported. Patient-facing wording remains subject to consumer/usability testing.,https://www.anzca.edu.au/getcontentasset/d4eb4cab-69e6-4228-8568-bbc911c6c505/80feb437-d24d-46b8-a858-4a2a28b9b970/pg07-pre-anaesthesia-consultation-2024.pdf?download=1&language=en; https://www.safetyandquality.gov.au/national-standards/nsqhs-standards/partnering-consumers-standard; https://www.safetyandquality.gov.au/national-standards/nsqhs-standards/communicating-safety-standard; https://pubmed.ncbi.nlm.nih.gov/19283313/
CTX-014,"Patient, procedure and communication",Vision needs,Vision needs,M0,All patients,Do you have difficulty seeing or use aids that are important for communication?,Use plain-language synonyms and examples if the patient is unsure.,boolean,Clarify visual aids or accessible-format needs and adapt the interface.,Explicit patient denial or authoritative source documenting absence.,Record PATIENT_UNSURE/NOT_KNOWN; do not convert to negative. Seek corroborating source where clinically important.,None,Review as part of completed assessment.,None: do not infer a diagnosis or negative finding.,,Patient report; corroborate with EMR/previous anaesthetic/medication record where available.,ANZCA PG07 (2024); ACSQHC Partnering with Consumers and Communicating for Safety Standards; Ahmadian core dataset,A/D,1.0.1,Domain validated 2026-09-26. Patient identification/procedure matching and communication needs are supported. Patient-facing wording remains subject to consumer/usability testing.,https://www.anzca.edu.au/getcontentasset/d4eb4cab-69e6-4228-8568-bbc911c6c505/80feb437-d24d-46b8-a858-4a2a28b9b970/pg07-pre-anaesthesia-consultation-2024.pdf?download=1&language=en; https://www.safetyandquality.gov.au/national-standards/nsqhs-standards/partnering-consumers-standard; https://www.safetyandquality.gov.au/national-standards/nsqhs-standards/communicating-safety-standard; https://pubmed.ncbi.nlm.nih.gov/19283313/
CTX-015,"Patient, procedure and communication",Communication/cognitive support,Communication/cognitive support,M0,All patients,Do you need any help understanding or answering health questions?,Use plain-language synonyms and examples if the patient is unsure.,boolean,"Clarify whether a support person, substitute decision-maker or alternative assessment pathway is needed; do not infer incapacity.",Explicit patient denial or authoritative source documenting absence.,Record PATIENT_UNSURE/NOT_KNOWN; do not convert to negative. Seek corroborating source where clinically important.,AMBER: clinician review/optimisation if positive or unresolved.,"Required if positive, conflicting or clinically material.",None: do not infer a diagnosis or negative finding.,,Patient report; corroborate with EMR/previous anaesthetic/medication record where available.,ANZCA PG07 (2024); ACSQHC Partnering with Consumers and Communicating for Safety Standards; Ahmadian core dataset,A/D,1.0.1,Domain validated 2026-09-26. Patient identification/procedure matching and communication needs are supported. Patient-facing wording remains subject to consumer/usability testing.,https://www.anzca.edu.au/getcontentasset/d4eb4cab-69e6-4228-8568-bbc911c6c505/80feb437-d24d-46b8-a858-4a2a28b9b970/pg07-pre-anaesthesia-consultation-2024.pdf?download=1&language=en; https://www.safetyandquality.gov.au/national-standards/nsqhs-standards/partnering-consumers-standard; https://www.safetyandquality.gov.au/national-standards/nsqhs-standards/communicating-safety-standard; https://pubmed.ncbi.nlm.nih.gov/19283313/
CTX-016,"Patient, procedure and communication",Accessibility needs,Accessibility needs,M0,All patients,Is there anything we can do to make this assessment easier or more accessible for you?,Use plain-language synonyms and examples if the patient is unsure.,text,Record requested accessibility adjustment and ensure an alternative pathway is available if the digital conversation cannot meet the need.,Not applicable; capture value or explicit unknown.,Record PATIENT_UNSURE/NOT_KNOWN; do not convert to negative. Seek corroborating source where clinically important.,None,Review as part of completed assessment.,None: do not infer a diagnosis or negative finding.,,Patient report; corroborate with EMR/previous anaesthetic/medication record where available.,ANZCA PG07 (2024); ACSQHC Partnering with Consumers and Communicating for Safety Standards; Ahmadian core dataset,A/D,1.0.1,Domain validated 2026-09-26. Patient identification/procedure matching and communication needs are supported. Patient-facing wording remains subject to consumer/usability testing.,https://www.anzca.edu.au/getcontentasset/d4eb4cab-69e6-4228-8568-bbc911c6c505/80feb437-d24d-46b8-a858-4a2a28b9b970/pg07-pre-anaesthesia-consultation-2024.pdf?download=1&language=en; https://www.safetyandquality.gov.au/national-standards/nsqhs-standards/partnering-consumers-standard; https://www.safetyandquality.gov.au/national-standards/nsqhs-standards/communicating-safety-standard; https://pubmed.ncbi.nlm.nih.gov/19283313/
CTX-017,"Patient, procedure and communication",Patient initial concern,Patient initial concern,M0,All patients,"Before we start, is there anything about your health or previous anaesthetics that you think is particularly important?",Use plain-language synonyms and examples if the patient is unsure.,text,Clarify if incomplete or ambiguous.,Not applicable; capture value or explicit unknown.,Record PATIENT_UNSURE/NOT_KNOWN; do not convert to negative. Seek corroborating source where clinically important.,None,Review as part of completed assessment.,None: do not infer a diagnosis or negative finding.,,Patient report; corroborate with EMR/previous anaesthetic/medication record where available.,ANZCA PG07 (2024); ACSQHC Partnering with Consumers and Communicating for Safety Standards; Ahmadian core dataset,A/D,1.0.1,Domain validated 2026-09-26. Patient identification/procedure matching and communication needs are supported. Patient-facing wording remains subject to consumer/usability testing.,https://www.anzca.edu.au/getcontentasset/d4eb4cab-69e6-4228-8568-bbc911c6c505/80feb437-d24d-46b8-a858-4a2a28b9b970/pg07-pre-anaesthesia-consultation-2024.pdf?download=1&language=en; https://www.safetyandquality.gov.au/national-standards/nsqhs-standards/partnering-consumers-standard; https://www.safetyandquality.gov.au/national-standards/nsqhs-standards/communicating-safety-standard; https://pubmed.ncbi.nlm.nih.gov/19283313/
CUR-001,Current health and recent change,Current health status,Current health status,M0,All patients,How would you describe your health at the moment?,Use plain-language synonyms and examples if the patient is unsure.,text,Clarify if incomplete or ambiguous.,Not applicable; capture value or explicit unknown.,Record PATIENT_UNSURE/NOT_KNOWN; do not convert to negative. Seek corroborating source where clinically important.,None,Review as part of completed assessment.,None: do not infer a diagnosis or negative finding.,,Patient report; corroborate with EMR/previous anaesthetic/medication record where available.,ANZCA PG07 (2024); RCoA GPAS Chapter 2 (2025); Canadian Guidelines to the Practice of Anesthesia,A/B,1.0.1,Domain validated 2026-09-26. Current and recent change matters because preoperative information can become stale and clinically significant deterioration should trigger reassessment.,https://www.anzca.edu.au/getcontentasset/d4eb4cab-69e6-4228-8568-bbc911c6c505/80feb437-d24d-46b8-a858-4a2a28b9b970/pg07-pre-anaesthesia-consultation-2024.pdf?download=1&language=en; https://www.rcoa.ac.uk/gpas/chapter-2; https://pmc.ncbi.nlm.nih.gov/articles/PMC7781179/
CUR-002,Current health and recent change,Recent deterioration,Recent deterioration,M0,All patients,Has your health become worse recently?,Use plain-language synonyms and examples if the patient is unsure.,boolean,"Clarify timing, severity, current status, treatment and relevant records if positive.",Explicit patient denial or authoritative source documenting absence.,Record PATIENT_UNSURE/NOT_KNOWN; do not convert to negative. Seek corroborating source where clinically important.,New or significant deterioration in health: prompt clinician review; urgency depends on symptom and procedure.,"Required if positive, conflicting or clinically material.",None: do not infer a diagnosis or negative finding.,,Patient report; corroborate with EMR/previous anaesthetic/medication record where available.,ANZCA PG07 (2024); RCoA GPAS Chapter 2 (2025); Canadian Guidelines to the Practice of Anesthesia,A/B,1.0.1,Domain validated 2026-09-26. Current and recent change matters because preoperative information can become stale and clinically significant deterioration should trigger reassessment.,https://www.anzca.edu.au/getcontentasset/d4eb4cab-69e6-4228-8568-bbc911c6c505/80feb437-d24d-46b8-a858-4a2a28b9b970/pg07-pre-anaesthesia-consultation-2024.pdf?download=1&language=en; https://www.rcoa.ac.uk/gpas/chapter-2; https://pmc.ncbi.nlm.nih.gov/articles/PMC7781179/
CUR-003,Current health and recent change,Recent hospital admission,Recent hospital admission,M0,All patients,Have you been admitted to hospital recently?,Use plain-language synonyms and examples if the patient is unsure.,boolean,"Clarify timing, severity, current status, treatment and relevant records if positive.",Explicit patient denial or authoritative source documenting absence.,Record PATIENT_UNSURE/NOT_KNOWN; do not convert to negative. Seek corroborating source where clinically important.,None,Review as part of completed assessment.,None: do not infer a diagnosis or negative finding.,,Patient report; corroborate with EMR/previous anaesthetic/medication record where available.,ANZCA PG07 (2024); RCoA GPAS Chapter 2 (2025); Canadian Guidelines to the Practice of Anesthesia,A/B,1.0.1,Domain validated 2026-09-26. Current and recent change matters because preoperative information can become stale and clinically significant deterioration should trigger reassessment.,https://www.anzca.edu.au/getcontentasset/d4eb4cab-69e6-4228-8568-bbc911c6c505/80feb437-d24d-46b8-a858-4a2a28b9b970/pg07-pre-anaesthesia-consultation-2024.pdf?download=1&language=en; https://www.rcoa.ac.uk/gpas/chapter-2; https://pmc.ncbi.nlm.nih.gov/articles/PMC7781179/
CUR-004,Current health and recent change,Recent ED presentation,Recent ED presentation,M0,All patients,Have you needed emergency care recently?,Use plain-language synonyms and examples if the patient is unsure.,boolean,"Clarify timing, severity, current status, treatment and relevant records if positive.",Explicit patient denial or authoritative source documenting absence.,Record PATIENT_UNSURE/NOT_KNOWN; do not convert to negative. Seek corroborating source where clinically important.,None,Review as part of completed assessment.,None: do not infer a diagnosis or negative finding.,,Patient report; corroborate with EMR/previous anaesthetic/medication record where available.,ANZCA PG07 (2024); RCoA GPAS Chapter 2 (2025); Canadian Guidelines to the Practice of Anesthesia,A/B,1.0.1,Domain validated 2026-09-26. Current and recent change matters because preoperative information can become stale and clinically significant deterioration should trigger reassessment.,https://www.anzca.edu.au/getcontentasset/d4eb4cab-69e6-4228-8568-bbc911c6c505/80feb437-d24d-46b8-a858-4a2a28b9b970/pg07-pre-anaesthesia-consultation-2024.pdf?download=1&language=en; https://www.rcoa.ac.uk/gpas/chapter-2; https://pmc.ncbi.nlm.nih.gov/articles/PMC7781179/
CUR-005,Current health and recent change,Current infection,Current infection,M0,All patients,Do you currently have an infection or are you taking antibiotics for one?,Use plain-language synonyms and examples if the patient is unsure.,boolean,"Clarify timing, severity, current status, treatment and relevant records if positive.",Explicit patient denial or authoritative source documenting absence.,Record PATIENT_UNSURE/NOT_KNOWN; do not convert to negative. Seek corroborating source where clinically important.,"Current systemic infection, sepsis features or infection relevant to planned surgery: prompt clinician review.","Required if positive, conflicting or clinically material.",None: do not infer a diagnosis or negative finding.,,Patient report; corroborate with EMR/previous anaesthetic/medication record where available.,ANZCA PG07 (2024); RCoA GPAS Chapter 2 (2025); Canadian Guidelines to the Practice of Anesthesia,A/B,1.0.1,Domain validated 2026-09-26. Current and recent change matters because preoperative information can become stale and clinically significant deterioration should trigger reassessment.,https://www.anzca.edu.au/getcontentasset/d4eb4cab-69e6-4228-8568-bbc911c6c505/80feb437-d24d-46b8-a858-4a2a28b9b970/pg07-pre-anaesthesia-consultation-2024.pdf?download=1&language=en; https://www.rcoa.ac.uk/gpas/chapter-2; https://pmc.ncbi.nlm.nih.gov/articles/PMC7781179/
CUR-006,Current health and recent change,Recent fever,Recent fever,C1,Positive or relevant upstream response,Have you had a fever recently?,Use plain-language synonyms and examples if the patient is unsure.,boolean,"Clarify timing, severity, current status, treatment and relevant records if positive.",Explicit patient denial or authoritative source documenting absence.,Record PATIENT_UNSURE/NOT_KNOWN; do not convert to negative. Seek corroborating source where clinically important.,None,"Required if positive, conflicting or clinically material.",None: do not infer a diagnosis or negative finding.,,Patient report; corroborate with EMR/previous anaesthetic/medication record where available.,ANZCA PG07 (2024); RCoA GPAS Chapter 2 (2025); Canadian Guidelines to the Practice of Anesthesia,A/B,1.0.1,Domain validated 2026-09-26. Current and recent change matters because preoperative information can become stale and clinically significant deterioration should trigger reassessment.,https://www.anzca.edu.au/getcontentasset/d4eb4cab-69e6-4228-8568-bbc911c6c505/80feb437-d24d-46b8-a858-4a2a28b9b970/pg07-pre-anaesthesia-consultation-2024.pdf?download=1&language=en; https://www.rcoa.ac.uk/gpas/chapter-2; https://pmc.ncbi.nlm.nih.gov/articles/PMC7781179/
CUR-007,Current health and recent change,Recent respiratory infection,Recent respiratory infection,M0,All patients,"Have you had a cold, flu, COVID or chest infection recently?",Use plain-language synonyms and examples if the patient is unsure.,boolean,"Clarify timing, severity, current status, treatment and relevant records if positive.",Explicit patient denial or authoritative source documenting absence.,Record PATIENT_UNSURE/NOT_KNOWN; do not convert to negative. Seek corroborating source where clinically important.,Active or significant recent respiratory infection with ongoing symptoms: clinician review; apply current local/procedure-specific timing guidance.,Review as part of completed assessment.,None: do not infer a diagnosis or negative finding.,,Patient report; corroborate with EMR/previous anaesthetic/medication record where available.,ANZCA PG07 (2024); RCoA GPAS Chapter 2 (2025); Canadian Guidelines to the Practice of Anesthesia,A/B,1.0.1,Domain validated 2026-09-26. Current and recent change matters because preoperative information can become stale and clinically significant deterioration should trigger reassessment.,https://www.anzca.edu.au/getcontentasset/d4eb4cab-69e6-4228-8568-bbc911c6c505/80feb437-d24d-46b8-a858-4a2a28b9b970/pg07-pre-anaesthesia-consultation-2024.pdf?download=1&language=en; https://www.rcoa.ac.uk/gpas/chapter-2; https://pmc.ncbi.nlm.nih.gov/articles/PMC7781179/
CUR-008,Current health and recent change,Recent COVID-19,Recent COVID-19,C1,"Recent respiratory infection, positive test or patient-reported COVID-19",Have you had COVID-19 recently?,Use plain-language synonyms and examples if the patient is unsure.,boolean,"Clarify timing, severity, current status, treatment and relevant records if positive.",Explicit patient denial or authoritative source documenting absence.,Record PATIENT_UNSURE/NOT_KNOWN; do not convert to negative. Seek corroborating source where clinically important.,None,"Required if positive, conflicting or clinically material.",None: do not infer a diagnosis or negative finding.,,Patient report; corroborate with EMR/previous anaesthetic/medication record where available.,Contemporary multidisciplinary perioperative SARS-CoV-2 guidance; RCoA GPAS,B,1.0.1,Domain validated 2026-09-26. Do not maintain a fixed postponement interval in the dataset; timing guidance is version-sensitive and belongs in the rules/knowledge layer.,https://pubmed.ncbi.nlm.nih.gov/37337416/; https://www.rcoa.ac.uk/gpas/chapter-2
CUR-009,Current health and recent change,Recent influenza,Recent influenza,C1,Recent respiratory infection or influenza-like illness,Have you had influenza recently?,Use plain-language synonyms and examples if the patient is unsure.,boolean,"Clarify timing, severity, current status, treatment and relevant records if positive.",Explicit patient denial or authoritative source documenting absence.,Record PATIENT_UNSURE/NOT_KNOWN; do not convert to negative. Seek corroborating source where clinically important.,None,"Required if positive, conflicting or clinically material.",None: do not infer a diagnosis or negative finding.,,Patient report; corroborate with EMR/previous anaesthetic/medication record where available.,ANZCA PG07 (2024); RCoA GPAS Chapter 2 (2025); Canadian Guidelines to the Practice of Anesthesia,A/B,1.0.1,Domain validated 2026-09-26. Current and recent change matters because preoperative information can become stale and clinically significant deterioration should trigger reassessment.,https://www.anzca.edu.au/getcontentasset/d4eb4cab-69e6-4228-8568-bbc911c6c505/80feb437-d24d-46b8-a858-4a2a28b9b970/pg07-pre-anaesthesia-consultation-2024.pdf?download=1&language=en; https://www.rcoa.ac.uk/gpas/chapter-2; https://pmc.ncbi.nlm.nih.gov/articles/PMC7781179/
CUR-010,Current health and recent change,New unexplained symptoms,New unexplained symptoms,M0,All patients,Have you developed any new symptoms that have not yet been assessed?,Use plain-language synonyms and examples if the patient is unsure.,boolean,"Clarify timing, severity, current status, treatment and relevant records if positive.",Explicit patient denial or authoritative source documenting absence.,Record PATIENT_UNSURE/NOT_KNOWN; do not convert to negative. Seek corroborating source where clinically important.,"New unexplained symptom that could represent active cardiopulmonary, neurological, infectious or other unstable disease: clinician review.",Review as part of completed assessment.,None: do not infer a diagnosis or negative finding.,,Patient report; corroborate with EMR/previous anaesthetic/medication record where available.,ANZCA PG07 (2024); RCoA GPAS Chapter 2 (2025); Canadian Guidelines to the Practice of Anesthesia,A/B,1.0.1,Domain validated 2026-09-26. Current and recent change matters because preoperative information can become stale and clinically significant deterioration should trigger reassessment.,https://www.anzca.edu.au/getcontentasset/d4eb4cab-69e6-4228-8568-bbc911c6c505/80feb437-d24d-46b8-a858-4a2a28b9b970/pg07-pre-anaesthesia-consultation-2024.pdf?download=1&language=en; https://www.rcoa.ac.uk/gpas/chapter-2; https://pmc.ncbi.nlm.nih.gov/articles/PMC7781179/
CUR-011,Current health and recent change,Recent medication change,Recent medication change,M1,All patients with regular medicines or recent treatment,Have any of your regular medicines changed recently?,Use plain-language synonyms and examples if the patient is unsure.,boolean,"Clarify timing, severity, current status, treatment and relevant records if positive.",Explicit patient denial or authoritative source documenting absence.,Record PATIENT_UNSURE/NOT_KNOWN; do not convert to negative. Seek corroborating source where clinically important.,None,Review as part of completed assessment.,None: do not infer a diagnosis or negative finding.,,Patient report; corroborate with EMR/previous anaesthetic/medication record where available.,ANZCA PG07 (2024); RCoA GPAS Chapter 2 (2025); Canadian Guidelines to the Practice of Anesthesia,A/B,1.0.1,Domain validated 2026-09-26. Detailed medication changes are reconciled in MED domain; this concept acts as a recent-change screen.,https://www.anzca.edu.au/getcontentasset/d4eb4cab-69e6-4228-8568-bbc911c6c505/80feb437-d24d-46b8-a858-4a2a28b9b970/pg07-pre-anaesthesia-consultation-2024.pdf?download=1&language=en; https://www.rcoa.ac.uk/gpas/chapter-2; https://pmc.ncbi.nlm.nih.gov/articles/PMC7781179/
CUR-012,Current health and recent change,Recent new diagnosis,Recent new diagnosis,M0,All patients,Have you been given any new medical diagnosis recently?,Use plain-language synonyms and examples if the patient is unsure.,boolean,"Clarify timing, severity, current status, treatment and relevant records if positive.",Explicit patient denial or authoritative source documenting absence.,Record PATIENT_UNSURE/NOT_KNOWN; do not convert to negative. Seek corroborating source where clinically important.,None,Review as part of completed assessment.,None: do not infer a diagnosis or negative finding.,,Patient report; corroborate with EMR/previous anaesthetic/medication record where available.,ANZCA PG07 (2024); RCoA GPAS Chapter 2 (2025); Canadian Guidelines to the Practice of Anesthesia,A/B,1.0.1,Domain validated 2026-09-26. Current and recent change matters because preoperative information can become stale and clinically significant deterioration should trigger reassessment.,https://www.anzca.edu.au/getcontentasset/d4eb4cab-69e6-4228-8568-bbc911c6c505/80feb437-d24d-46b8-a858-4a2a28b9b970/pg07-pre-anaesthesia-consultation-2024.pdf?download=1&language=en; https://www.rcoa.ac.uk/gpas/chapter-2; https://pmc.ncbi.nlm.nih.gov/articles/PMC7781179/
CUR-013,Current health and recent change,Recent surgery/procedure,Recent surgery/procedure,M1,"If a recent procedure could affect current physiology, recovery, infection risk or medication plan",Have you had another operation or procedure recently?,Use plain-language synonyms and examples if the patient is unsure.,boolean,"Clarify timing, severity, current status, treatment and relevant records if positive.",Explicit patient denial or authoritative source documenting absence.,Record PATIENT_UNSURE/NOT_KNOWN; do not convert to negative. Seek corroborating source where clinically important.,None,Review as part of completed assessment.,None: do not infer a diagnosis or negative finding.,,Patient report; corroborate with EMR/previous anaesthetic/medication record where available.,ANZCA PG07 (2024); RCoA GPAS Chapter 2 (2025); Canadian Guidelines to the Practice of Anesthesia,A/B,1.0.1,Domain validated 2026-09-26. Current and recent change matters because preoperative information can become stale and clinically significant deterioration should trigger reassessment.,https://www.anzca.edu.au/getcontentasset/d4eb4cab-69e6-4228-8568-bbc911c6c505/80feb437-d24d-46b8-a858-4a2a28b9b970/pg07-pre-anaesthesia-consultation-2024.pdf?download=1&language=en; https://www.rcoa.ac.uk/gpas/chapter-2; https://pmc.ncbi.nlm.nih.gov/articles/PMC7781179/
CUR-014,Current health and recent change,Current wounds/skin infection,Current wounds/skin infection,C2,"Procedure/site-specific infection relevance, prosthetic/implant surgery or patient reports wound/skin problem","Do you have any current wounds, ulcers or skin infections?",Use plain-language synonyms and examples if the patient is unsure.,boolean,"Clarify timing, severity, current status, treatment and relevant records if positive.",Explicit patient denial or authoritative source documenting absence.,Record PATIENT_UNSURE/NOT_KNOWN; do not convert to negative. Seek corroborating source where clinically important.,None,"Required if positive, conflicting or clinically material.",None: do not infer a diagnosis or negative finding.,,Patient report; corroborate with EMR/previous anaesthetic/medication record where available.,ANZCA PG07 (2024); RCoA GPAS Chapter 2 (2025); Canadian Guidelines to the Practice of Anesthesia,A/B,1.0.1,Domain validated 2026-09-26. Current and recent change matters because preoperative information can become stale and clinically significant deterioration should trigger reassessment.,https://www.anzca.edu.au/getcontentasset/d4eb4cab-69e6-4228-8568-bbc911c6c505/80feb437-d24d-46b8-a858-4a2a28b9b970/pg07-pre-anaesthesia-consultation-2024.pdf?download=1&language=en; https://www.rcoa.ac.uk/gpas/chapter-2; https://pmc.ncbi.nlm.nih.gov/articles/PMC7781179/
CARD-001,Cardiovascular,Hypertension,Hypertension,M0,All patients,Have you ever been told you have high blood pressure?,Use plain-language synonyms and examples if the patient is unsure.,boolean,"Clarify timing, severity, current status, treatment and relevant records if positive.",Explicit patient denial or authoritative source documenting absence.,Record PATIENT_UNSURE/NOT_KNOWN; do not convert to negative. Seek corroborating source where clinically important.,None,Review as part of completed assessment.,None: do not infer a diagnosis or negative finding.,RCRI/cardiovascular risk inputs where applicable,Patient report; corroborate with EMR/previous anaesthetic/medication record where available.,2024 AHA/ACC multisociety perioperative cardiovascular guideline; 2022 ESC non-cardiac surgery guideline; ANZCA PG07,A/B,1.0.1,"Domain validated 2026-09-26. Resolve established CVD, major cardiovascular risk factors and active/new cardiovascular symptoms. Disease presence and current stability are separate concepts.",https://www.ahajournals.org/doi/full/10.1161/CIR.0000000000001285; https://academic.oup.com/eurheartj/article/43/39/3826/6675076; https://www.anzca.edu.au/getcontentasset/d4eb4cab-69e6-4228-8568-bbc911c6c505/80feb437-d24d-46b8-a858-4a2a28b9b970/pg07-pre-anaesthesia-consultation-2024.pdf?download=1&language=en
CARD-002,Cardiovascular,Ischaemic heart disease,Ischaemic heart disease,M0,All patients,Have you ever been told you have coronary or ischaemic heart disease?,Use plain-language synonyms and examples if the patient is unsure.,boolean,"Clarify timing, severity, current status, treatment and relevant records if positive.",Explicit patient denial or authoritative source documenting absence.,Record PATIENT_UNSURE/NOT_KNOWN; do not convert to negative. Seek corroborating source where clinically important.,None,Review as part of completed assessment.,None: do not infer a diagnosis or negative finding.,RCRI/cardiovascular risk inputs where applicable,Patient report; corroborate with EMR/previous anaesthetic/medication record where available.,2024 AHA/ACC multisociety perioperative cardiovascular guideline; 2022 ESC non-cardiac surgery guideline; ANZCA PG07,A/B,1.0.1,"Domain validated 2026-09-26. Resolve established CVD, major cardiovascular risk factors and active/new cardiovascular symptoms. Disease presence and current stability are separate concepts.",https://www.ahajournals.org/doi/full/10.1161/CIR.0000000000001285; https://academic.oup.com/eurheartj/article/43/39/3826/6675076; https://www.anzca.edu.au/getcontentasset/d4eb4cab-69e6-4228-8568-bbc911c6c505/80feb437-d24d-46b8-a858-4a2a28b9b970/pg07-pre-anaesthesia-consultation-2024.pdf?download=1&language=en
CARD-003,Cardiovascular,Myocardial infarction,Myocardial infarction,M0,All patients,Have you ever had a heart attack?,Use plain-language synonyms and examples if the patient is unsure.,boolean,"Clarify timing, severity, current status, treatment and relevant records if positive.",Explicit patient denial or authoritative source documenting absence.,Record PATIENT_UNSURE/NOT_KNOWN; do not convert to negative. Seek corroborating source where clinically important.,None,Review as part of completed assessment.,None: do not infer a diagnosis or negative finding.,RCRI/cardiovascular risk inputs where applicable,Patient report; corroborate with EMR/previous anaesthetic/medication record where available.,2024 AHA/ACC multisociety perioperative cardiovascular guideline; 2022 ESC non-cardiac surgery guideline; ANZCA PG07,A/B,1.0.1,"Domain validated 2026-09-26. Resolve established CVD, major cardiovascular risk factors and active/new cardiovascular symptoms. Disease presence and current stability are separate concepts.",https://www.ahajournals.org/doi/full/10.1161/CIR.0000000000001285; https://academic.oup.com/eurheartj/article/43/39/3826/6675076; https://www.anzca.edu.au/getcontentasset/d4eb4cab-69e6-4228-8568-bbc911c6c505/80feb437-d24d-46b8-a858-4a2a28b9b970/pg07-pre-anaesthesia-consultation-2024.pdf?download=1&language=en
CARD-004,Cardiovascular,Angina,Angina,M0,All patients,Have you ever been diagnosed with angina?,Use plain-language synonyms and examples if the patient is unsure.,boolean,"Clarify timing, severity, current status, treatment and relevant records if positive.",Explicit patient denial or authoritative source documenting absence.,Record PATIENT_UNSURE/NOT_KNOWN; do not convert to negative. Seek corroborating source where clinically important.,None,Review as part of completed assessment.,None: do not infer a diagnosis or negative finding.,RCRI/cardiovascular risk inputs where applicable,Patient report; corroborate with EMR/previous anaesthetic/medication record where available.,2024 AHA/ACC multisociety perioperative cardiovascular guideline; 2022 ESC non-cardiac surgery guideline; ANZCA PG07,A/B,1.0.1,"Domain validated 2026-09-26. Resolve established CVD, major cardiovascular risk factors and active/new cardiovascular symptoms. Disease presence and current stability are separate concepts.",https://www.ahajournals.org/doi/full/10.1161/CIR.0000000000001285; https://academic.oup.com/eurheartj/article/43/39/3826/6675076; https://www.anzca.edu.au/getcontentasset/d4eb4cab-69e6-4228-8568-bbc911c6c505/80feb437-d24d-46b8-a858-4a2a28b9b970/pg07-pre-anaesthesia-consultation-2024.pdf?download=1&language=en
CARD-005,Cardiovascular,Current chest pain,Current chest pain,M0,All patients,Do you have chest pain or pressure now or with activity?,Use plain-language synonyms and examples if the patient is unsure.,boolean,"Clarify timing, severity, current status, treatment and relevant records if positive.",Explicit patient denial or authoritative source documenting absence.,Record PATIENT_UNSURE/NOT_KNOWN; do not convert to negative. Seek corroborating source where clinically important.,Current or new chest pain/pressure suggestive of myocardial ischaemia or acute cardiovascular disease: urgent clinician assessment; emergency response if severe/ongoing or associated with instability.,Mandatory clinician review if positive or uncertain.,None: do not infer a diagnosis or negative finding.,RCRI/cardiovascular risk inputs where applicable,Patient report; corroborate with EMR/previous anaesthetic/medication record where available.,2024 AHA/ACC multisociety perioperative cardiovascular guideline; 2022 ESC non-cardiac surgery guideline; ANZCA PG07,A/B,1.0.1,"Domain validated 2026-09-26. Resolve established CVD, major cardiovascular risk factors and active/new cardiovascular symptoms. Disease presence and current stability are separate concepts.",https://www.ahajournals.org/doi/full/10.1161/CIR.0000000000001285; https://academic.oup.com/eurheartj/article/43/39/3826/6675076; https://www.anzca.edu.au/getcontentasset/d4eb4cab-69e6-4228-8568-bbc911c6c505/80feb437-d24d-46b8-a858-4a2a28b9b970/pg07-pre-anaesthesia-consultation-2024.pdf?download=1&language=en
CARD-006,Cardiovascular,Coronary stent,Coronary stent,C1,Positive or relevant upstream response,Have you ever had a coronary stent?,Use plain-language synonyms and examples if the patient is unsure.,boolean,"Clarify timing, severity, current status, treatment and relevant records if positive.",Explicit patient denial or authoritative source documenting absence.,Record PATIENT_UNSURE/NOT_KNOWN; do not convert to negative. Seek corroborating source where clinically important.,AMBER: clinician review/optimisation if positive or unresolved.,"Required if positive, conflicting or clinically material.",None: do not infer a diagnosis or negative finding.,RCRI/cardiovascular risk inputs where applicable,Patient report; corroborate with EMR/previous anaesthetic/medication record where available.,2024 AHA/ACC multisociety perioperative cardiovascular guideline; 2022 ESC non-cardiac surgery guideline; ANZCA PG07,A/B,1.0.1,"Domain validated 2026-09-26. Resolve established CVD, major cardiovascular risk factors and active/new cardiovascular symptoms. Disease presence and current stability are separate concepts.",https://www.ahajournals.org/doi/full/10.1161/CIR.0000000000001285; https://academic.oup.com/eurheartj/article/43/39/3826/6675076; https://www.anzca.edu.au/getcontentasset/d4eb4cab-69e6-4228-8568-bbc911c6c505/80feb437-d24d-46b8-a858-4a2a28b9b970/pg07-pre-anaesthesia-consultation-2024.pdf?download=1&language=en
CARD-007,Cardiovascular,CABG,CABG,C1,Positive or relevant upstream response,Have you ever had bypass surgery on your heart?,Use plain-language synonyms and examples if the patient is unsure.,boolean,"Clarify timing, severity, current status, treatment and relevant records if positive.",Explicit patient denial or authoritative source documenting absence.,Record PATIENT_UNSURE/NOT_KNOWN; do not convert to negative. Seek corroborating source where clinically important.,None,"Required if positive, conflicting or clinically material.",None: do not infer a diagnosis or negative finding.,RCRI/cardiovascular risk inputs where applicable,Patient report; corroborate with EMR/previous anaesthetic/medication record where available.,2024 AHA/ACC multisociety perioperative cardiovascular guideline; 2022 ESC non-cardiac surgery guideline; ANZCA PG07,A/B,1.0.1,"Domain validated 2026-09-26. Resolve established CVD, major cardiovascular risk factors and active/new cardiovascular symptoms. Disease presence and current stability are separate concepts.",https://www.ahajournals.org/doi/full/10.1161/CIR.0000000000001285; https://academic.oup.com/eurheartj/article/43/39/3826/6675076; https://www.anzca.edu.au/getcontentasset/d4eb4cab-69e6-4228-8568-bbc911c6c505/80feb437-d24d-46b8-a858-4a2a28b9b970/pg07-pre-anaesthesia-consultation-2024.pdf?download=1&language=en
CARD-008,Cardiovascular,Heart failure,Heart failure,M0,All patients,Have you ever been told you have heart failure or a weak heart?,Use plain-language synonyms and examples if the patient is unsure.,boolean,"Clarify current symptoms/signs, recent decompensation/admission, known LVEF/echo if available and treatment; active symptoms carry higher perioperative risk than compensated history.",Explicit patient denial or authoritative source documenting absence.,Record PATIENT_UNSURE/NOT_KNOWN; do not convert to negative. Seek corroborating source where clinically important.,AMBER: clinician review/optimisation if positive or unresolved.,"Required if positive, conflicting or clinically material.",None: do not infer a diagnosis or negative finding.,RCRI/cardiovascular risk inputs where applicable,Patient report; corroborate with EMR/previous anaesthetic/medication record where available.,2024 AHA/ACC multisociety perioperative cardiovascular guideline; 2022 ESC non-cardiac surgery guideline; ANZCA PG07,A/B,1.0.1,"Domain validated 2026-09-26. Resolve established CVD, major cardiovascular risk factors and active/new cardiovascular symptoms. Disease presence and current stability are separate concepts.",https://www.ahajournals.org/doi/full/10.1161/CIR.0000000000001285; https://academic.oup.com/eurheartj/article/43/39/3826/6675076; https://www.anzca.edu.au/getcontentasset/d4eb4cab-69e6-4228-8568-bbc911c6c505/80feb437-d24d-46b8-a858-4a2a28b9b970/pg07-pre-anaesthesia-consultation-2024.pdf?download=1&language=en
CARD-009,Cardiovascular,Cardiomyopathy,Cardiomyopathy,M0,All patients,Have you ever been told you have cardiomyopathy?,Use plain-language synonyms and examples if the patient is unsure.,boolean,"Clarify timing, severity, current status, treatment and relevant records if positive.",Explicit patient denial or authoritative source documenting absence.,Record PATIENT_UNSURE/NOT_KNOWN; do not convert to negative. Seek corroborating source where clinically important.,None,Review as part of completed assessment.,None: do not infer a diagnosis or negative finding.,RCRI/cardiovascular risk inputs where applicable,Patient report; corroborate with EMR/previous anaesthetic/medication record where available.,2024 AHA/ACC multisociety perioperative cardiovascular guideline; 2022 ESC non-cardiac surgery guideline; ANZCA PG07,A/B,1.0.1,"Domain validated 2026-09-26. Resolve established CVD, major cardiovascular risk factors and active/new cardiovascular symptoms. Disease presence and current stability are separate concepts.",https://www.ahajournals.org/doi/full/10.1161/CIR.0000000000001285; https://academic.oup.com/eurheartj/article/43/39/3826/6675076; https://www.anzca.edu.au/getcontentasset/d4eb4cab-69e6-4228-8568-bbc911c6c505/80feb437-d24d-46b8-a858-4a2a28b9b970/pg07-pre-anaesthesia-consultation-2024.pdf?download=1&language=en
CARD-010,Cardiovascular,Valvular disease,Valvular disease,M0,All patients,Have you ever been told you have a heart valve problem?,Use plain-language synonyms and examples if the patient is unsure.,boolean,"Clarify timing, severity, current status, treatment and relevant records if positive.",Explicit patient denial or authoritative source documenting absence.,Record PATIENT_UNSURE/NOT_KNOWN; do not convert to negative. Seek corroborating source where clinically important.,None,Review as part of completed assessment.,None: do not infer a diagnosis or negative finding.,RCRI/cardiovascular risk inputs where applicable,Patient report; corroborate with EMR/previous anaesthetic/medication record where available.,2024 AHA/ACC multisociety perioperative cardiovascular guideline; 2022 ESC non-cardiac surgery guideline; ANZCA PG07,A/B,1.0.1,"Domain validated 2026-09-26. Resolve established CVD, major cardiovascular risk factors and active/new cardiovascular symptoms. Disease presence and current stability are separate concepts.",https://www.ahajournals.org/doi/full/10.1161/CIR.0000000000001285; https://academic.oup.com/eurheartj/article/43/39/3826/6675076; https://www.anzca.edu.au/getcontentasset/d4eb4cab-69e6-4228-8568-bbc911c6c505/80feb437-d24d-46b8-a858-4a2a28b9b970/pg07-pre-anaesthesia-consultation-2024.pdf?download=1&language=en
CARD-011,Cardiovascular,Arrhythmia,Arrhythmia,M0,All patients,Have you ever been told you have an abnormal heart rhythm?,Use plain-language synonyms and examples if the patient is unsure.,boolean,"Clarify timing, severity, current status, treatment and relevant records if positive.",Explicit patient denial or authoritative source documenting absence.,Record PATIENT_UNSURE/NOT_KNOWN; do not convert to negative. Seek corroborating source where clinically important.,None,Review as part of completed assessment.,None: do not infer a diagnosis or negative finding.,RCRI/cardiovascular risk inputs where applicable,Patient report; corroborate with EMR/previous anaesthetic/medication record where available.,2024 AHA/ACC multisociety perioperative cardiovascular guideline; 2022 ESC non-cardiac surgery guideline; ANZCA PG07,A/B,1.0.1,"Domain validated 2026-09-26. Resolve established CVD, major cardiovascular risk factors and active/new cardiovascular symptoms. Disease presence and current stability are separate concepts.",https://www.ahajournals.org/doi/full/10.1161/CIR.0000000000001285; https://academic.oup.com/eurheartj/article/43/39/3826/6675076; https://www.anzca.edu.au/getcontentasset/d4eb4cab-69e6-4228-8568-bbc911c6c505/80feb437-d24d-46b8-a858-4a2a28b9b970/pg07-pre-anaesthesia-consultation-2024.pdf?download=1&language=en
CARD-012,Cardiovascular,Atrial fibrillation/flutter,Atrial fibrillation/flutter,C1,Positive or relevant upstream response,Have you ever had atrial fibrillation or flutter?,Use plain-language synonyms and examples if the patient is unsure.,boolean,"Clarify timing, severity, current status, treatment and relevant records if positive.",Explicit patient denial or authoritative source documenting absence.,Record PATIENT_UNSURE/NOT_KNOWN; do not convert to negative. Seek corroborating source where clinically important.,None,"Required if positive, conflicting or clinically material.",None: do not infer a diagnosis or negative finding.,RCRI/cardiovascular risk inputs where applicable,Patient report; corroborate with EMR/previous anaesthetic/medication record where available.,2024 AHA/ACC multisociety perioperative cardiovascular guideline; 2022 ESC non-cardiac surgery guideline; ANZCA PG07,A/B,1.0.1,"Domain validated 2026-09-26. Resolve established CVD, major cardiovascular risk factors and active/new cardiovascular symptoms. Disease presence and current stability are separate concepts.",https://www.ahajournals.org/doi/full/10.1161/CIR.0000000000001285; https://academic.oup.com/eurheartj/article/43/39/3826/6675076; https://www.anzca.edu.au/getcontentasset/d4eb4cab-69e6-4228-8568-bbc911c6c505/80feb437-d24d-46b8-a858-4a2a28b9b970/pg07-pre-anaesthesia-consultation-2024.pdf?download=1&language=en
CARD-013,Cardiovascular,Pacemaker,Pacemaker,M0,All patients,Do you have a pacemaker?,Use plain-language synonyms and examples if the patient is unsure.,boolean,"Clarify timing, severity, current status, treatment and relevant records if positive.",Explicit patient denial or authoritative source documenting absence.,Record PATIENT_UNSURE/NOT_KNOWN; do not convert to negative. Seek corroborating source where clinically important.,AMBER: clinician review/optimisation if positive or unresolved.,"Required if positive, conflicting or clinically material.",None: do not infer a diagnosis or negative finding.,RCRI/cardiovascular risk inputs where applicable,Patient report; corroborate with EMR/previous anaesthetic/medication record where available.,2024 AHA/ACC multisociety perioperative cardiovascular guideline; 2022 ESC non-cardiac surgery guideline; ANZCA PG07,A/B,1.0.1,"Domain validated 2026-09-26. Resolve established CVD, major cardiovascular risk factors and active/new cardiovascular symptoms. Disease presence and current stability are separate concepts.",https://www.ahajournals.org/doi/full/10.1161/CIR.0000000000001285; https://academic.oup.com/eurheartj/article/43/39/3826/6675076; https://www.anzca.edu.au/getcontentasset/d4eb4cab-69e6-4228-8568-bbc911c6c505/80feb437-d24d-46b8-a858-4a2a28b9b970/pg07-pre-anaesthesia-consultation-2024.pdf?download=1&language=en
CARD-014,Cardiovascular,ICD,ICD,M0,All patients,Do you have an implanted defibrillator or ICD?,Use plain-language synonyms and examples if the patient is unsure.,boolean,"Clarify timing, severity, current status, treatment and relevant records if positive.",Explicit patient denial or authoritative source documenting absence.,Record PATIENT_UNSURE/NOT_KNOWN; do not convert to negative. Seek corroborating source where clinically important.,AMBER: clinician review/optimisation if positive or unresolved.,"Required if positive, conflicting or clinically material.",None: do not infer a diagnosis or negative finding.,RCRI/cardiovascular risk inputs where applicable,Patient report; corroborate with EMR/previous anaesthetic/medication record where available.,2024 AHA/ACC multisociety perioperative cardiovascular guideline; 2022 ESC non-cardiac surgery guideline; ANZCA PG07,A/B,1.0.1,"Domain validated 2026-09-26. Resolve established CVD, major cardiovascular risk factors and active/new cardiovascular symptoms. Disease presence and current stability are separate concepts.",https://www.ahajournals.org/doi/full/10.1161/CIR.0000000000001285; https://academic.oup.com/eurheartj/article/43/39/3826/6675076; https://www.anzca.edu.au/getcontentasset/d4eb4cab-69e6-4228-8568-bbc911c6c505/80feb437-d24d-46b8-a858-4a2a28b9b970/pg07-pre-anaesthesia-consultation-2024.pdf?download=1&language=en
CARD-015,Cardiovascular,Other cardiac device,Other cardiac device,C1,Positive or relevant upstream response,Do you have any other implanted heart device?,Use plain-language synonyms and examples if the patient is unsure.,boolean,"Clarify timing, severity, current status, treatment and relevant records if positive.",Explicit patient denial or authoritative source documenting absence.,Record PATIENT_UNSURE/NOT_KNOWN; do not convert to negative. Seek corroborating source where clinically important.,None,"Required if positive, conflicting or clinically material.",None: do not infer a diagnosis or negative finding.,RCRI/cardiovascular risk inputs where applicable,Patient report; corroborate with EMR/previous anaesthetic/medication record where available.,2024 AHA/ACC multisociety perioperative cardiovascular guideline; 2022 ESC non-cardiac surgery guideline; ANZCA PG07,A/B,1.0.1,"Domain validated 2026-09-26. Resolve established CVD, major cardiovascular risk factors and active/new cardiovascular symptoms. Disease presence and current stability are separate concepts.",https://www.ahajournals.org/doi/full/10.1161/CIR.0000000000001285; https://academic.oup.com/eurheartj/article/43/39/3826/6675076; https://www.anzca.edu.au/getcontentasset/d4eb4cab-69e6-4228-8568-bbc911c6c505/80feb437-d24d-46b8-a858-4a2a28b9b970/pg07-pre-anaesthesia-consultation-2024.pdf?download=1&language=en
CARD-016,Cardiovascular,Pulmonary hypertension,Pulmonary hypertension,M0,All patients,"Have you ever been told you have high pressure in the blood vessels of your lungs, called pulmonary hypertension?",Use plain-language synonyms and examples if the patient is unsure.,boolean,"Clarify timing, severity, current status, treatment and relevant records if positive.",Explicit patient denial or authoritative source documenting absence.,Record PATIENT_UNSURE/NOT_KNOWN; do not convert to negative. Seek corroborating source where clinically important.,AMBER: clinician review/optimisation if positive or unresolved.,"Required if positive, conflicting or clinically material.",None: do not infer a diagnosis or negative finding.,RCRI/cardiovascular risk inputs where applicable,Patient report; corroborate with EMR/previous anaesthetic/medication record where available.,2024 AHA/ACC multisociety perioperative cardiovascular guideline; 2022 ESC non-cardiac surgery guideline; ANZCA PG07,A/B,1.0.1,"Domain validated 2026-09-26. Resolve established CVD, major cardiovascular risk factors and active/new cardiovascular symptoms. Disease presence and current stability are separate concepts.",https://www.ahajournals.org/doi/full/10.1161/CIR.0000000000001285; https://academic.oup.com/eurheartj/article/43/39/3826/6675076; https://www.anzca.edu.au/getcontentasset/d4eb4cab-69e6-4228-8568-bbc911c6c505/80feb437-d24d-46b8-a858-4a2a28b9b970/pg07-pre-anaesthesia-consultation-2024.pdf?download=1&language=en
CARD-017,Cardiovascular,Congenital heart disease,Congenital heart disease,M0,All patients,Were you born with a heart condition?,Use plain-language synonyms and examples if the patient is unsure.,boolean,"Clarify timing, severity, current status, treatment and relevant records if positive.",Explicit patient denial or authoritative source documenting absence.,Record PATIENT_UNSURE/NOT_KNOWN; do not convert to negative. Seek corroborating source where clinically important.,None,Review as part of completed assessment.,None: do not infer a diagnosis or negative finding.,RCRI/cardiovascular risk inputs where applicable,Patient report; corroborate with EMR/previous anaesthetic/medication record where available.,2024 AHA/ACC multisociety perioperative cardiovascular guideline; 2022 ESC non-cardiac surgery guideline; ANZCA PG07,A/B,1.0.1,"Domain validated 2026-09-26. Resolve established CVD, major cardiovascular risk factors and active/new cardiovascular symptoms. Disease presence and current stability are separate concepts.",https://www.ahajournals.org/doi/full/10.1161/CIR.0000000000001285; https://academic.oup.com/eurheartj/article/43/39/3826/6675076; https://www.anzca.edu.au/getcontentasset/d4eb4cab-69e6-4228-8568-bbc911c6c505/80feb437-d24d-46b8-a858-4a2a28b9b970/pg07-pre-anaesthesia-consultation-2024.pdf?download=1&language=en
CARD-018,Cardiovascular,Peripheral vascular disease,Peripheral vascular disease,M0,All patients,Do you have poor circulation or blocked arteries in your legs or elsewhere?,Use plain-language synonyms and examples if the patient is unsure.,boolean,"Clarify timing, severity, current status, treatment and relevant records if positive.",Explicit patient denial or authoritative source documenting absence.,Record PATIENT_UNSURE/NOT_KNOWN; do not convert to negative. Seek corroborating source where clinically important.,None,Review as part of completed assessment.,None: do not infer a diagnosis or negative finding.,RCRI/cardiovascular risk inputs where applicable,Patient report; corroborate with EMR/previous anaesthetic/medication record where available.,2024 AHA/ACC multisociety perioperative cardiovascular guideline; 2022 ESC non-cardiac surgery guideline; ANZCA PG07,A/B,1.0.1,"Domain validated 2026-09-26. Resolve established CVD, major cardiovascular risk factors and active/new cardiovascular symptoms. Disease presence and current stability are separate concepts.",https://www.ahajournals.org/doi/full/10.1161/CIR.0000000000001285; https://academic.oup.com/eurheartj/article/43/39/3826/6675076; https://www.anzca.edu.au/getcontentasset/d4eb4cab-69e6-4228-8568-bbc911c6c505/80feb437-d24d-46b8-a858-4a2a28b9b970/pg07-pre-anaesthesia-consultation-2024.pdf?download=1&language=en
CARD-019,Cardiovascular,Syncope,Syncope,M0,All patients,Have you fainted or blacked out unexpectedly?,Use plain-language synonyms and examples if the patient is unsure.,boolean,"Clarify timing, severity, current status, treatment and relevant records if positive.",Explicit patient denial or authoritative source documenting absence.,Record PATIENT_UNSURE/NOT_KNOWN; do not convert to negative. Seek corroborating source where clinically important.,"Recent unexplained syncope/presyncope, especially exertional or associated with chest pain, palpitations or structural heart disease: prompt clinician review.","Mandatory clinician review if recent, unexplained or recurrent.",None: do not infer a diagnosis or negative finding.,RCRI/cardiovascular risk inputs where applicable,Patient report; corroborate with EMR/previous anaesthetic/medication record where available.,2024 AHA/ACC multisociety perioperative cardiovascular guideline; 2022 ESC non-cardiac surgery guideline; ANZCA PG07,A/B,1.0.1,"Domain validated 2026-09-26. Resolve established CVD, major cardiovascular risk factors and active/new cardiovascular symptoms. Disease presence and current stability are separate concepts.",https://www.ahajournals.org/doi/full/10.1161/CIR.0000000000001285; https://academic.oup.com/eurheartj/article/43/39/3826/6675076; https://www.anzca.edu.au/getcontentasset/d4eb4cab-69e6-4228-8568-bbc911c6c505/80feb437-d24d-46b8-a858-4a2a28b9b970/pg07-pre-anaesthesia-consultation-2024.pdf?download=1&language=en
CARD-020,Cardiovascular,Palpitations,Palpitations,M0,All patients,Do you get episodes where your heart races or beats irregularly?,Use plain-language synonyms and examples if the patient is unsure.,boolean,"Clarify timing, severity, current status, treatment and relevant records if positive.",Explicit patient denial or authoritative source documenting absence.,Record PATIENT_UNSURE/NOT_KNOWN; do not convert to negative. Seek corroborating source where clinically important.,"New sustained palpitations, associated syncope/chest pain or suspected uncontrolled arrhythmia: clinician review.",Review as part of completed assessment.,None: do not infer a diagnosis or negative finding.,RCRI/cardiovascular risk inputs where applicable,Patient report; corroborate with EMR/previous anaesthetic/medication record where available.,2024 AHA/ACC multisociety perioperative cardiovascular guideline; 2022 ESC non-cardiac surgery guideline; ANZCA PG07,A/B,1.0.1,"Domain validated 2026-09-26. Resolve established CVD, major cardiovascular risk factors and active/new cardiovascular symptoms. Disease presence and current stability are separate concepts.",https://www.ahajournals.org/doi/full/10.1161/CIR.0000000000001285; https://academic.oup.com/eurheartj/article/43/39/3826/6675076; https://www.anzca.edu.au/getcontentasset/d4eb4cab-69e6-4228-8568-bbc911c6c505/80feb437-d24d-46b8-a858-4a2a28b9b970/pg07-pre-anaesthesia-consultation-2024.pdf?download=1&language=en
CARD-021,Cardiovascular,Orthopnoea,Orthopnoea,C1,Positive or relevant upstream response,Do you become short of breath when lying flat?,Use plain-language synonyms and examples if the patient is unsure.,boolean,"Clarify timing, severity, current status, treatment and relevant records if positive.",Explicit patient denial or authoritative source documenting absence.,Record PATIENT_UNSURE/NOT_KNOWN; do not convert to negative. Seek corroborating source where clinically important.,New/worsening orthopnoea may indicate decompensated heart failure: prompt clinician review.,"Required if positive, conflicting or clinically material.",None: do not infer a diagnosis or negative finding.,RCRI/cardiovascular risk inputs where applicable,Patient report; corroborate with EMR/previous anaesthetic/medication record where available.,2024 AHA/ACC multisociety perioperative cardiovascular guideline; 2022 ESC non-cardiac surgery guideline; ANZCA PG07,A/B,1.0.1,"Domain validated 2026-09-26. Resolve established CVD, major cardiovascular risk factors and active/new cardiovascular symptoms. Disease presence and current stability are separate concepts.",https://www.ahajournals.org/doi/full/10.1161/CIR.0000000000001285; https://academic.oup.com/eurheartj/article/43/39/3826/6675076; https://www.anzca.edu.au/getcontentasset/d4eb4cab-69e6-4228-8568-bbc911c6c505/80feb437-d24d-46b8-a858-4a2a28b9b970/pg07-pre-anaesthesia-consultation-2024.pdf?download=1&language=en
CARD-022,Cardiovascular,PND,PND,C1,Positive or relevant upstream response,Do you wake from sleep short of breath?,Use plain-language synonyms and examples if the patient is unsure.,boolean,"Clarify timing, severity, current status, treatment and relevant records if positive.",Explicit patient denial or authoritative source documenting absence.,Record PATIENT_UNSURE/NOT_KNOWN; do not convert to negative. Seek corroborating source where clinically important.,New/worsening paroxysmal nocturnal dyspnoea may indicate decompensated heart failure: prompt clinician review.,"Required if positive, conflicting or clinically material.",None: do not infer a diagnosis or negative finding.,RCRI/cardiovascular risk inputs where applicable,Patient report; corroborate with EMR/previous anaesthetic/medication record where available.,2024 AHA/ACC multisociety perioperative cardiovascular guideline; 2022 ESC non-cardiac surgery guideline; ANZCA PG07,A/B,1.0.1,"Domain validated 2026-09-26. Resolve established CVD, major cardiovascular risk factors and active/new cardiovascular symptoms. Disease presence and current stability are separate concepts.",https://www.ahajournals.org/doi/full/10.1161/CIR.0000000000001285; https://academic.oup.com/eurheartj/article/43/39/3826/6675076; https://www.anzca.edu.au/getcontentasset/d4eb4cab-69e6-4228-8568-bbc911c6c505/80feb437-d24d-46b8-a858-4a2a28b9b970/pg07-pre-anaesthesia-consultation-2024.pdf?download=1&language=en
CARD-023,Cardiovascular,Peripheral oedema,Peripheral oedema,C1,Positive or relevant upstream response,Do your ankles or legs swell because of fluid?,Use plain-language synonyms and examples if the patient is unsure.,boolean,"Clarify timing, severity, current status, treatment and relevant records if positive.",Explicit patient denial or authoritative source documenting absence.,Record PATIENT_UNSURE/NOT_KNOWN; do not convert to negative. Seek corroborating source where clinically important.,New/worsening oedema with dyspnoea or other heart-failure features: clinician review.,"Required if positive, conflicting or clinically material.",None: do not infer a diagnosis or negative finding.,RCRI/cardiovascular risk inputs where applicable,Patient report; corroborate with EMR/previous anaesthetic/medication record where available.,2024 AHA/ACC multisociety perioperative cardiovascular guideline; 2022 ESC non-cardiac surgery guideline; ANZCA PG07,A/B,1.0.1,"Domain validated 2026-09-26. Resolve established CVD, major cardiovascular risk factors and active/new cardiovascular symptoms. Disease presence and current stability are separate concepts.",https://www.ahajournals.org/doi/full/10.1161/CIR.0000000000001285; https://academic.oup.com/eurheartj/article/43/39/3826/6675076; https://www.anzca.edu.au/getcontentasset/d4eb4cab-69e6-4228-8568-bbc911c6c505/80feb437-d24d-46b8-a858-4a2a28b9b970/pg07-pre-anaesthesia-consultation-2024.pdf?download=1&language=en
CARD-024,Cardiovascular,Recent cardiac admission,Recent cardiac admission,C1,Known cardiac disease or recent cardiovascular symptoms,Have you been admitted to hospital for a heart problem in the last year?,Use plain-language synonyms and examples if the patient is unsure.,boolean,"Clarify timing, severity, current status, treatment and relevant records if positive.",Explicit patient denial or authoritative source documenting absence.,Record PATIENT_UNSURE/NOT_KNOWN; do not convert to negative. Seek corroborating source where clinically important.,AMBER: clinician review/optimisation if positive or unresolved.,"Required if positive, conflicting or clinically material.",None: do not infer a diagnosis or negative finding.,RCRI/cardiovascular risk inputs where applicable,Patient report; corroborate with EMR/previous anaesthetic/medication record where available.,2024 AHA/ACC multisociety perioperative cardiovascular guideline; 2022 ESC non-cardiac surgery guideline; ANZCA PG07,A/B,1.0.1,"Domain validated 2026-09-26. Resolve established CVD, major cardiovascular risk factors and active/new cardiovascular symptoms. Disease presence and current stability are separate concepts.",https://www.ahajournals.org/doi/full/10.1161/CIR.0000000000001285; https://academic.oup.com/eurheartj/article/43/39/3826/6675076; https://www.anzca.edu.au/getcontentasset/d4eb4cab-69e6-4228-8568-bbc911c6c505/80feb437-d24d-46b8-a858-4a2a28b9b970/pg07-pre-anaesthesia-consultation-2024.pdf?download=1&language=en
CARD-025,Cardiovascular,Recent cardiac investigation,Recent cardiac investigation,C1,"Known cardiac disease, new symptoms or available prior investigations","Have you had a recent ECG, echocardiogram, stress test or coronary test?",Use plain-language synonyms and examples if the patient is unsure.,boolean,"Clarify timing, severity, current status, treatment and relevant records if positive.",Explicit patient denial or authoritative source documenting absence.,Record PATIENT_UNSURE/NOT_KNOWN; do not convert to negative. Seek corroborating source where clinically important.,None,"Required if positive, conflicting or clinically material.",None: do not infer a diagnosis or negative finding.,RCRI/cardiovascular risk inputs where applicable,Patient report; corroborate with EMR/previous anaesthetic/medication record where available.,2024 AHA/ACC multisociety perioperative cardiovascular guideline; 2022 ESC non-cardiac surgery guideline; ANZCA PG07,A/B,1.0.1,"Domain validated 2026-09-26. Resolve established CVD, major cardiovascular risk factors and active/new cardiovascular symptoms. Disease presence and current stability are separate concepts.",https://www.ahajournals.org/doi/full/10.1161/CIR.0000000000001285; https://academic.oup.com/eurheartj/article/43/39/3826/6675076; https://www.anzca.edu.au/getcontentasset/d4eb4cab-69e6-4228-8568-bbc911c6c505/80feb437-d24d-46b8-a858-4a2a28b9b970/pg07-pre-anaesthesia-consultation-2024.pdf?download=1&language=en
FUNC-001,Functional capacity and exercise tolerance,Independent self-care,Independent self-care,M1,Major/elevated-risk surgery; older/frail patients; otherwise if functional independence is unclear,"Can you eat, dress, bathe and use the toilet without help?",Use plain-language synonyms and examples if the patient is unsure.,boolean,"Clarify timing, severity, current status, treatment and relevant records if positive.",Explicit patient denial or authoritative source documenting absence.,Record PATIENT_UNSURE/NOT_KNOWN; do not convert to negative. Seek corroborating source where clinically important.,None,Review as part of completed assessment.,None: do not infer a diagnosis or negative finding.,DASI-compatible functional capacity; METs proxy,Patient report; corroborate with EMR/previous anaesthetic/medication record where available.,2024 AHA/ACC multisociety perioperative cardiovascular guideline; 2022 ESC non-cardiac surgery guideline; METS/DASI prospective studies,B/E,1.0.1,Domain validated 2026-09-26. Structured functional assessment is most strongly supported in elevated-risk non-cardiac surgery. Full DASI questioning should be conditional rather than universal.,https://www.ahajournals.org/doi/full/10.1161/CIR.0000000000001285; https://academic.oup.com/eurheartj/article/43/39/3826/6675076; https://pubmed.ncbi.nlm.nih.gov/31864719/
FUNC-002,Functional capacity and exercise tolerance,Walk indoors,Walk indoors,C4,"Elevated-risk surgery, known/risk factors for cardiovascular disease, poor/indeterminate brief functional screen or clinician requests structured DASI",Can you walk around inside your home?,Use plain-language synonyms and examples if the patient is unsure.,boolean,"Clarify timing, severity, current status, treatment and relevant records if positive.",Explicit patient denial or authoritative source documenting absence.,Record PATIENT_UNSURE/NOT_KNOWN; do not convert to negative. Seek corroborating source where clinically important.,None,Review as part of completed assessment.,None: do not infer a diagnosis or negative finding.,DASI-compatible functional capacity; METs proxy,Patient report; corroborate with EMR/previous anaesthetic/medication record where available.,2024 AHA/ACC multisociety perioperative cardiovascular guideline; 2022 ESC non-cardiac surgery guideline; METS/DASI prospective studies,B/E,1.0.1,Domain validated 2026-09-26. Structured functional assessment is most strongly supported in elevated-risk non-cardiac surgery. Full DASI questioning should be conditional rather than universal.,https://www.ahajournals.org/doi/full/10.1161/CIR.0000000000001285; https://academic.oup.com/eurheartj/article/43/39/3826/6675076; https://pubmed.ncbi.nlm.nih.gov/31864719/
FUNC-003,Functional capacity and exercise tolerance,Walk 1-2 blocks,Walk 1-2 blocks,C4,"Elevated-risk surgery, known/risk factors for cardiovascular disease, poor/indeterminate brief functional screen or clinician requests structured DASI",Can you walk one or two blocks on level ground without stopping?,Use plain-language synonyms and examples if the patient is unsure.,boolean,"Clarify timing, severity, current status, treatment and relevant records if positive.",Explicit patient denial or authoritative source documenting absence.,Record PATIENT_UNSURE/NOT_KNOWN; do not convert to negative. Seek corroborating source where clinically important.,None,Review as part of completed assessment.,None: do not infer a diagnosis or negative finding.,DASI-compatible functional capacity; METs proxy,Patient report; corroborate with EMR/previous anaesthetic/medication record where available.,2024 AHA/ACC multisociety perioperative cardiovascular guideline; 2022 ESC non-cardiac surgery guideline; METS/DASI prospective studies,B/E,1.0.1,Domain validated 2026-09-26. Structured functional assessment is most strongly supported in elevated-risk non-cardiac surgery. Full DASI questioning should be conditional rather than universal.,https://www.ahajournals.org/doi/full/10.1161/CIR.0000000000001285; https://academic.oup.com/eurheartj/article/43/39/3826/6675076; https://pubmed.ncbi.nlm.nih.gov/31864719/
FUNC-004,Functional capacity and exercise tolerance,Climb one flight,Climb one flight,C4,"Elevated-risk surgery, known/risk factors for cardiovascular disease, poor/indeterminate brief functional screen or clinician requests structured DASI",Can you climb one flight of stairs without stopping?,Use plain-language synonyms and examples if the patient is unsure.,boolean,"Clarify timing, severity, current status, treatment and relevant records if positive.",Explicit patient denial or authoritative source documenting absence.,Record PATIENT_UNSURE/NOT_KNOWN; do not convert to negative. Seek corroborating source where clinically important.,None,Review as part of completed assessment.,None: do not infer a diagnosis or negative finding.,DASI-compatible functional capacity; METs proxy,Patient report; corroborate with EMR/previous anaesthetic/medication record where available.,2024 AHA/ACC multisociety perioperative cardiovascular guideline; 2022 ESC non-cardiac surgery guideline; METS/DASI prospective studies,B/E,1.0.1,Domain validated 2026-09-26. Structured functional assessment is most strongly supported in elevated-risk non-cardiac surgery. Full DASI questioning should be conditional rather than universal.,https://www.ahajournals.org/doi/full/10.1161/CIR.0000000000001285; https://academic.oup.com/eurheartj/article/43/39/3826/6675076; https://pubmed.ncbi.nlm.nih.gov/31864719/
FUNC-005,Functional capacity and exercise tolerance,Climb two flights,Climb two flights,M1,Brief functional-capacity screen when clinically relevant; elevated-risk surgery or cardiovascular risk,Can you climb two flights of stairs without stopping?,Use plain-language synonyms and examples if the patient is unsure.,boolean,"If unable or uncertain, identify limiting symptom and consider structured DASI branch.",Explicit patient denial or authoritative source documenting absence.,Record PATIENT_UNSURE/NOT_KNOWN; do not convert to negative. Seek corroborating source where clinically important.,None,Review as part of completed assessment.,None: do not infer a diagnosis or negative finding.,Brief functional capacity screen; DASI-compatible context,Patient report; corroborate with EMR/previous anaesthetic/medication record where available.,2024 AHA/ACC multisociety perioperative cardiovascular guideline; 2022 ESC non-cardiac surgery guideline; METS/DASI prospective studies,B/E,1.0.1,Domain validated 2026-09-26. Structured functional assessment is most strongly supported in elevated-risk non-cardiac surgery. Full DASI questioning should be conditional rather than universal.,https://www.ahajournals.org/doi/full/10.1161/CIR.0000000000001285; https://academic.oup.com/eurheartj/article/43/39/3826/6675076; https://pubmed.ncbi.nlm.nih.gov/31864719/
FUNC-006,Functional capacity and exercise tolerance,Run short distance,Run short distance,C4,"Elevated-risk surgery, known/risk factors for cardiovascular disease, poor/indeterminate brief functional screen or clinician requests structured DASI",Could you run a short distance if you needed to?,Use plain-language synonyms and examples if the patient is unsure.,boolean,"Clarify timing, severity, current status, treatment and relevant records if positive.",Explicit patient denial or authoritative source documenting absence.,Record PATIENT_UNSURE/NOT_KNOWN; do not convert to negative. Seek corroborating source where clinically important.,None,"Required if positive, conflicting or clinically material.",None: do not infer a diagnosis or negative finding.,DASI-compatible functional capacity; METs proxy,Patient report; corroborate with EMR/previous anaesthetic/medication record where available.,2024 AHA/ACC multisociety perioperative cardiovascular guideline; 2022 ESC non-cardiac surgery guideline; METS/DASI prospective studies,B/E,1.0.1,Domain validated 2026-09-26. Structured functional assessment is most strongly supported in elevated-risk non-cardiac surgery. Full DASI questioning should be conditional rather than universal.,https://www.ahajournals.org/doi/full/10.1161/CIR.0000000000001285; https://academic.oup.com/eurheartj/article/43/39/3826/6675076; https://pubmed.ncbi.nlm.nih.gov/31864719/
FUNC-007,Functional capacity and exercise tolerance,Light housework,Light housework,C4,"Elevated-risk surgery, known/risk factors for cardiovascular disease, poor/indeterminate brief functional screen or clinician requests structured DASI",Can you do light housework such as dusting or washing dishes?,Use plain-language synonyms and examples if the patient is unsure.,boolean,"Clarify timing, severity, current status, treatment and relevant records if positive.",Explicit patient denial or authoritative source documenting absence.,Record PATIENT_UNSURE/NOT_KNOWN; do not convert to negative. Seek corroborating source where clinically important.,None,Review as part of completed assessment.,None: do not infer a diagnosis or negative finding.,DASI-compatible functional capacity; METs proxy,Patient report; corroborate with EMR/previous anaesthetic/medication record where available.,2024 AHA/ACC multisociety perioperative cardiovascular guideline; 2022 ESC non-cardiac surgery guideline; METS/DASI prospective studies,B/E,1.0.1,Domain validated 2026-09-26. Structured functional assessment is most strongly supported in elevated-risk non-cardiac surgery. Full DASI questioning should be conditional rather than universal.,https://www.ahajournals.org/doi/full/10.1161/CIR.0000000000001285; https://academic.oup.com/eurheartj/article/43/39/3826/6675076; https://pubmed.ncbi.nlm.nih.gov/31864719/
FUNC-008,Functional capacity and exercise tolerance,Moderate housework,Moderate housework,C4,"Elevated-risk surgery, known/risk factors for cardiovascular disease, poor/indeterminate brief functional screen or clinician requests structured DASI","Can you vacuum, sweep or carry groceries?",Use plain-language synonyms and examples if the patient is unsure.,boolean,"Clarify timing, severity, current status, treatment and relevant records if positive.",Explicit patient denial or authoritative source documenting absence.,Record PATIENT_UNSURE/NOT_KNOWN; do not convert to negative. Seek corroborating source where clinically important.,None,Review as part of completed assessment.,None: do not infer a diagnosis or negative finding.,DASI-compatible functional capacity; METs proxy,Patient report; corroborate with EMR/previous anaesthetic/medication record where available.,2024 AHA/ACC multisociety perioperative cardiovascular guideline; 2022 ESC non-cardiac surgery guideline; METS/DASI prospective studies,B/E,1.0.1,Domain validated 2026-09-26. Structured functional assessment is most strongly supported in elevated-risk non-cardiac surgery. Full DASI questioning should be conditional rather than universal.,https://www.ahajournals.org/doi/full/10.1161/CIR.0000000000001285; https://academic.oup.com/eurheartj/article/43/39/3826/6675076; https://pubmed.ncbi.nlm.nih.gov/31864719/
FUNC-009,Functional capacity and exercise tolerance,Heavy housework,Heavy housework,C4,"Elevated-risk surgery, known/risk factors for cardiovascular disease, poor/indeterminate brief functional screen or clinician requests structured DASI",Can you do heavy housework such as scrubbing floors or moving furniture?,Use plain-language synonyms and examples if the patient is unsure.,boolean,"Clarify timing, severity, current status, treatment and relevant records if positive.",Explicit patient denial or authoritative source documenting absence.,Record PATIENT_UNSURE/NOT_KNOWN; do not convert to negative. Seek corroborating source where clinically important.,None,"Required if positive, conflicting or clinically material.",None: do not infer a diagnosis or negative finding.,DASI-compatible functional capacity; METs proxy,Patient report; corroborate with EMR/previous anaesthetic/medication record where available.,2024 AHA/ACC multisociety perioperative cardiovascular guideline; 2022 ESC non-cardiac surgery guideline; METS/DASI prospective studies,B/E,1.0.1,Domain validated 2026-09-26. Structured functional assessment is most strongly supported in elevated-risk non-cardiac surgery. Full DASI questioning should be conditional rather than universal.,https://www.ahajournals.org/doi/full/10.1161/CIR.0000000000001285; https://academic.oup.com/eurheartj/article/43/39/3826/6675076; https://pubmed.ncbi.nlm.nih.gov/31864719/
FUNC-010,Functional capacity and exercise tolerance,Yard work,Yard work,C4,"Elevated-risk surgery, known/risk factors for cardiovascular disease, poor/indeterminate brief functional screen or clinician requests structured DASI",Can you do gardening or yard work?,Use plain-language synonyms and examples if the patient is unsure.,boolean,"Clarify timing, severity, current status, treatment and relevant records if positive.",Explicit patient denial or authoritative source documenting absence.,Record PATIENT_UNSURE/NOT_KNOWN; do not convert to negative. Seek corroborating source where clinically important.,None,"Required if positive, conflicting or clinically material.",None: do not infer a diagnosis or negative finding.,DASI-compatible functional capacity; METs proxy,Patient report; corroborate with EMR/previous anaesthetic/medication record where available.,2024 AHA/ACC multisociety perioperative cardiovascular guideline; 2022 ESC non-cardiac surgery guideline; METS/DASI prospective studies,B/E,1.0.1,Domain validated 2026-09-26. Structured functional assessment is most strongly supported in elevated-risk non-cardiac surgery. Full DASI questioning should be conditional rather than universal.,https://www.ahajournals.org/doi/full/10.1161/CIR.0000000000001285; https://academic.oup.com/eurheartj/article/43/39/3826/6675076; https://pubmed.ncbi.nlm.nih.gov/31864719/
FUNC-011,Functional capacity and exercise tolerance,Moderate recreation,Moderate recreation,C4,"Elevated-risk surgery, known/risk factors for cardiovascular disease, poor/indeterminate brief functional screen or clinician requests structured DASI","Can you do moderate recreational activity such as golf, bowls, dancing or doubles tennis?",Use plain-language synonyms and examples if the patient is unsure.,boolean,"Clarify timing, severity, current status, treatment and relevant records if positive.",Explicit patient denial or authoritative source documenting absence.,Record PATIENT_UNSURE/NOT_KNOWN; do not convert to negative. Seek corroborating source where clinically important.,None,"Required if positive, conflicting or clinically material.",None: do not infer a diagnosis or negative finding.,DASI-compatible functional capacity; METs proxy,Patient report; corroborate with EMR/previous anaesthetic/medication record where available.,2024 AHA/ACC multisociety perioperative cardiovascular guideline; 2022 ESC non-cardiac surgery guideline; METS/DASI prospective studies,B/E,1.0.1,Domain validated 2026-09-26. Structured functional assessment is most strongly supported in elevated-risk non-cardiac surgery. Full DASI questioning should be conditional rather than universal.,https://www.ahajournals.org/doi/full/10.1161/CIR.0000000000001285; https://academic.oup.com/eurheartj/article/43/39/3826/6675076; https://pubmed.ncbi.nlm.nih.gov/31864719/
FUNC-012,Functional capacity and exercise tolerance,Strenuous sport,Strenuous sport,C4,"Elevated-risk surgery, known/risk factors for cardiovascular disease, poor/indeterminate brief functional screen or clinician requests structured DASI","Can you take part in strenuous sport such as swimming, singles tennis or football?",Use plain-language synonyms and examples if the patient is unsure.,boolean,"Clarify timing, severity, current status, treatment and relevant records if positive.",Explicit patient denial or authoritative source documenting absence.,Record PATIENT_UNSURE/NOT_KNOWN; do not convert to negative. Seek corroborating source where clinically important.,None,"Required if positive, conflicting or clinically material.",None: do not infer a diagnosis or negative finding.,DASI-compatible functional capacity; METs proxy,Patient report; corroborate with EMR/previous anaesthetic/medication record where available.,2024 AHA/ACC multisociety perioperative cardiovascular guideline; 2022 ESC non-cardiac surgery guideline; METS/DASI prospective studies,B/E,1.0.1,Domain validated 2026-09-26. Structured functional assessment is most strongly supported in elevated-risk non-cardiac surgery. Full DASI questioning should be conditional rather than universal.,https://www.ahajournals.org/doi/full/10.1161/CIR.0000000000001285; https://academic.oup.com/eurheartj/article/43/39/3826/6675076; https://pubmed.ncbi.nlm.nih.gov/31864719/
FUNC-013,Functional capacity and exercise tolerance,Usual walking distance,Usual walking distance,M1,If functional capacity is clinically relevant or walking ability is limited,How far can you usually walk before you need to stop?,Use plain-language synonyms and examples if the patient is unsure.,numeric,Clarify if incomplete or ambiguous.,Not applicable; capture value or explicit unknown.,Record PATIENT_UNSURE/NOT_KNOWN; do not convert to negative. Seek corroborating source where clinically important.,None,Review as part of completed assessment.,Derived calculation permitted only from explicit source values.,DASI-compatible functional capacity; METs proxy,Patient report; corroborate with EMR/previous anaesthetic/medication record where available.,2024 AHA/ACC multisociety perioperative cardiovascular guideline; 2022 ESC non-cardiac surgery guideline; METS/DASI prospective studies,B/E,1.0.1,Domain validated 2026-09-26. Structured functional assessment is most strongly supported in elevated-risk non-cardiac surgery. Full DASI questioning should be conditional rather than universal.,https://www.ahajournals.org/doi/full/10.1161/CIR.0000000000001285; https://academic.oup.com/eurheartj/article/43/39/3826/6675076; https://pubmed.ncbi.nlm.nih.gov/31864719/
FUNC-014,Functional capacity and exercise tolerance,Limiting symptom,Limiting symptom,M1,If any activity is limited or patient reports reduced exercise tolerance,"What makes you stop: breathlessness, chest discomfort, leg pain, fatigue, joint pain or something else?",Use plain-language synonyms and examples if the patient is unsure.,categorical,Clarify if incomplete or ambiguous.,Not applicable; capture value or explicit unknown.,Record PATIENT_UNSURE/NOT_KNOWN; do not convert to negative. Seek corroborating source where clinically important.,"Limitation by chest pain, unexplained dyspnoea, presyncope/syncope or new marked decline: clinician review.",Review as part of completed assessment.,None: do not infer a diagnosis or negative finding.,DASI-compatible functional capacity; METs proxy,Patient report; corroborate with EMR/previous anaesthetic/medication record where available.,2024 AHA/ACC multisociety perioperative cardiovascular guideline; 2022 ESC non-cardiac surgery guideline; METS/DASI prospective studies,B/E,1.0.1,Domain validated 2026-09-26. Structured functional assessment is most strongly supported in elevated-risk non-cardiac surgery. Full DASI questioning should be conditional rather than universal.,https://www.ahajournals.org/doi/full/10.1161/CIR.0000000000001285; https://academic.oup.com/eurheartj/article/43/39/3826/6675076; https://pubmed.ncbi.nlm.nih.gov/31864719/
FUNC-015,Functional capacity and exercise tolerance,Recent functional decline,Recent functional decline,M0,All patients,Has the amount you can do physically decreased recently?,Use plain-language synonyms and examples if the patient is unsure.,boolean,"Clarify timing, severity, current status, treatment and relevant records if positive.",Explicit patient denial or authoritative source documenting absence.,Record PATIENT_UNSURE/NOT_KNOWN; do not convert to negative. Seek corroborating source where clinically important.,New or substantial decline in functional capacity without an established benign explanation: clinician review.,Review as part of completed assessment.,None: do not infer a diagnosis or negative finding.,DASI-compatible functional capacity; METs proxy,Patient report; corroborate with EMR/previous anaesthetic/medication record where available.,2024 AHA/ACC multisociety perioperative cardiovascular guideline; 2022 ESC non-cardiac surgery guideline; METS/DASI prospective studies,B/E,1.0.1,Domain validated 2026-09-26. Structured functional assessment is most strongly supported in elevated-risk non-cardiac surgery. Full DASI questioning should be conditional rather than universal.,https://www.ahajournals.org/doi/full/10.1161/CIR.0000000000001285; https://academic.oup.com/eurheartj/article/43/39/3826/6675076; https://pubmed.ncbi.nlm.nih.gov/31864719/
FUNC-016,Functional capacity and exercise tolerance,Baseline activity level,Baseline activity level,O,"Useful for baseline activity, prehabilitation and contextualising functional capacity",What physical activity or exercise do you normally do in a week?,Use plain-language synonyms and examples if the patient is unsure.,text,Clarify if incomplete or ambiguous.,Not applicable; capture value or explicit unknown.,Record PATIENT_UNSURE/NOT_KNOWN; do not convert to negative. Seek corroborating source where clinically important.,None,Review as part of completed assessment.,None: do not infer a diagnosis or negative finding.,DASI-compatible functional capacity; METs proxy,Patient report; corroborate with EMR/previous anaesthetic/medication record where available.,2024 AHA/ACC multisociety perioperative cardiovascular guideline; 2022 ESC non-cardiac surgery guideline; METS/DASI prospective studies,B/E,1.0.1,Domain validated 2026-09-26. Structured functional assessment is most strongly supported in elevated-risk non-cardiac surgery. Full DASI questioning should be conditional rather than universal.,https://www.ahajournals.org/doi/full/10.1161/CIR.0000000000001285; https://academic.oup.com/eurheartj/article/43/39/3826/6675076; https://pubmed.ncbi.nlm.nih.gov/31864719/
RESP-001,Respiratory,Asthma,Asthma,C1,"Positive broad respiratory-history screen, EMR respiratory diagnosis, respiratory medicines or current respiratory symptoms",Do you have asthma?,Use plain-language synonyms and examples if the patient is unsure.,boolean,"Clarify timing, severity, current status, treatment and relevant records if positive.",Explicit patient denial or authoritative source documenting absence.,Record PATIENT_UNSURE/NOT_KNOWN; do not convert to negative. Seek corroborating source where clinically important.,None,Review as part of completed assessment.,None: do not infer a diagnosis or negative finding.,ARISCAT-related respiratory risk inputs where applicable,Patient report; corroborate with EMR/previous anaesthetic/medication record where available.,Contemporary preoperative pulmonary evaluation review; ARISCAT/PPC literature; ANZCA PG07,B/D/E,1.0.2,"Domain validated 2026-09-26. Focus on clinically significant chronic lung disease, current symptoms, recent infection/exacerbation and markers of severity. Routine disease-by-disease questioning should be minimised in low-risk patients.",https://pmc.ncbi.nlm.nih.gov/articles/PMC11704732/; https://pmc.ncbi.nlm.nih.gov/articles/PMC7047701/
RESP-002,Respiratory,COPD/emphysema,COPD/emphysema,C1,"Positive broad respiratory-history screen, EMR respiratory diagnosis, respiratory medicines or current respiratory symptoms",Have you been diagnosed with COPD or emphysema?,Use plain-language synonyms and examples if the patient is unsure.,boolean,"Clarify timing, severity, current status, treatment and relevant records if positive.",Explicit patient denial or authoritative source documenting absence.,Record PATIENT_UNSURE/NOT_KNOWN; do not convert to negative. Seek corroborating source where clinically important.,None,Review as part of completed assessment.,None: do not infer a diagnosis or negative finding.,ARISCAT-related respiratory risk inputs where applicable,Patient report; corroborate with EMR/previous anaesthetic/medication record where available.,Contemporary preoperative pulmonary evaluation review; ARISCAT/PPC literature; ANZCA PG07,B/D/E,1.0.2,"Domain validated 2026-09-26. Focus on clinically significant chronic lung disease, current symptoms, recent infection/exacerbation and markers of severity. Routine disease-by-disease questioning should be minimised in low-risk patients.",https://pmc.ncbi.nlm.nih.gov/articles/PMC11704732/; https://pmc.ncbi.nlm.nih.gov/articles/PMC7047701/
RESP-003,Respiratory,Bronchiectasis,Bronchiectasis,C1,"Positive broad respiratory-history screen, EMR respiratory diagnosis, respiratory medicines or current respiratory symptoms",Do you have bronchiectasis?,Use plain-language synonyms and examples if the patient is unsure.,boolean,"Clarify timing, severity, current status, treatment and relevant records if positive.",Explicit patient denial or authoritative source documenting absence.,Record PATIENT_UNSURE/NOT_KNOWN; do not convert to negative. Seek corroborating source where clinically important.,None,Review as part of completed assessment.,None: do not infer a diagnosis or negative finding.,ARISCAT-related respiratory risk inputs where applicable,Patient report; corroborate with EMR/previous anaesthetic/medication record where available.,Contemporary preoperative pulmonary evaluation review; ARISCAT/PPC literature; ANZCA PG07,B/D/E,1.0.2,"Domain validated 2026-09-26. Focus on clinically significant chronic lung disease, current symptoms, recent infection/exacerbation and markers of severity. Routine disease-by-disease questioning should be minimised in low-risk patients.",https://pmc.ncbi.nlm.nih.gov/articles/PMC11704732/; https://pmc.ncbi.nlm.nih.gov/articles/PMC7047701/
RESP-004,Respiratory,Interstitial lung disease,Interstitial lung disease,C1,"Positive broad respiratory-history screen, EMR respiratory diagnosis, respiratory medicines or current respiratory symptoms",Do you have pulmonary fibrosis or another interstitial lung disease?,Use plain-language synonyms and examples if the patient is unsure.,boolean,"Clarify timing, severity, current status, treatment and relevant records if positive.",Explicit patient denial or authoritative source documenting absence.,Record PATIENT_UNSURE/NOT_KNOWN; do not convert to negative. Seek corroborating source where clinically important.,None,Review as part of completed assessment.,None: do not infer a diagnosis or negative finding.,ARISCAT-related respiratory risk inputs where applicable,Patient report; corroborate with EMR/previous anaesthetic/medication record where available.,Contemporary preoperative pulmonary evaluation review; ARISCAT/PPC literature; ANZCA PG07,B/D/E,1.0.2,"Domain validated 2026-09-26. Focus on clinically significant chronic lung disease, current symptoms, recent infection/exacerbation and markers of severity. Routine disease-by-disease questioning should be minimised in low-risk patients.",https://pmc.ncbi.nlm.nih.gov/articles/PMC11704732/; https://pmc.ncbi.nlm.nih.gov/articles/PMC7047701/
RESP-005,Respiratory,Other chronic lung disease,Other chronic lung disease,C1,"Positive broad respiratory-history screen, EMR respiratory diagnosis, respiratory medicines or current respiratory symptoms",Do you have any other long-term lung condition?,Use plain-language synonyms and examples if the patient is unsure.,boolean,"Clarify timing, severity, current status, treatment and relevant records if positive.",Explicit patient denial or authoritative source documenting absence.,Record PATIENT_UNSURE/NOT_KNOWN; do not convert to negative. Seek corroborating source where clinically important.,None,Review as part of completed assessment.,None: do not infer a diagnosis or negative finding.,ARISCAT-related respiratory risk inputs where applicable,Patient report; corroborate with EMR/previous anaesthetic/medication record where available.,Contemporary preoperative pulmonary evaluation review; ARISCAT/PPC literature; ANZCA PG07,B/D/E,1.0.2,"Domain validated 2026-09-26. Focus on clinically significant chronic lung disease, current symptoms, recent infection/exacerbation and markers of severity. Routine disease-by-disease questioning should be minimised in low-risk patients.",https://pmc.ncbi.nlm.nih.gov/articles/PMC11704732/; https://pmc.ncbi.nlm.nih.gov/articles/PMC7047701/
RESP-006,Respiratory,Home oxygen,Home oxygen,M1,"Known chronic lung disease, unexplained dyspnoea, low recorded SpO2 or home respiratory support",Do you use oxygen at home?,Use plain-language synonyms and examples if the patient is unsure.,boolean,"Clarify timing, severity, current status, treatment and relevant records if positive.",Explicit patient denial or authoritative source documenting absence.,Record PATIENT_UNSURE/NOT_KNOWN; do not convert to negative. Seek corroborating source where clinically important.,AMBER: clinician review/optimisation if positive or unresolved.,"Required if positive, conflicting or clinically material.",None: do not infer a diagnosis or negative finding.,ARISCAT-related respiratory risk inputs where applicable,Patient report; corroborate with EMR/previous anaesthetic/medication record where available.,Contemporary preoperative pulmonary evaluation review; ARISCAT/PPC literature; ANZCA PG07,B/D/E,1.0.2,"Domain validated 2026-09-26. Focus on clinically significant chronic lung disease, current symptoms, recent infection/exacerbation and markers of severity. Routine disease-by-disease questioning should be minimised in low-risk patients.",https://pmc.ncbi.nlm.nih.gov/articles/PMC11704732/; https://pmc.ncbi.nlm.nih.gov/articles/PMC7047701/
RESP-007,Respiratory,Home ventilation,Home ventilation,C1,"Known respiratory failure, neuromuscular disease or patient reports home breathing support",Do you use non-invasive ventilation or breathing support at home?,Use plain-language synonyms and examples if the patient is unsure.,boolean,"Clarify timing, severity, current status, treatment and relevant records if positive.",Explicit patient denial or authoritative source documenting absence.,Record PATIENT_UNSURE/NOT_KNOWN; do not convert to negative. Seek corroborating source where clinically important.,None,"Required if positive, conflicting or clinically material.",None: do not infer a diagnosis or negative finding.,ARISCAT-related respiratory risk inputs where applicable,Patient report; corroborate with EMR/previous anaesthetic/medication record where available.,Contemporary preoperative pulmonary evaluation review; ARISCAT/PPC literature; ANZCA PG07,B/D/E,1.0.2,"Domain validated 2026-09-26. Focus on clinically significant chronic lung disease, current symptoms, recent infection/exacerbation and markers of severity. Routine disease-by-disease questioning should be minimised in low-risk patients.",https://pmc.ncbi.nlm.nih.gov/articles/PMC11704732/; https://pmc.ncbi.nlm.nih.gov/articles/PMC7047701/
RESP-008,Respiratory,Previous respiratory failure,Previous respiratory failure,C1,Known chronic lung disease or history suggests severe respiratory illness,Have you ever needed intensive care or a breathing machine because of a lung problem?,Use plain-language synonyms and examples if the patient is unsure.,boolean,"Clarify timing, severity, current status, treatment and relevant records if positive.",Explicit patient denial or authoritative source documenting absence.,Record PATIENT_UNSURE/NOT_KNOWN; do not convert to negative. Seek corroborating source where clinically important.,None,"Required if positive, conflicting or clinically material.",None: do not infer a diagnosis or negative finding.,ARISCAT-related respiratory risk inputs where applicable,Patient report; corroborate with EMR/previous anaesthetic/medication record where available.,Contemporary preoperative pulmonary evaluation review; ARISCAT/PPC literature; ANZCA PG07,B/D/E,1.0.2,"Domain validated 2026-09-26. Focus on clinically significant chronic lung disease, current symptoms, recent infection/exacerbation and markers of severity. Routine disease-by-disease questioning should be minimised in low-risk patients.",https://pmc.ncbi.nlm.nih.gov/articles/PMC11704732/; https://pmc.ncbi.nlm.nih.gov/articles/PMC7047701/
RESP-009,Respiratory,Current dyspnoea,Current dyspnoea,M0,All patients,Are you short of breath at rest or with normal activity?,Use plain-language synonyms and examples if the patient is unsure.,boolean,"Clarify timing, severity, current status, treatment and relevant records if positive.",Explicit patient denial or authoritative source documenting absence.,Record PATIENT_UNSURE/NOT_KNOWN; do not convert to negative. Seek corroborating source where clinically important.,"New or severe dyspnoea at rest, rapidly worsening breathlessness or associated hypoxaemia/chest pain: prompt clinician assessment.","Required if positive, conflicting or clinically material.",None: do not infer a diagnosis or negative finding.,ARISCAT-related respiratory risk inputs where applicable,Patient report; corroborate with EMR/previous anaesthetic/medication record where available.,Contemporary preoperative pulmonary evaluation review; ARISCAT/PPC literature; ANZCA PG07,B/D/E,1.0.2,"Domain validated 2026-09-26. Focus on clinically significant chronic lung disease, current symptoms, recent infection/exacerbation and markers of severity. Routine disease-by-disease questioning should be minimised in low-risk patients.",https://pmc.ncbi.nlm.nih.gov/articles/PMC11704732/; https://pmc.ncbi.nlm.nih.gov/articles/PMC7047701/
RESP-010,Respiratory,Wheeze,Wheeze,M1,Known asthma/COPD or current respiratory symptoms,Are you currently wheezing?,Use plain-language synonyms and examples if the patient is unsure.,boolean,"Clarify timing, severity, current status, treatment and relevant records if positive.",Explicit patient denial or authoritative source documenting absence.,Record PATIENT_UNSURE/NOT_KNOWN; do not convert to negative. Seek corroborating source where clinically important.,Current significant wheeze or uncontrolled bronchospasm: clinician review and optimisation before elective anaesthesia where feasible.,Review as part of completed assessment.,None: do not infer a diagnosis or negative finding.,ARISCAT-related respiratory risk inputs where applicable,Patient report; corroborate with EMR/previous anaesthetic/medication record where available.,Contemporary preoperative pulmonary evaluation review; ARISCAT/PPC literature; ANZCA PG07,B/D/E,1.0.2,"Domain validated 2026-09-26. Focus on clinically significant chronic lung disease, current symptoms, recent infection/exacerbation and markers of severity. Routine disease-by-disease questioning should be minimised in low-risk patients.",https://pmc.ncbi.nlm.nih.gov/articles/PMC11704732/; https://pmc.ncbi.nlm.nih.gov/articles/PMC7047701/
RESP-011,Respiratory,Chronic cough,Chronic cough,M1,"Known lung disease, smoking history or current respiratory symptoms",Do you have a long-term cough?,Use plain-language synonyms and examples if the patient is unsure.,boolean,"Clarify timing, severity, current status, treatment and relevant records if positive.",Explicit patient denial or authoritative source documenting absence.,Record PATIENT_UNSURE/NOT_KNOWN; do not convert to negative. Seek corroborating source where clinically important.,None,Review as part of completed assessment.,None: do not infer a diagnosis or negative finding.,ARISCAT-related respiratory risk inputs where applicable,Patient report; corroborate with EMR/previous anaesthetic/medication record where available.,Contemporary preoperative pulmonary evaluation review; ARISCAT/PPC literature; ANZCA PG07,B/D/E,1.0.2,"Domain validated 2026-09-26. Focus on clinically significant chronic lung disease, current symptoms, recent infection/exacerbation and markers of severity. Routine disease-by-disease questioning should be minimised in low-risk patients.",https://pmc.ncbi.nlm.nih.gov/articles/PMC11704732/; https://pmc.ncbi.nlm.nih.gov/articles/PMC7047701/
RESP-012,Respiratory,Sputum,Sputum,C1,"Chronic cough, bronchiectasis/COPD or respiratory symptoms",Do you regularly cough up phlegm or sputum?,Use plain-language synonyms and examples if the patient is unsure.,boolean,"Clarify timing, severity, current status, treatment and relevant records if positive.",Explicit patient denial or authoritative source documenting absence.,Record PATIENT_UNSURE/NOT_KNOWN; do not convert to negative. Seek corroborating source where clinically important.,None,"Required if positive, conflicting or clinically material.",None: do not infer a diagnosis or negative finding.,ARISCAT-related respiratory risk inputs where applicable,Patient report; corroborate with EMR/previous anaesthetic/medication record where available.,Contemporary preoperative pulmonary evaluation review; ARISCAT/PPC literature; ANZCA PG07,B/D/E,1.0.2,"Domain validated 2026-09-26. Focus on clinically significant chronic lung disease, current symptoms, recent infection/exacerbation and markers of severity. Routine disease-by-disease questioning should be minimised in low-risk patients.",https://pmc.ncbi.nlm.nih.gov/articles/PMC11704732/; https://pmc.ncbi.nlm.nih.gov/articles/PMC7047701/
RESP-013,Respiratory,Haemoptysis,Haemoptysis,C1,Cough or respiratory symptoms,Have you coughed up blood?,Use plain-language synonyms and examples if the patient is unsure.,boolean,"Clarify timing, severity, current status, treatment and relevant records if positive.",Explicit patient denial or authoritative source documenting absence.,Record PATIENT_UNSURE/NOT_KNOWN; do not convert to negative. Seek corroborating source where clinically important.,Current/recent unexplained haemoptysis: prompt clinician review.,"Required if positive, conflicting or clinically material.",None: do not infer a diagnosis or negative finding.,ARISCAT-related respiratory risk inputs where applicable,Patient report; corroborate with EMR/previous anaesthetic/medication record where available.,Contemporary preoperative pulmonary evaluation review; ARISCAT/PPC literature; ANZCA PG07,B/D/E,1.0.2,"Domain validated 2026-09-26. Focus on clinically significant chronic lung disease, current symptoms, recent infection/exacerbation and markers of severity. Routine disease-by-disease questioning should be minimised in low-risk patients.",https://pmc.ncbi.nlm.nih.gov/articles/PMC11704732/; https://pmc.ncbi.nlm.nih.gov/articles/PMC7047701/
RESP-014,Respiratory,Recent exacerbation,Recent exacerbation,C1,"Known asthma, COPD, bronchiectasis or other chronic lung disease",Has your lung condition flared up recently?,Use plain-language synonyms and examples if the patient is unsure.,boolean,"Clarify timing, severity, current status, treatment and relevant records if positive.",Explicit patient denial or authoritative source documenting absence.,Record PATIENT_UNSURE/NOT_KNOWN; do not convert to negative. Seek corroborating source where clinically important.,Current or recent unresolved exacerbation: clinician review; optimisation and timing depend on severity and procedure.,"Required if positive, conflicting or clinically material.",None: do not infer a diagnosis or negative finding.,ARISCAT-related respiratory risk inputs where applicable,Patient report; corroborate with EMR/previous anaesthetic/medication record where available.,Contemporary preoperative pulmonary evaluation review; ARISCAT/PPC literature; ANZCA PG07,B/D/E,1.0.2,"Domain validated 2026-09-26. Focus on clinically significant chronic lung disease, current symptoms, recent infection/exacerbation and markers of severity. Routine disease-by-disease questioning should be minimised in low-risk patients.",https://pmc.ncbi.nlm.nih.gov/articles/PMC11704732/; https://pmc.ncbi.nlm.nih.gov/articles/PMC7047701/
RESP-015,Respiratory,Recent respiratory hospitalisation,Recent respiratory hospitalisation,C1,Known chronic lung disease or recent respiratory deterioration,Have you been admitted to hospital for a breathing problem in the last year?,Use plain-language synonyms and examples if the patient is unsure.,boolean,"Clarify timing, severity, current status, treatment and relevant records if positive.",Explicit patient denial or authoritative source documenting absence.,Record PATIENT_UNSURE/NOT_KNOWN; do not convert to negative. Seek corroborating source where clinically important.,None,"Required if positive, conflicting or clinically material.",None: do not infer a diagnosis or negative finding.,ARISCAT-related respiratory risk inputs where applicable,Patient report; corroborate with EMR/previous anaesthetic/medication record where available.,Contemporary preoperative pulmonary evaluation review; ARISCAT/PPC literature; ANZCA PG07,B/D/E,1.0.2,"Domain validated 2026-09-26. Focus on clinically significant chronic lung disease, current symptoms, recent infection/exacerbation and markers of severity. Routine disease-by-disease questioning should be minimised in low-risk patients.",https://pmc.ncbi.nlm.nih.gov/articles/PMC11704732/; https://pmc.ncbi.nlm.nih.gov/articles/PMC7047701/
RESP-016,Respiratory,Inhaler use,Inhaler use,C1,Known respiratory disease or patient reports inhaled/nebulised treatment,"Do you use inhalers, nebulisers or other breathing medicines?",Use plain-language synonyms and examples if the patient is unsure.,boolean,"Reconcile inhaler/nebuliser name, frequency, adherence and rescue use in MED domain; frequent rescue use may indicate poor control.",Explicit patient denial or authoritative source documenting absence.,Record PATIENT_UNSURE/NOT_KNOWN; do not convert to negative. Seek corroborating source where clinically important.,None,"Required if positive, conflicting or clinically material.",None: do not infer a diagnosis or negative finding.,ARISCAT-related respiratory risk inputs where applicable,Patient report; corroborate with EMR/previous anaesthetic/medication record where available.,Contemporary preoperative pulmonary evaluation review; ARISCAT/PPC literature; ANZCA PG07,B/D/E,1.0.2,"Domain validated 2026-09-26. Focus on clinically significant chronic lung disease, current symptoms, recent infection/exacerbation and markers of severity. Routine disease-by-disease questioning should be minimised in low-risk patients.",https://pmc.ncbi.nlm.nih.gov/articles/PMC11704732/; https://pmc.ncbi.nlm.nih.gov/articles/PMC7047701/
RESP-017,Respiratory,Steroid for lung disease,Steroid for lung disease,C1,Known asthma/COPD or recent respiratory exacerbation,Have you needed steroid tablets or injections for your breathing recently?,Use plain-language synonyms and examples if the patient is unsure.,boolean,"Capture timing, dose/course if known and reconcile chronic/recent systemic steroid exposure in MED/ENDO domains.",Explicit patient denial or authoritative source documenting absence.,Record PATIENT_UNSURE/NOT_KNOWN; do not convert to negative. Seek corroborating source where clinically important.,None,"Required if positive, conflicting or clinically material.",None: do not infer a diagnosis or negative finding.,ARISCAT-related respiratory risk inputs where applicable,Patient report; corroborate with EMR/previous anaesthetic/medication record where available.,Contemporary preoperative pulmonary evaluation review; ARISCAT/PPC literature; ANZCA PG07,B/D/E,1.0.2,"Domain validated 2026-09-26. Focus on clinically significant chronic lung disease, current symptoms, recent infection/exacerbation and markers of severity. Routine disease-by-disease questioning should be minimised in low-risk patients.",https://pmc.ncbi.nlm.nih.gov/articles/PMC11704732/; https://pmc.ncbi.nlm.nih.gov/articles/PMC7047701/
OSA-001,Sleep and obstructive sleep apnoea,Diagnosed OSA,Diagnosed OSA,M0,All patients,Have you been diagnosed with obstructive sleep apnoea?,Use plain-language synonyms and examples if the patient is unsure.,boolean,"Clarify timing, severity, current status, treatment and relevant records if positive.",Explicit patient denial or authoritative source documenting absence.,Record PATIENT_UNSURE/NOT_KNOWN; do not convert to negative. Seek corroborating source where clinically important.,AMBER: clinician review/optimisation if positive or unresolved.,"Required if positive, conflicting or clinically material.",None: do not infer a diagnosis or negative finding.,STOP-Bang,Patient report; corroborate with EMR/previous anaesthetic/medication record where available.,SASM guideline on preoperative OSA screening; CPOC Perioperative Management of OSA in Adults (updated 2025),B,1.0.2,Domain validated 2026-09-26. Surgical patients without known OSA should be screened with a validated tool. Known OSA requires severity and PAP-use information where available.,https://pmc.ncbi.nlm.nih.gov/articles/PMC4956681/; https://www.cpoc.org.uk/sites/cpoc/files/documents/2025-03/Sleep-Apnea-Guidance.pdf
OSA-002,Sleep and obstructive sleep apnoea,Sleep study,Sleep study,C1,"Known OSA, positive sleep study or PAP therapy",Have you had a sleep study?,Use plain-language synonyms and examples if the patient is unsure.,boolean,"Clarify timing, severity, current status, treatment and relevant records if positive.",Explicit patient denial or authoritative source documenting absence.,Record PATIENT_UNSURE/NOT_KNOWN; do not convert to negative. Seek corroborating source where clinically important.,None,"Required if positive, conflicting or clinically material.",None: do not infer a diagnosis or negative finding.,STOP-Bang,Patient report; corroborate with EMR/previous anaesthetic/medication record where available.,SASM guideline on preoperative OSA screening; CPOC Perioperative Management of OSA in Adults (updated 2025),B,1.0.2,Domain validated 2026-09-26. Surgical patients without known OSA should be screened with a validated tool. Known OSA requires severity and PAP-use information where available.,https://pmc.ncbi.nlm.nih.gov/articles/PMC4956681/; https://www.cpoc.org.uk/sites/cpoc/files/documents/2025-03/Sleep-Apnea-Guidance.pdf
OSA-003,Sleep and obstructive sleep apnoea,OSA severity/AHI,OSA severity/AHI,C1,"Known OSA, positive sleep study or PAP therapy","Do you know whether your sleep apnoea was mild, moderate or severe, or your AHI result?",Use plain-language synonyms and examples if the patient is unsure.,text,Clarify if incomplete or ambiguous.,Not applicable; capture value or explicit unknown.,Record PATIENT_UNSURE/NOT_KNOWN; do not convert to negative. Seek corroborating source where clinically important.,None,"Required if positive, conflicting or clinically material.",None: do not infer a diagnosis or negative finding.,STOP-Bang,Patient report; corroborate with EMR/previous anaesthetic/medication record where available.,SASM guideline on preoperative OSA screening; CPOC Perioperative Management of OSA in Adults (updated 2025),B,1.0.2,Domain validated 2026-09-26. Surgical patients without known OSA should be screened with a validated tool. Known OSA requires severity and PAP-use information where available.,https://pmc.ncbi.nlm.nih.gov/articles/PMC4956681/; https://www.cpoc.org.uk/sites/cpoc/files/documents/2025-03/Sleep-Apnea-Guidance.pdf
OSA-004,Sleep and obstructive sleep apnoea,Snoring,Snoring,M0,"All patients without established OSA, or where current OSA status/severity is uncertain",Do you snore loudly?,Use plain-language synonyms and examples if the patient is unsure.,boolean,"Clarify timing, severity, current status, treatment and relevant records if positive.",Explicit patient denial or authoritative source documenting absence.,Record PATIENT_UNSURE/NOT_KNOWN; do not convert to negative. Seek corroborating source where clinically important.,None,Review as part of completed assessment.,None: do not infer a diagnosis or negative finding.,STOP-Bang,Patient report; corroborate with EMR/previous anaesthetic/medication record where available.,SASM guideline on preoperative OSA screening; CPOC Perioperative Management of OSA in Adults (updated 2025),B,1.0.2,Domain validated 2026-09-26. Surgical patients without known OSA should be screened with a validated tool. Known OSA requires severity and PAP-use information where available.,https://pmc.ncbi.nlm.nih.gov/articles/PMC4956681/; https://www.cpoc.org.uk/sites/cpoc/files/documents/2025-03/Sleep-Apnea-Guidance.pdf
OSA-005,Sleep and obstructive sleep apnoea,Daytime tiredness,Daytime tiredness,M0,"All patients without established OSA, or where current OSA status/severity is uncertain","Do you often feel tired, fatigued or sleepy during the daytime?",Use plain-language synonyms and examples if the patient is unsure.,boolean,"Clarify timing, severity, current status, treatment and relevant records if positive.",Explicit patient denial or authoritative source documenting absence.,Record PATIENT_UNSURE/NOT_KNOWN; do not convert to negative. Seek corroborating source where clinically important.,None,Review as part of completed assessment.,None: do not infer a diagnosis or negative finding.,STOP-Bang,Patient report; corroborate with EMR/previous anaesthetic/medication record where available.,SASM guideline on preoperative OSA screening; CPOC Perioperative Management of OSA in Adults (updated 2025),B,1.0.2,Domain validated 2026-09-26. Surgical patients without known OSA should be screened with a validated tool. Known OSA requires severity and PAP-use information where available.,https://pmc.ncbi.nlm.nih.gov/articles/PMC4956681/; https://www.cpoc.org.uk/sites/cpoc/files/documents/2025-03/Sleep-Apnea-Guidance.pdf
OSA-006,Sleep and obstructive sleep apnoea,Witnessed apnoea,Witnessed apnoea,M0,"All patients without established OSA, or where current OSA status/severity is uncertain","Has anyone seen you stop breathing, choke or gasp while asleep?",Use plain-language synonyms and examples if the patient is unsure.,boolean,"Clarify timing, severity, current status, treatment and relevant records if positive.",Explicit patient denial or authoritative source documenting absence.,Record PATIENT_UNSURE/NOT_KNOWN; do not convert to negative. Seek corroborating source where clinically important.,None,Review as part of completed assessment.,None: do not infer a diagnosis or negative finding.,STOP-Bang,Patient report; corroborate with EMR/previous anaesthetic/medication record where available.,SASM guideline on preoperative OSA screening; CPOC Perioperative Management of OSA in Adults (updated 2025),B,1.0.2,Domain validated 2026-09-26. Surgical patients without known OSA should be screened with a validated tool. Known OSA requires severity and PAP-use information where available.,https://pmc.ncbi.nlm.nih.gov/articles/PMC4956681/; https://www.cpoc.org.uk/sites/cpoc/files/documents/2025-03/Sleep-Apnea-Guidance.pdf
OSA-007,Sleep and obstructive sleep apnoea,OSA hypertension input,OSA hypertension input,M0,Use existing hypertension concept where already resolved; do not re-ask,Do you have high blood pressure?,Use plain-language synonyms and examples if the patient is unsure.,boolean,"Clarify timing, severity, current status, treatment and relevant records if positive.",Explicit patient denial or authoritative source documenting absence.,Record PATIENT_UNSURE/NOT_KNOWN; do not convert to negative. Seek corroborating source where clinically important.,None,Review as part of completed assessment.,None: do not infer a diagnosis or negative finding.,STOP-Bang,Patient report; corroborate with EMR/previous anaesthetic/medication record where available.,SASM guideline on preoperative OSA screening; CPOC Perioperative Management of OSA in Adults (updated 2025),B,1.0.2,Domain validated 2026-09-26. Surgical patients without known OSA should be screened with a validated tool. Known OSA requires severity and PAP-use information where available.,https://pmc.ncbi.nlm.nih.gov/articles/PMC4956681/; https://www.cpoc.org.uk/sites/cpoc/files/documents/2025-03/Sleep-Apnea-Guidance.pdf
OSA-008,Sleep and obstructive sleep apnoea,BMI input,BMI input,M1,Use recorded height/weight if available; otherwise collect when STOP-Bang or BMI is clinically required,What is your current height and weight?,Use plain-language synonyms and examples if the patient is unsure.,numeric,Clarify if incomplete or ambiguous.,Not applicable; capture value or explicit unknown.,Record PATIENT_UNSURE/NOT_KNOWN; do not convert to negative. Seek corroborating source where clinically important.,None,Review as part of completed assessment.,Derived calculation permitted only from explicit source values.,STOP-Bang; BMI,Patient report; corroborate with EMR/previous anaesthetic/medication record where available.,SASM guideline on preoperative OSA screening; CPOC Perioperative Management of OSA in Adults (updated 2025),B,1.0.2,Domain validated 2026-09-26. Surgical patients without known OSA should be screened with a validated tool. Known OSA requires severity and PAP-use information where available.,https://pmc.ncbi.nlm.nih.gov/articles/PMC4956681/; https://www.cpoc.org.uk/sites/cpoc/files/documents/2025-03/Sleep-Apnea-Guidance.pdf
OSA-009,Sleep and obstructive sleep apnoea,Age input,Age input,M0,Derive from DOB/identity data; do not ask again if known,What is your age?,Use plain-language synonyms and examples if the patient is unsure.,numeric,Clarify if incomplete or ambiguous.,Not applicable; capture value or explicit unknown.,Record PATIENT_UNSURE/NOT_KNOWN; do not convert to negative. Seek corroborating source where clinically important.,None,Review as part of completed assessment.,Deterministic calculation from verified date of birth only.,STOP-Bang,Patient report; corroborate with EMR/previous anaesthetic/medication record where available.,SASM guideline on preoperative OSA screening; CPOC Perioperative Management of OSA in Adults (updated 2025),B,1.0.2,Domain validated 2026-09-26. Surgical patients without known OSA should be screened with a validated tool. Known OSA requires severity and PAP-use information where available.,https://pmc.ncbi.nlm.nih.gov/articles/PMC4956681/; https://www.cpoc.org.uk/sites/cpoc/files/documents/2025-03/Sleep-Apnea-Guidance.pdf
OSA-010,Sleep and obstructive sleep apnoea,Neck circumference,Neck circumference,C4,STOP-Bang assessment where neck circumference is available or can be measured; do not require patient to know it,"If you know it, what is your neck circumference? Otherwise this can be measured later.",Use plain-language synonyms and examples if the patient is unsure.,numeric,Clarify if incomplete or ambiguous.,Not applicable; capture value or explicit unknown.,Record PATIENT_UNSURE/NOT_KNOWN; do not convert to negative. Seek corroborating source where clinically important.,None,"Required if positive, conflicting or clinically material.",Derived calculation permitted only from explicit source values.,STOP-Bang,Patient report; corroborate with EMR/previous anaesthetic/medication record where available.,SASM guideline on preoperative OSA screening; CPOC Perioperative Management of OSA in Adults (updated 2025),B,1.0.2,Domain validated 2026-09-26. Surgical patients without known OSA should be screened with a validated tool. Known OSA requires severity and PAP-use information where available.,https://pmc.ncbi.nlm.nih.gov/articles/PMC4956681/; https://www.cpoc.org.uk/sites/cpoc/files/documents/2025-03/Sleep-Apnea-Guidance.pdf
OSA-011,Sleep and obstructive sleep apnoea,Sex input,Sex input,M1,Only if not already available and required for the validated STOP-Bang calculation,"For this sleep-apnoea screening score, what sex were you assigned at birth?",Use plain-language synonyms and examples if the patient is unsure.,categorical,Clarify if incomplete or ambiguous.,Not applicable; capture value or explicit unknown.,Record PATIENT_UNSURE/NOT_KNOWN; do not convert to negative. Seek corroborating source where clinically important.,None,Review as part of completed assessment.,None: do not infer a diagnosis or negative finding.,STOP-Bang,Patient report; corroborate with EMR/previous anaesthetic/medication record where available.,SASM guideline on preoperative OSA screening; CPOC Perioperative Management of OSA in Adults (updated 2025),B,1.0.2,Domain validated 2026-09-26. Surgical patients without known OSA should be screened with a validated tool. Known OSA requires severity and PAP-use information where available.,https://pmc.ncbi.nlm.nih.gov/articles/PMC4956681/; https://www.cpoc.org.uk/sites/cpoc/files/documents/2025-03/Sleep-Apnea-Guidance.pdf
OSA-012,Sleep and obstructive sleep apnoea,CPAP prescribed,CPAP prescribed,C1,"Known OSA, positive sleep study or PAP therapy",Have you been prescribed CPAP?,Use plain-language synonyms and examples if the patient is unsure.,boolean,"Clarify timing, severity, current status, treatment and relevant records if positive.",Explicit patient denial or authoritative source documenting absence.,Record PATIENT_UNSURE/NOT_KNOWN; do not convert to negative. Seek corroborating source where clinically important.,None,"Required if positive, conflicting or clinically material.",None: do not infer a diagnosis or negative finding.,STOP-Bang,Patient report; corroborate with EMR/previous anaesthetic/medication record where available.,SASM guideline on preoperative OSA screening; CPOC Perioperative Management of OSA in Adults (updated 2025),B,1.0.2,Domain validated 2026-09-26. Surgical patients without known OSA should be screened with a validated tool. Known OSA requires severity and PAP-use information where available.,https://pmc.ncbi.nlm.nih.gov/articles/PMC4956681/; https://www.cpoc.org.uk/sites/cpoc/files/documents/2025-03/Sleep-Apnea-Guidance.pdf
OSA-013,Sleep and obstructive sleep apnoea,BiPAP prescribed,BiPAP prescribed,C1,"Known OSA, positive sleep study or PAP therapy",Have you been prescribed BiPAP or another PAP device?,Use plain-language synonyms and examples if the patient is unsure.,boolean,"Clarify timing, severity, current status, treatment and relevant records if positive.",Explicit patient denial or authoritative source documenting absence.,Record PATIENT_UNSURE/NOT_KNOWN; do not convert to negative. Seek corroborating source where clinically important.,None,"Required if positive, conflicting or clinically material.",None: do not infer a diagnosis or negative finding.,STOP-Bang,Patient report; corroborate with EMR/previous anaesthetic/medication record where available.,SASM guideline on preoperative OSA screening; CPOC Perioperative Management of OSA in Adults (updated 2025),B,1.0.2,Domain validated 2026-09-26. Surgical patients without known OSA should be screened with a validated tool. Known OSA requires severity and PAP-use information where available.,https://pmc.ncbi.nlm.nih.gov/articles/PMC4956681/; https://www.cpoc.org.uk/sites/cpoc/files/documents/2025-03/Sleep-Apnea-Guidance.pdf
OSA-014,Sleep and obstructive sleep apnoea,PAP adherence,PAP adherence,C1,"Known OSA, positive sleep study or PAP therapy",How often do you use your PAP device?,Use plain-language synonyms and examples if the patient is unsure.,categorical,Clarify if incomplete or ambiguous.,Not applicable; capture value or explicit unknown.,Record PATIENT_UNSURE/NOT_KNOWN; do not convert to negative. Seek corroborating source where clinically important.,AMBER: clinician review/optimisation if positive or unresolved.,"Review if prescribed PAP is not used, poorly tolerated or adherence is unknown in moderate/severe OSA.",None: do not infer a diagnosis or negative finding.,STOP-Bang,Patient report; corroborate with EMR/previous anaesthetic/medication record where available.,SASM guideline on preoperative OSA screening; CPOC Perioperative Management of OSA in Adults (updated 2025),B,1.0.2,Domain validated 2026-09-26. Surgical patients without known OSA should be screened with a validated tool. Known OSA requires severity and PAP-use information where available.,https://pmc.ncbi.nlm.nih.gov/articles/PMC4956681/; https://www.cpoc.org.uk/sites/cpoc/files/documents/2025-03/Sleep-Apnea-Guidance.pdf
OSA-015,Sleep and obstructive sleep apnoea,PAP settings,PAP settings,C1,"Known OSA, positive sleep study or PAP therapy",Do you know your CPAP or BiPAP settings?,Use plain-language synonyms and examples if the patient is unsure.,text,Clarify if incomplete or ambiguous.,Not applicable; capture value or explicit unknown.,Record PATIENT_UNSURE/NOT_KNOWN; do not convert to negative. Seek corroborating source where clinically important.,None,"Required if positive, conflicting or clinically material.",None: do not infer a diagnosis or negative finding.,STOP-Bang,Patient report; corroborate with EMR/previous anaesthetic/medication record where available.,SASM guideline on preoperative OSA screening; CPOC Perioperative Management of OSA in Adults (updated 2025),B,1.0.2,Domain validated 2026-09-26. Surgical patients without known OSA should be screened with a validated tool. Known OSA requires severity and PAP-use information where available.,https://pmc.ncbi.nlm.nih.gov/articles/PMC4956681/; https://www.cpoc.org.uk/sites/cpoc/files/documents/2025-03/Sleep-Apnea-Guidance.pdf
OSA-016,Sleep and obstructive sleep apnoea,Bring PAP device,Bring PAP device,C1,"Known OSA, positive sleep study or PAP therapy","If your team asks you to, would you be able to bring your CPAP or BiPAP device to hospital?",Use plain-language synonyms and examples if the patient is unsure.,boolean,"Clarify timing, severity, current status, treatment and relevant records if positive.",Explicit patient denial or authoritative source documenting absence.,Record PATIENT_UNSURE/NOT_KNOWN; do not convert to negative. Seek corroborating source where clinically important.,None,"Required if positive, conflicting or clinically material.",None: do not infer a diagnosis or negative finding.,STOP-Bang,Patient report; corroborate with EMR/previous anaesthetic/medication record where available.,SASM guideline on preoperative OSA screening; CPOC Perioperative Management of OSA in Adults (updated 2025),B,1.0.2,Domain validated 2026-09-26. This is a logistics/management field rather than diagnostic history; retain as conditional.,https://pmc.ncbi.nlm.nih.gov/articles/PMC4956681/; https://www.cpoc.org.uk/sites/cpoc/files/documents/2025-03/Sleep-Apnea-Guidance.pdf
NEURO-001,Neurological and neuromuscular,Stroke,Stroke,C1,"Positive broad neurological-history screen, relevant EMR diagnosis, neurological medication or symptoms",Have you ever had a stroke?,Use plain-language synonyms and examples if the patient is unsure.,boolean,"Clarify timing, severity, current status, treatment and relevant records if positive.",Explicit patient denial or authoritative source documenting absence.,Record PATIENT_UNSURE/NOT_KNOWN; do not convert to negative. Seek corroborating source where clinically important.,Recent stroke or new focal neurological symptoms: prompt clinician review; perioperative timing/risk management is condition- and procedure-specific.,"Required if positive, conflicting or clinically material.",None: do not infer a diagnosis or negative finding.,,Patient report; corroborate with EMR/previous anaesthetic/medication record where available.,Preoperative neurological evaluation review; AHA/ASA perioperative stroke scientific statement; ENMC neuromuscular anaesthesia consensus,B/F,1.0.2,"Domain validated 2026-09-26. A broad neurological history should identify cerebrovascular disease, seizure disorders, movement disorders and neuromuscular disease; detailed branches are condition-triggered.",https://pmc.ncbi.nlm.nih.gov/articles/PMC3810828/; https://pubmed.ncbi.nlm.nih.gov/33827230/; https://pmc.ncbi.nlm.nih.gov/articles/PMC9826444/
NEURO-002,Neurological and neuromuscular,TIA,TIA,C1,"Positive broad neurological-history screen, relevant EMR diagnosis, neurological medication or symptoms",Have you ever had a TIA or mini-stroke?,Use plain-language synonyms and examples if the patient is unsure.,boolean,"Clarify timing, severity, current status, treatment and relevant records if positive.",Explicit patient denial or authoritative source documenting absence.,Record PATIENT_UNSURE/NOT_KNOWN; do not convert to negative. Seek corroborating source where clinically important.,Recent TIA or new focal neurological symptoms: prompt clinician review.,Review as part of completed assessment.,None: do not infer a diagnosis or negative finding.,,Patient report; corroborate with EMR/previous anaesthetic/medication record where available.,Preoperative neurological evaluation review; AHA/ASA perioperative stroke scientific statement; ENMC neuromuscular anaesthesia consensus,B/F,1.0.2,"Domain validated 2026-09-26. A broad neurological history should identify cerebrovascular disease, seizure disorders, movement disorders and neuromuscular disease; detailed branches are condition-triggered.",https://pmc.ncbi.nlm.nih.gov/articles/PMC3810828/; https://pubmed.ncbi.nlm.nih.gov/33827230/; https://pmc.ncbi.nlm.nih.gov/articles/PMC9826444/
NEURO-003,Neurological and neuromuscular,Residual neurological deficit,Residual neurological deficit,C1,Prior stroke/TIA or neurological disease,"Do you have any lasting weakness, speech, vision or swallowing problem from a stroke or neurological condition?",Use plain-language synonyms and examples if the patient is unsure.,boolean,"Characterise baseline motor, speech, vision, cognition and swallowing deficits so postoperative change can be recognised.",Explicit patient denial or authoritative source documenting absence.,Record PATIENT_UNSURE/NOT_KNOWN; do not convert to negative. Seek corroborating source where clinically important.,None,"Required if positive, conflicting or clinically material.",None: do not infer a diagnosis or negative finding.,,Patient report; corroborate with EMR/previous anaesthetic/medication record where available.,Preoperative neurological evaluation review; AHA/ASA perioperative stroke scientific statement; ENMC neuromuscular anaesthesia consensus,B/F,1.0.2,"Domain validated 2026-09-26. A broad neurological history should identify cerebrovascular disease, seizure disorders, movement disorders and neuromuscular disease; detailed branches are condition-triggered.",https://pmc.ncbi.nlm.nih.gov/articles/PMC3810828/; https://pubmed.ncbi.nlm.nih.gov/33827230/; https://pmc.ncbi.nlm.nih.gov/articles/PMC9826444/
NEURO-004,Neurological and neuromuscular,Epilepsy/seizures,Epilepsy/seizures,C1,"Positive broad neurological-history screen, relevant EMR diagnosis, neurological medication or symptoms",Have you ever had seizures or epilepsy?,Use plain-language synonyms and examples if the patient is unsure.,boolean,"Clarify seizure type if known, frequency/control, last seizure, triggers/status epilepticus history and reconcile antiseizure medicines.",Explicit patient denial or authoritative source documenting absence.,Record PATIENT_UNSURE/NOT_KNOWN; do not convert to negative. Seek corroborating source where clinically important.,None,Review as part of completed assessment.,None: do not infer a diagnosis or negative finding.,,Patient report; corroborate with EMR/previous anaesthetic/medication record where available.,Preoperative neurological evaluation review; AHA/ASA perioperative stroke scientific statement; ENMC neuromuscular anaesthesia consensus,B/F,1.0.2,"Domain validated 2026-09-26. A broad neurological history should identify cerebrovascular disease, seizure disorders, movement disorders and neuromuscular disease; detailed branches are condition-triggered.",https://pmc.ncbi.nlm.nih.gov/articles/PMC3810828/; https://pubmed.ncbi.nlm.nih.gov/33827230/; https://pmc.ncbi.nlm.nih.gov/articles/PMC9826444/
NEURO-005,Neurological and neuromuscular,Last seizure,Last seizure,C1,History of epilepsy/seizure,When was your most recent seizure?,Use plain-language synonyms and examples if the patient is unsure.,date,Clarify if incomplete or ambiguous.,Not applicable; capture value or explicit unknown.,Record PATIENT_UNSURE/NOT_KNOWN; do not convert to negative. Seek corroborating source where clinically important.,"Recent increase in seizure frequency, recent status epilepticus or poorly controlled seizures: clinician review.","Required if positive, conflicting or clinically material.",Derived calculation permitted only from explicit source values.,,Patient report; corroborate with EMR/previous anaesthetic/medication record where available.,Preoperative neurological evaluation review; AHA/ASA perioperative stroke scientific statement; ENMC neuromuscular anaesthesia consensus,B/F,1.0.2,"Domain validated 2026-09-26. A broad neurological history should identify cerebrovascular disease, seizure disorders, movement disorders and neuromuscular disease; detailed branches are condition-triggered.",https://pmc.ncbi.nlm.nih.gov/articles/PMC3810828/; https://pubmed.ncbi.nlm.nih.gov/33827230/; https://pmc.ncbi.nlm.nih.gov/articles/PMC9826444/
NEURO-006,Neurological and neuromuscular,Parkinson disease,Parkinson disease,C1,"Positive broad neurological-history screen, relevant EMR diagnosis, neurological medication or symptoms",Do you have Parkinson's disease or parkinsonism?,Use plain-language synonyms and examples if the patient is unsure.,boolean,Reconcile exact dopaminergic medication schedule; avoid unnecessary interruption of time-critical therapy.,Explicit patient denial or authoritative source documenting absence.,Record PATIENT_UNSURE/NOT_KNOWN; do not convert to negative. Seek corroborating source where clinically important.,None,Review as part of completed assessment.,None: do not infer a diagnosis or negative finding.,,Patient report; corroborate with EMR/previous anaesthetic/medication record where available.,Preoperative neurological evaluation review; AHA/ASA perioperative stroke scientific statement; ENMC neuromuscular anaesthesia consensus,B/F,1.0.2,"Domain validated 2026-09-26. A broad neurological history should identify cerebrovascular disease, seizure disorders, movement disorders and neuromuscular disease; detailed branches are condition-triggered.",https://pmc.ncbi.nlm.nih.gov/articles/PMC3810828/; https://pubmed.ncbi.nlm.nih.gov/33827230/; https://pmc.ncbi.nlm.nih.gov/articles/PMC9826444/
NEURO-007,Neurological and neuromuscular,Multiple sclerosis,Multiple sclerosis,C1,"Positive broad neurological-history screen, relevant EMR diagnosis, neurological medication or symptoms",Do you have multiple sclerosis?,Use plain-language synonyms and examples if the patient is unsure.,boolean,"Clarify timing, severity, current status, treatment and relevant records if positive.",Explicit patient denial or authoritative source documenting absence.,Record PATIENT_UNSURE/NOT_KNOWN; do not convert to negative. Seek corroborating source where clinically important.,None,Review as part of completed assessment.,None: do not infer a diagnosis or negative finding.,,Patient report; corroborate with EMR/previous anaesthetic/medication record where available.,Preoperative neurological evaluation review; AHA/ASA perioperative stroke scientific statement; ENMC neuromuscular anaesthesia consensus,B/F,1.0.2,"Domain validated 2026-09-26. A broad neurological history should identify cerebrovascular disease, seizure disorders, movement disorders and neuromuscular disease; detailed branches are condition-triggered.",https://pmc.ncbi.nlm.nih.gov/articles/PMC3810828/; https://pubmed.ncbi.nlm.nih.gov/33827230/; https://pmc.ncbi.nlm.nih.gov/articles/PMC9826444/
NEURO-008,Neurological and neuromuscular,Neuromuscular disorder,Neuromuscular disorder,C1,"Positive broad neurological-history screen, relevant EMR diagnosis, neurological medication or symptoms",Do you have a muscle or nerve disorder such as myasthenia gravis or muscular dystrophy?,Use plain-language synonyms and examples if the patient is unsure.,boolean,"Identify confirmed/suspected diagnosis, degree of weakness, bulbar/respiratory involvement, mobility and relevant cardiac disease; reconcile disease-specific treatment.",Explicit patient denial or authoritative source documenting absence.,Record PATIENT_UNSURE/NOT_KNOWN; do not convert to negative. Seek corroborating source where clinically important.,None,Mandatory clinician review for known or suspected significant neuromuscular disorder.,None: do not infer a diagnosis or negative finding.,,Patient report; corroborate with EMR/previous anaesthetic/medication record where available.,Preoperative neurological evaluation review; AHA/ASA perioperative stroke scientific statement; ENMC neuromuscular anaesthesia consensus,B/F,1.0.2,"Domain validated 2026-09-26. A broad neurological history should identify cerebrovascular disease, seizure disorders, movement disorders and neuromuscular disease; detailed branches are condition-triggered.",https://pmc.ncbi.nlm.nih.gov/articles/PMC3810828/; https://pubmed.ncbi.nlm.nih.gov/33827230/; https://pmc.ncbi.nlm.nih.gov/articles/PMC9826444/
NEURO-009,Neurological and neuromuscular,Peripheral neuropathy,Peripheral neuropathy,C1,"Positive neurological history, diabetes/chemotherapy or symptoms relevant to positioning/regional anaesthesia","Do you have numbness, tingling or neuropathy?",Use plain-language synonyms and examples if the patient is unsure.,boolean,"Clarify timing, severity, current status, treatment and relevant records if positive.",Explicit patient denial or authoritative source documenting absence.,Record PATIENT_UNSURE/NOT_KNOWN; do not convert to negative. Seek corroborating source where clinically important.,None,Review as part of completed assessment.,None: do not infer a diagnosis or negative finding.,,Patient report; corroborate with EMR/previous anaesthetic/medication record where available.,Preoperative neurological evaluation review; AHA/ASA perioperative stroke scientific statement; ENMC neuromuscular anaesthesia consensus,B/F,1.0.2,"Domain validated 2026-09-26. A broad neurological history should identify cerebrovascular disease, seizure disorders, movement disorders and neuromuscular disease; detailed branches are condition-triggered.",https://pmc.ncbi.nlm.nih.gov/articles/PMC3810828/; https://pubmed.ncbi.nlm.nih.gov/33827230/; https://pmc.ncbi.nlm.nih.gov/articles/PMC9826444/
NEURO-010,Neurological and neuromuscular,Spinal cord disease/injury,Spinal cord disease/injury,C1,Positive neurological/spinal history or mobility/sensory deficit,Do you have a spinal cord condition or previous spinal cord injury?,Use plain-language synonyms and examples if the patient is unsure.,boolean,"Clarify timing, severity, current status, treatment and relevant records if positive.",Explicit patient denial or authoritative source documenting absence.,Record PATIENT_UNSURE/NOT_KNOWN; do not convert to negative. Seek corroborating source where clinically important.,None,Review as part of completed assessment.,None: do not infer a diagnosis or negative finding.,,Patient report; corroborate with EMR/previous anaesthetic/medication record where available.,Preoperative neurological evaluation review; AHA/ASA perioperative stroke scientific statement; ENMC neuromuscular anaesthesia consensus,B/F,1.0.2,"Domain validated 2026-09-26. A broad neurological history should identify cerebrovascular disease, seizure disorders, movement disorders and neuromuscular disease; detailed branches are condition-triggered.",https://pmc.ncbi.nlm.nih.gov/articles/PMC3810828/; https://pubmed.ncbi.nlm.nih.gov/33827230/; https://pmc.ncbi.nlm.nih.gov/articles/PMC9826444/
NEURO-011,Neurological and neuromuscular,Raised intracranial pressure/brain lesion,Raised intracranial pressure/brain lesion,C1,Known intracranial lesion/hydrocephalus or concerning neurological symptoms,"Do you have a brain tumour, hydrocephalus or a condition causing raised pressure in the brain?",Use plain-language synonyms and examples if the patient is unsure.,boolean,"Clarify timing, severity, current status, treatment and relevant records if positive.",Explicit patient denial or authoritative source documenting absence.,Record PATIENT_UNSURE/NOT_KNOWN; do not convert to negative. Seek corroborating source where clinically important.,Symptoms/signs suggesting raised intracranial pressure or acute neurological deterioration: urgent clinician assessment.,"Required if positive, conflicting or clinically material.",None: do not infer a diagnosis or negative finding.,,Patient report; corroborate with EMR/previous anaesthetic/medication record where available.,Preoperative neurological evaluation review; AHA/ASA perioperative stroke scientific statement; ENMC neuromuscular anaesthesia consensus,B/F,1.0.2,"Domain validated 2026-09-26. A broad neurological history should identify cerebrovascular disease, seizure disorders, movement disorders and neuromuscular disease; detailed branches are condition-triggered.",https://pmc.ncbi.nlm.nih.gov/articles/PMC3810828/; https://pubmed.ncbi.nlm.nih.gov/33827230/; https://pmc.ncbi.nlm.nih.gov/articles/PMC9826444/
NEURO-012,Neurological and neuromuscular,Migraine/headache disorder,Migraine/headache disorder,O,If clinically relevant to current symptoms or perioperative medication planning,Do you have severe or recurrent migraine or headache problems?,Use plain-language synonyms and examples if the patient is unsure.,boolean,"Clarify timing, severity, current status, treatment and relevant records if positive.",Explicit patient denial or authoritative source documenting absence.,Record PATIENT_UNSURE/NOT_KNOWN; do not convert to negative. Seek corroborating source where clinically important.,None,Review as part of completed assessment.,None: do not infer a diagnosis or negative finding.,,Patient report; corroborate with EMR/previous anaesthetic/medication record where available.,Preoperative neurological evaluation review; AHA/ASA perioperative stroke scientific statement; ENMC neuromuscular anaesthesia consensus,B/F,1.0.2,"Domain validated 2026-09-26. A broad neurological history should identify cerebrovascular disease, seizure disorders, movement disorders and neuromuscular disease; detailed branches are condition-triggered.",https://pmc.ncbi.nlm.nih.gov/articles/PMC3810828/; https://pubmed.ncbi.nlm.nih.gov/33827230/; https://pmc.ncbi.nlm.nih.gov/articles/PMC9826444/
NEURO-013,Neurological and neuromuscular,Swallowing impairment,Swallowing impairment,C1,"Stroke, Parkinson disease, neuromuscular disease or reported dysphagia",Do you have difficulty swallowing because of a neurological condition?,Use plain-language synonyms and examples if the patient is unsure.,boolean,"Clarify timing, severity, current status, treatment and relevant records if positive.",Explicit patient denial or authoritative source documenting absence.,Record PATIENT_UNSURE/NOT_KNOWN; do not convert to negative. Seek corroborating source where clinically important.,"Significant dysphagia, recurrent aspiration or inability to manage secretions: clinician review and aspiration-risk planning.","Required if positive, conflicting or clinically material.",None: do not infer a diagnosis or negative finding.,,Patient report; corroborate with EMR/previous anaesthetic/medication record where available.,Preoperative neurological evaluation review; AHA/ASA perioperative stroke scientific statement; ENMC neuromuscular anaesthesia consensus,B/F,1.0.2,"Domain validated 2026-09-26. A broad neurological history should identify cerebrovascular disease, seizure disorders, movement disorders and neuromuscular disease; detailed branches are condition-triggered.",https://pmc.ncbi.nlm.nih.gov/articles/PMC3810828/; https://pubmed.ncbi.nlm.nih.gov/33827230/; https://pmc.ncbi.nlm.nih.gov/articles/PMC9826444/
RENAL-001,Renal and urological,Chronic kidney disease,Chronic kidney disease,M0,All patients,Have you been told you have chronic kidney disease or reduced kidney function?,Use plain-language synonyms and examples if the patient is unsure.,boolean,"Clarify timing, severity, current status, treatment and relevant records if positive.",Explicit patient denial or authoritative source documenting absence.,Record PATIENT_UNSURE/NOT_KNOWN; do not convert to negative. Seek corroborating source where clinically important.,None,Review as part of completed assessment.,None: do not infer a diagnosis or negative finding.,,Patient report; corroborate with EMR/previous anaesthetic/medication record where available.,ADQI/POQI joint consensus on postoperative AKI; contemporary dialysis anaesthesia review; ESRD/CKD preoperative evaluation review,B/D,1.0.2,"Domain validated 2026-09-26. CKD, recent AKI and dialysis are key perioperative risk states. Laboratory renal function and dialysis/access details should preferentially come from authoritative records rather than patient recall.",https://pmc.ncbi.nlm.nih.gov/articles/PMC8367817/; https://pmc.ncbi.nlm.nih.gov/articles/PMC11671837/; https://pmc.ncbi.nlm.nih.gov/articles/PMC8848094/
RENAL-002,Renal and urological,CKD stage,CKD stage,C1,Known CKD,"Do you know what stage your kidney disease is, or have you been told how reduced your kidney function is?",Use plain-language synonyms and examples if the patient is unsure.,text,Clarify if incomplete or ambiguous.,Not applicable; capture value or explicit unknown.,Record PATIENT_UNSURE/NOT_KNOWN; do not convert to negative. Seek corroborating source where clinically important.,None,"Required if positive, conflicting or clinically material.",None: do not infer a diagnosis or negative finding.,,EMR/laboratory eGFR and creatinine preferred; patient report may supplement.,ADQI/POQI joint consensus on postoperative AKI; contemporary dialysis anaesthesia review; ESRD/CKD preoperative evaluation review,B/D,1.0.2,"Domain validated 2026-09-26. CKD, recent AKI and dialysis are key perioperative risk states. Laboratory renal function and dialysis/access details should preferentially come from authoritative records rather than patient recall.",https://pmc.ncbi.nlm.nih.gov/articles/PMC8367817/; https://pmc.ncbi.nlm.nih.gov/articles/PMC11671837/; https://pmc.ncbi.nlm.nih.gov/articles/PMC8848094/
RENAL-003,Renal and urological,Recent AKI,Recent AKI,C1,"Known CKD, recent hospitalisation/acute illness or patient reports recent kidney problem",Have you had a recent episode of acute kidney injury?,Use plain-language synonyms and examples if the patient is unsure.,boolean,"Clarify timing, severity, current status, treatment and relevant records if positive.",Explicit patient denial or authoritative source documenting absence.,Record PATIENT_UNSURE/NOT_KNOWN; do not convert to negative. Seek corroborating source where clinically important.,Current or unresolved AKI/recent substantial renal deterioration: clinician review and current laboratory assessment.,"Required if positive, conflicting or clinically material.",None: do not infer a diagnosis or negative finding.,,Patient report; corroborate with EMR/previous anaesthetic/medication record where available.,ADQI/POQI joint consensus on postoperative AKI; contemporary dialysis anaesthesia review; ESRD/CKD preoperative evaluation review,B/D,1.0.2,"Domain validated 2026-09-26. CKD, recent AKI and dialysis are key perioperative risk states. Laboratory renal function and dialysis/access details should preferentially come from authoritative records rather than patient recall.",https://pmc.ncbi.nlm.nih.gov/articles/PMC8367817/; https://pmc.ncbi.nlm.nih.gov/articles/PMC11671837/; https://pmc.ncbi.nlm.nih.gov/articles/PMC8848094/
RENAL-004,Renal and urological,Dialysis,Dialysis,M0,All patients,Do you receive dialysis?,Use plain-language synonyms and examples if the patient is unsure.,boolean,"Clarify timing, severity, current status, treatment and relevant records if positive.",Explicit patient denial or authoritative source documenting absence.,Record PATIENT_UNSURE/NOT_KNOWN; do not convert to negative. Seek corroborating source where clinically important.,AMBER: clinician review/optimisation if positive or unresolved.,"Required if positive, conflicting or clinically material.",None: do not infer a diagnosis or negative finding.,,Patient report; corroborate with EMR/previous anaesthetic/medication record where available.,ADQI/POQI joint consensus on postoperative AKI; contemporary dialysis anaesthesia review; ESRD/CKD preoperative evaluation review,B/D,1.0.2,"Domain validated 2026-09-26. CKD, recent AKI and dialysis are key perioperative risk states. Laboratory renal function and dialysis/access details should preferentially come from authoritative records rather than patient recall.",https://pmc.ncbi.nlm.nih.gov/articles/PMC8367817/; https://pmc.ncbi.nlm.nih.gov/articles/PMC11671837/; https://pmc.ncbi.nlm.nih.gov/articles/PMC8848094/
RENAL-005,Renal and urological,Dialysis modality,Dialysis modality,C1,Dialysis or advanced CKD as applicable,Is that haemodialysis or peritoneal dialysis?,Use plain-language synonyms and examples if the patient is unsure.,categorical,Clarify if incomplete or ambiguous.,Not applicable; capture value or explicit unknown.,Record PATIENT_UNSURE/NOT_KNOWN; do not convert to negative. Seek corroborating source where clinically important.,AMBER: clinician review/optimisation if positive or unresolved.,"Required if positive, conflicting or clinically material.",None: do not infer a diagnosis or negative finding.,,Patient report; corroborate with EMR/previous anaesthetic/medication record where available.,ADQI/POQI joint consensus on postoperative AKI; contemporary dialysis anaesthesia review; ESRD/CKD preoperative evaluation review,B/D,1.0.2,"Domain validated 2026-09-26. CKD, recent AKI and dialysis are key perioperative risk states. Laboratory renal function and dialysis/access details should preferentially come from authoritative records rather than patient recall.",https://pmc.ncbi.nlm.nih.gov/articles/PMC8367817/; https://pmc.ncbi.nlm.nih.gov/articles/PMC11671837/; https://pmc.ncbi.nlm.nih.gov/articles/PMC8848094/
RENAL-006,Renal and urological,Dialysis schedule,Dialysis schedule,C1,Dialysis or advanced CKD as applicable,What days do you usually have dialysis?,Use plain-language synonyms and examples if the patient is unsure.,text,Record usual schedule and dialysis unit if relevant; perioperative dialysis timing should be confirmed with authoritative records/team.,Not applicable; capture value or explicit unknown.,Record PATIENT_UNSURE/NOT_KNOWN; do not convert to negative. Seek corroborating source where clinically important.,AMBER: clinician review/optimisation if positive or unresolved.,"Required if positive, conflicting or clinically material.",None: do not infer a diagnosis or negative finding.,,Patient report; corroborate with EMR/previous anaesthetic/medication record where available.,ADQI/POQI joint consensus on postoperative AKI; contemporary dialysis anaesthesia review; ESRD/CKD preoperative evaluation review,B/D,1.0.2,"Domain validated 2026-09-26. CKD, recent AKI and dialysis are key perioperative risk states. Laboratory renal function and dialysis/access details should preferentially come from authoritative records rather than patient recall.",https://pmc.ncbi.nlm.nih.gov/articles/PMC8367817/; https://pmc.ncbi.nlm.nih.gov/articles/PMC11671837/; https://pmc.ncbi.nlm.nih.gov/articles/PMC8848094/
RENAL-007,Renal and urological,Last dialysis,Last dialysis,C1,Dialysis or advanced CKD as applicable,When was your most recent dialysis?,Use plain-language synonyms and examples if the patient is unsure.,date,Clarify if incomplete or ambiguous.,Not applicable; capture value or explicit unknown.,Record PATIENT_UNSURE/NOT_KNOWN; do not convert to negative. Seek corroborating source where clinically important.,"Missed or delayed dialysis, suspected volume overload or significant electrolyte concern: clinician review.","Required if positive, conflicting or clinically material.",Derived calculation permitted only from explicit source values.,,Patient report plus dialysis record/unit confirmation where available.,ADQI/POQI joint consensus on postoperative AKI; contemporary dialysis anaesthesia review; ESRD/CKD preoperative evaluation review,B/D,1.0.2,"Domain validated 2026-09-26. CKD, recent AKI and dialysis are key perioperative risk states. Laboratory renal function and dialysis/access details should preferentially come from authoritative records rather than patient recall.",https://pmc.ncbi.nlm.nih.gov/articles/PMC8367817/; https://pmc.ncbi.nlm.nih.gov/articles/PMC11671837/; https://pmc.ncbi.nlm.nih.gov/articles/PMC8848094/
RENAL-008,Renal and urological,Dialysis access,Dialysis access,C1,Dialysis or advanced CKD as applicable,What type of dialysis access do you have?,Use plain-language synonyms and examples if the patient is unsure.,text,Record access type/site and any reported infection or access problem; physical assessment remains clinician responsibility.,Not applicable; capture value or explicit unknown.,Record PATIENT_UNSURE/NOT_KNOWN; do not convert to negative. Seek corroborating source where clinically important.,AMBER: clinician review/optimisation if positive or unresolved.,"Required if positive, conflicting or clinically material.",None: do not infer a diagnosis or negative finding.,,Patient report; corroborate with EMR/previous anaesthetic/medication record where available.,ADQI/POQI joint consensus on postoperative AKI; contemporary dialysis anaesthesia review; ESRD/CKD preoperative evaluation review,B/D,1.0.2,"Domain validated 2026-09-26. CKD, recent AKI and dialysis are key perioperative risk states. Laboratory renal function and dialysis/access details should preferentially come from authoritative records rather than patient recall.",https://pmc.ncbi.nlm.nih.gov/articles/PMC8367817/; https://pmc.ncbi.nlm.nih.gov/articles/PMC11671837/; https://pmc.ncbi.nlm.nih.gov/articles/PMC8848094/
RENAL-009,Renal and urological,Renal transplant,Renal transplant,M0,All patients,Have you had a kidney transplant?,Use plain-language synonyms and examples if the patient is unsure.,boolean,"Reconcile transplant function, transplant team follow-up and immunosuppressive medicines in MED domain.",Explicit patient denial or authoritative source documenting absence.,Record PATIENT_UNSURE/NOT_KNOWN; do not convert to negative. Seek corroborating source where clinically important.,None,Review as part of completed assessment.,None: do not infer a diagnosis or negative finding.,,Patient report; corroborate with EMR/previous anaesthetic/medication record where available.,ADQI/POQI joint consensus on postoperative AKI; contemporary dialysis anaesthesia review; ESRD/CKD preoperative evaluation review,B/D,1.0.2,"Domain validated 2026-09-26. CKD, recent AKI and dialysis are key perioperative risk states. Laboratory renal function and dialysis/access details should preferentially come from authoritative records rather than patient recall.",https://pmc.ncbi.nlm.nih.gov/articles/PMC8367817/; https://pmc.ncbi.nlm.nih.gov/articles/PMC11671837/; https://pmc.ncbi.nlm.nih.gov/articles/PMC8848094/
RENAL-010,Renal and urological,Fluid restriction,Fluid restriction,C1,"Dialysis, advanced CKD, heart failure or prescribed fluid restriction",Have you been asked to restrict how much fluid you drink?,Use plain-language synonyms and examples if the patient is unsure.,boolean,"Clarify timing, severity, current status, treatment and relevant records if positive.",Explicit patient denial or authoritative source documenting absence.,Record PATIENT_UNSURE/NOT_KNOWN; do not convert to negative. Seek corroborating source where clinically important.,None,"Required if positive, conflicting or clinically material.",None: do not infer a diagnosis or negative finding.,,Patient report; corroborate with EMR/previous anaesthetic/medication record where available.,ADQI/POQI joint consensus on postoperative AKI; contemporary dialysis anaesthesia review; ESRD/CKD preoperative evaluation review,B/D,1.0.2,"Domain validated 2026-09-26. CKD, recent AKI and dialysis are key perioperative risk states. Laboratory renal function and dialysis/access details should preferentially come from authoritative records rather than patient recall.",https://pmc.ncbi.nlm.nih.gov/articles/PMC8367817/; https://pmc.ncbi.nlm.nih.gov/articles/PMC11671837/; https://pmc.ncbi.nlm.nih.gov/articles/PMC8848094/
RENAL-011,Renal and urological,Electrolyte problems,Electrolyte problems,C1,"CKD/dialysis, recent AKI or history of clinically important electrolyte disturbance","Have you had important problems with potassium, sodium or other salts in your blood?",Use plain-language synonyms and examples if the patient is unsure.,boolean,"Clarify timing, severity, current status, treatment and relevant records if positive.",Explicit patient denial or authoritative source documenting absence.,Record PATIENT_UNSURE/NOT_KNOWN; do not convert to negative. Seek corroborating source where clinically important.,Known/suspected significant hyperkalaemia or other clinically important electrolyte disturbance: prompt clinician review.,"Required if positive, conflicting or clinically material.",None: do not infer a diagnosis or negative finding.,,Current laboratory results preferred; patient history supplements.,ADQI/POQI joint consensus on postoperative AKI; contemporary dialysis anaesthesia review; ESRD/CKD preoperative evaluation review,B/D,1.0.2,"Domain validated 2026-09-26. CKD, recent AKI and dialysis are key perioperative risk states. Laboratory renal function and dialysis/access details should preferentially come from authoritative records rather than patient recall.",https://pmc.ncbi.nlm.nih.gov/articles/PMC8367817/; https://pmc.ncbi.nlm.nih.gov/articles/PMC11671837/; https://pmc.ncbi.nlm.nih.gov/articles/PMC8848094/
RENAL-012,Renal and urological,Urinary obstruction/retention,Urinary obstruction/retention,C2,Procedure/anaesthetic where postoperative urinary retention risk or existing obstruction is relevant,Do you have difficulty passing urine or a history of urinary retention?,Use plain-language synonyms and examples if the patient is unsure.,boolean,"Clarify timing, severity, current status, treatment and relevant records if positive.",Explicit patient denial or authoritative source documenting absence.,Record PATIENT_UNSURE/NOT_KNOWN; do not convert to negative. Seek corroborating source where clinically important.,None,"Required if positive, conflicting or clinically material.",None: do not infer a diagnosis or negative finding.,,Patient report; corroborate with EMR/previous anaesthetic/medication record where available.,ADQI/POQI joint consensus on postoperative AKI; contemporary dialysis anaesthesia review; ESRD/CKD preoperative evaluation review,B/D,1.0.2,Domain validated 2026-09-26. Urological history is not a universal renal-risk variable; retain as procedure/context-triggered.,https://pmc.ncbi.nlm.nih.gov/articles/PMC8367817/; https://pmc.ncbi.nlm.nih.gov/articles/PMC11671837/; https://pmc.ncbi.nlm.nih.gov/articles/PMC8848094/
ENDO-001,Endocrine and metabolic,Diabetes,Diabetes,M0,All patients,Do you have diabetes?,Use plain-language synonyms and examples if the patient is unsure.,boolean,"Clarify timing, severity, current status, treatment and relevant records if positive.",Explicit patient denial or authoritative source documenting absence.,Record PATIENT_UNSURE/NOT_KNOWN; do not convert to negative. Seek corroborating source where clinically important.,AMBER: clinician review/optimisation if positive or unresolved.,"Required if positive, conflicting or clinically material.",None: do not infer a diagnosis or negative finding.,,Patient report; corroborate with EMR/previous anaesthetic/medication record where available.,ADA Standards of Care in Diabetes 2026; 2025 ADS/ANZCA/GESA/NACOS GLP-1/GIP recommendations; perioperative endocrine reviews,A/B/D,1.0.3,Domain validated 2026-09-26. Keep diabetes screening universal. Explicit GLP-1/GIP and SGLT2 use must be resolved in MED domain because these drugs may be used without diabetes.,https://doi.org/10.2337/dc26-s016; https://pmc.ncbi.nlm.nih.gov/articles/PMC12420935/; https://pmc.ncbi.nlm.nih.gov/articles/PMC8848097/
ENDO-002,Endocrine and metabolic,Diabetes type,Diabetes type,C1,Known diabetes or diabetes treatment as applicable,"Do you know whether it is type 1, type 2 or another type?",Use plain-language synonyms and examples if the patient is unsure.,categorical,Clarify if incomplete or ambiguous.,Not applicable; capture value or explicit unknown.,Record PATIENT_UNSURE/NOT_KNOWN; do not convert to negative. Seek corroborating source where clinically important.,AMBER: clinician review/optimisation if positive or unresolved.,"Required if positive, conflicting or clinically material.",None: do not infer a diagnosis or negative finding.,,Patient report; corroborate with EMR/previous anaesthetic/medication record where available.,ADA Standards of Care in Diabetes 2026; 2025 ADS/ANZCA/GESA/NACOS GLP-1/GIP recommendations; perioperative endocrine reviews,A/B/D,1.0.3,"Domain validated 2026-09-26. Diabetes requires type, treatment and recent control/acute complication history. Medication-specific perioperative actions belong in a versioned rules layer.",https://doi.org/10.2337/dc26-s016; https://pmc.ncbi.nlm.nih.gov/articles/PMC12420935/; https://pmc.ncbi.nlm.nih.gov/articles/PMC8848097/
ENDO-003,Endocrine and metabolic,Insulin use,Insulin use,C1,Known diabetes or diabetes treatment as applicable,Do you use insulin?,Use plain-language synonyms and examples if the patient is unsure.,boolean,"Clarify timing, severity, current status, treatment and relevant records if positive.",Explicit patient denial or authoritative source documenting absence.,Record PATIENT_UNSURE/NOT_KNOWN; do not convert to negative. Seek corroborating source where clinically important.,None,"Required if positive, conflicting or clinically material.",None: do not infer a diagnosis or negative finding.,,Patient report; corroborate with EMR/previous anaesthetic/medication record where available.,ADA Standards of Care in Diabetes 2026; 2025 ADS/ANZCA/GESA/NACOS GLP-1/GIP recommendations; perioperative endocrine reviews,A/B/D,1.0.3,"Domain validated 2026-09-26. Diabetes requires type, treatment and recent control/acute complication history. Medication-specific perioperative actions belong in a versioned rules layer.",https://doi.org/10.2337/dc26-s016; https://pmc.ncbi.nlm.nih.gov/articles/PMC12420935/; https://pmc.ncbi.nlm.nih.gov/articles/PMC8848097/
ENDO-004,Endocrine and metabolic,Insulin pump,Insulin pump,C1,Known diabetes or diabetes treatment as applicable,Do you use an insulin pump?,Use plain-language synonyms and examples if the patient is unsure.,boolean,"Capture pump model if known, usual basal/automated mode and who manages it; detailed perioperative pump instructions belong in protocol/rules layer.",Explicit patient denial or authoritative source documenting absence.,Record PATIENT_UNSURE/NOT_KNOWN; do not convert to negative. Seek corroborating source where clinically important.,None,"Required if positive, conflicting or clinically material.",None: do not infer a diagnosis or negative finding.,,Patient report; corroborate with EMR/previous anaesthetic/medication record where available.,ADA Standards of Care in Diabetes 2026; 2025 ADS/ANZCA/GESA/NACOS GLP-1/GIP recommendations; perioperative endocrine reviews,A/B/D,1.0.3,"Domain validated 2026-09-26. Diabetes requires type, treatment and recent control/acute complication history. Medication-specific perioperative actions belong in a versioned rules layer.",https://doi.org/10.2337/dc26-s016; https://pmc.ncbi.nlm.nih.gov/articles/PMC12420935/; https://pmc.ncbi.nlm.nih.gov/articles/PMC8848097/
ENDO-005,Endocrine and metabolic,CGM,CGM,C1,Known diabetes or diabetes treatment as applicable,Do you use a continuous glucose monitor?,Use plain-language synonyms and examples if the patient is unsure.,boolean,Record CGM use/device; do not treat CGM as the sole intraoperative glucose-monitoring source.,Explicit patient denial or authoritative source documenting absence.,Record PATIENT_UNSURE/NOT_KNOWN; do not convert to negative. Seek corroborating source where clinically important.,None,"Required if positive, conflicting or clinically material.",None: do not infer a diagnosis or negative finding.,,Patient report; corroborate with EMR/previous anaesthetic/medication record where available.,ADA Standards of Care in Diabetes 2026; 2025 ADS/ANZCA/GESA/NACOS GLP-1/GIP recommendations; perioperative endocrine reviews,A/B/D,1.0.3,"Domain validated 2026-09-26. Diabetes requires type, treatment and recent control/acute complication history. Medication-specific perioperative actions belong in a versioned rules layer.",https://doi.org/10.2337/dc26-s016; https://pmc.ncbi.nlm.nih.gov/articles/PMC12420935/; https://pmc.ncbi.nlm.nih.gov/articles/PMC8848097/
ENDO-006,Endocrine and metabolic,Recent hypoglycaemia,Recent hypoglycaemia,C1,Known diabetes or diabetes treatment as applicable,Have you had low blood sugar episodes recently?,Use plain-language synonyms and examples if the patient is unsure.,boolean,"Clarify timing, severity, current status, treatment and relevant records if positive.",Explicit patient denial or authoritative source documenting absence.,Record PATIENT_UNSURE/NOT_KNOWN; do not convert to negative. Seek corroborating source where clinically important.,Frequent/recent severe hypoglycaemia or impaired awareness: clinician review and perioperative glycaemic plan.,"Required if positive, conflicting or clinically material.",None: do not infer a diagnosis or negative finding.,,Patient report; corroborate with EMR/previous anaesthetic/medication record where available.,ADA Standards of Care in Diabetes 2026; 2025 ADS/ANZCA/GESA/NACOS GLP-1/GIP recommendations; perioperative endocrine reviews,A/B/D,1.0.3,"Domain validated 2026-09-26. Diabetes requires type, treatment and recent control/acute complication history. Medication-specific perioperative actions belong in a versioned rules layer.",https://doi.org/10.2337/dc26-s016; https://pmc.ncbi.nlm.nih.gov/articles/PMC12420935/; https://pmc.ncbi.nlm.nih.gov/articles/PMC8848097/
ENDO-007,Endocrine and metabolic,Severe hypoglycaemia,Severe hypoglycaemia,C1,Known diabetes or diabetes treatment as applicable,Have you ever needed help from another person because your blood sugar was dangerously low?,Use plain-language synonyms and examples if the patient is unsure.,boolean,"Clarify timing, severity, current status, treatment and relevant records if positive.",Explicit patient denial or authoritative source documenting absence.,Record PATIENT_UNSURE/NOT_KNOWN; do not convert to negative. Seek corroborating source where clinically important.,RED: prompt clinician review if positive/current/recent as clinically relevant.,"Required if positive, conflicting or clinically material.",None: do not infer a diagnosis or negative finding.,,Patient report; corroborate with EMR/previous anaesthetic/medication record where available.,ADA Standards of Care in Diabetes 2026; 2025 ADS/ANZCA/GESA/NACOS GLP-1/GIP recommendations; perioperative endocrine reviews,A/B/D,1.0.3,"Domain validated 2026-09-26. Diabetes requires type, treatment and recent control/acute complication history. Medication-specific perioperative actions belong in a versioned rules layer.",https://doi.org/10.2337/dc26-s016; https://pmc.ncbi.nlm.nih.gov/articles/PMC12420935/; https://pmc.ncbi.nlm.nih.gov/articles/PMC8848097/
ENDO-008,Endocrine and metabolic,DKA/HHS history,DKA/HHS history,C1,Known diabetes or diabetes treatment as applicable,Have you ever had diabetic ketoacidosis or a severe high-sugar emergency?,Use plain-language synonyms and examples if the patient is unsure.,boolean,"Clarify timing, severity, current status, treatment and relevant records if positive.",Explicit patient denial or authoritative source documenting absence.,Record PATIENT_UNSURE/NOT_KNOWN; do not convert to negative. Seek corroborating source where clinically important.,Recent DKA/HHS or current symptoms suggesting metabolic decompensation: prompt clinician review.,"Required if positive, conflicting or clinically material.",None: do not infer a diagnosis or negative finding.,,Patient report; corroborate with EMR/previous anaesthetic/medication record where available.,ADA Standards of Care in Diabetes 2026; 2025 ADS/ANZCA/GESA/NACOS GLP-1/GIP recommendations; perioperative endocrine reviews,A/B/D,1.0.3,"Domain validated 2026-09-26. Diabetes requires type, treatment and recent control/acute complication history. Medication-specific perioperative actions belong in a versioned rules layer.",https://doi.org/10.2337/dc26-s016; https://pmc.ncbi.nlm.nih.gov/articles/PMC12420935/; https://pmc.ncbi.nlm.nih.gov/articles/PMC8848097/
ENDO-009,Endocrine and metabolic,Recent HbA1c known,Recent HbA1c known,C1,Known diabetes or diabetes treatment as applicable,Do you know your most recent HbA1c result?,Use plain-language synonyms and examples if the patient is unsure.,numeric,Clarify if incomplete or ambiguous.,Not applicable; capture value or explicit unknown.,Record PATIENT_UNSURE/NOT_KNOWN; do not convert to negative. Seek corroborating source where clinically important.,None,"Required if positive, conflicting or clinically material.",Derived calculation permitted only from explicit source values.,,Laboratory/EMR HbA1c preferred; patient recall may supplement.,ADA Standards of Care in Diabetes 2026; 2025 ADS/ANZCA/GESA/NACOS GLP-1/GIP recommendations; perioperative endocrine reviews,A/B/D,1.0.3,"Domain validated 2026-09-26. Diabetes requires type, treatment and recent control/acute complication history. Medication-specific perioperative actions belong in a versioned rules layer.",https://doi.org/10.2337/dc26-s016; https://pmc.ncbi.nlm.nih.gov/articles/PMC12420935/; https://pmc.ncbi.nlm.nih.gov/articles/PMC8848097/
ENDO-010,Endocrine and metabolic,Thyroid disease,Thyroid disease,C1,"Positive broad endocrine-history screen, relevant EMR diagnosis or endocrine medication",Do you have an underactive or overactive thyroid?,Use plain-language synonyms and examples if the patient is unsure.,boolean,"Clarify timing, severity, current status, treatment and relevant records if positive.",Explicit patient denial or authoritative source documenting absence.,Record PATIENT_UNSURE/NOT_KNOWN; do not convert to negative. Seek corroborating source where clinically important.,None,Review as part of completed assessment.,None: do not infer a diagnosis or negative finding.,,Patient report; corroborate with EMR/previous anaesthetic/medication record where available.,ADA Standards of Care in Diabetes 2026; 2025 ADS/ANZCA/GESA/NACOS GLP-1/GIP recommendations; perioperative endocrine reviews,A/B/D,1.0.3,"Domain validated 2026-09-26. Diabetes requires type, treatment and recent control/acute complication history. Medication-specific perioperative actions belong in a versioned rules layer.",https://doi.org/10.2337/dc26-s016; https://pmc.ncbi.nlm.nih.gov/articles/PMC12420935/; https://pmc.ncbi.nlm.nih.gov/articles/PMC8848097/
ENDO-011,Endocrine and metabolic,Adrenal disease,Adrenal disease,C1,"Positive broad endocrine-history screen, relevant EMR diagnosis or endocrine medication",Do you have Addison's disease or another adrenal gland problem?,Use plain-language synonyms and examples if the patient is unsure.,boolean,"Clarify timing, severity, current status, treatment and relevant records if positive.",Explicit patient denial or authoritative source documenting absence.,Record PATIENT_UNSURE/NOT_KNOWN; do not convert to negative. Seek corroborating source where clinically important.,None,Review as part of completed assessment.,None: do not infer a diagnosis or negative finding.,,Patient report; corroborate with EMR/previous anaesthetic/medication record where available.,ADA Standards of Care in Diabetes 2026; 2025 ADS/ANZCA/GESA/NACOS GLP-1/GIP recommendations; perioperative endocrine reviews,A/B/D,1.0.3,"Domain validated 2026-09-26. Diabetes requires type, treatment and recent control/acute complication history. Medication-specific perioperative actions belong in a versioned rules layer.",https://doi.org/10.2337/dc26-s016; https://pmc.ncbi.nlm.nih.gov/articles/PMC12420935/; https://pmc.ncbi.nlm.nih.gov/articles/PMC8848097/
ENDO-012,Endocrine and metabolic,Chronic steroid exposure,Chronic steroid exposure,M1,"All patients with systemic steroid use, adrenal/pituitary disease or medicines suggesting glucocorticoid exposure",Have you taken steroid tablets or injections regularly or for several weeks in the last year?,Use plain-language synonyms and examples if the patient is unsure.,boolean,"Capture drug, dose, route, duration and recency in MED domain; rules engine determines adrenal-suppression/stress-dose implications.",Explicit patient denial or authoritative source documenting absence.,Record PATIENT_UNSURE/NOT_KNOWN; do not convert to negative. Seek corroborating source where clinically important.,AMBER: clinician review/optimisation if positive or unresolved.,"Required if positive, conflicting or clinically material.",None: do not infer a diagnosis or negative finding.,,Patient report; corroborate with EMR/previous anaesthetic/medication record where available.,ADA Standards of Care in Diabetes 2026; 2025 ADS/ANZCA/GESA/NACOS GLP-1/GIP recommendations; perioperative endocrine reviews,A/B/D,1.0.3,"Domain validated 2026-09-26. Diabetes requires type, treatment and recent control/acute complication history. Medication-specific perioperative actions belong in a versioned rules layer.",https://doi.org/10.2337/dc26-s016; https://pmc.ncbi.nlm.nih.gov/articles/PMC12420935/; https://pmc.ncbi.nlm.nih.gov/articles/PMC8848097/
ENDO-013,Endocrine and metabolic,Pituitary disease,Pituitary disease,C1,"Positive broad endocrine-history screen, relevant EMR diagnosis or endocrine medication",Do you have a pituitary gland condition?,Use plain-language synonyms and examples if the patient is unsure.,boolean,"Clarify timing, severity, current status, treatment and relevant records if positive.",Explicit patient denial or authoritative source documenting absence.,Record PATIENT_UNSURE/NOT_KNOWN; do not convert to negative. Seek corroborating source where clinically important.,None,Review as part of completed assessment.,None: do not infer a diagnosis or negative finding.,,Patient report; corroborate with EMR/previous anaesthetic/medication record where available.,ADA Standards of Care in Diabetes 2026; 2025 ADS/ANZCA/GESA/NACOS GLP-1/GIP recommendations; perioperative endocrine reviews,A/B/D,1.0.3,"Domain validated 2026-09-26. Diabetes requires type, treatment and recent control/acute complication history. Medication-specific perioperative actions belong in a versioned rules layer.",https://doi.org/10.2337/dc26-s016; https://pmc.ncbi.nlm.nih.gov/articles/PMC12420935/; https://pmc.ncbi.nlm.nih.gov/articles/PMC8848097/
ENDO-014,Endocrine and metabolic,Phaeochromocytoma/endocrine tumour,Phaeochromocytoma/endocrine tumour,C1,Known/suspected endocrine tumour or relevant symptoms/EMR diagnosis,Do you have an endocrine tumour such as a phaeochromocytoma?,Use plain-language synonyms and examples if the patient is unsure.,boolean,"Clarify timing, severity, current status, treatment and relevant records if positive.",Explicit patient denial or authoritative source documenting absence.,Record PATIENT_UNSURE/NOT_KNOWN; do not convert to negative. Seek corroborating source where clinically important.,None,"Required if positive, conflicting or clinically material.",None: do not infer a diagnosis or negative finding.,,Patient report; corroborate with EMR/previous anaesthetic/medication record where available.,ADA Standards of Care in Diabetes 2026; 2025 ADS/ANZCA/GESA/NACOS GLP-1/GIP recommendations; perioperative endocrine reviews,A/B/D,1.0.3,"Domain validated 2026-09-26. Diabetes requires type, treatment and recent control/acute complication history. Medication-specific perioperative actions belong in a versioned rules layer.",https://doi.org/10.2337/dc26-s016; https://pmc.ncbi.nlm.nih.gov/articles/PMC12420935/; https://pmc.ncbi.nlm.nih.gov/articles/PMC8848097/
GI-001,"Gastrointestinal, hepatic and aspiration risk",GORD/reflux,GORD/reflux,M1,General anaesthesia/deep sedation or aspiration-risk assessment,Do you get acid reflux or heartburn?,Use plain-language synonyms and examples if the patient is unsure.,boolean,"Clarify timing, severity, current status, treatment and relevant records if positive.",Explicit patient denial or authoritative source documenting absence.,Record PATIENT_UNSURE/NOT_KNOWN; do not convert to negative. Seek corroborating source where clinically important.,None,Review as part of completed assessment.,None: do not infer a diagnosis or negative finding.,,Patient report; corroborate with EMR/previous anaesthetic/medication record where available.,ASA fasting/aspiration guidance; 2025 ADS/ANZCA/GESA/NACOS GLP-1/GIP recommendations; contemporary cirrhosis perioperative guidance,A/B/D,1.0.3,Domain validated 2026-09-26. The conversational history should identify aspiration-risk conditions and active GI symptoms; fasting compliance itself is a time-of-procedure safety check rather than a static historical variable.,https://pubmed.ncbi.nlm.nih.gov/36629465/; https://pmc.ncbi.nlm.nih.gov/articles/PMC12420935/; https://pmc.ncbi.nlm.nih.gov/articles/PMC11222301/
GI-002,"Gastrointestinal, hepatic and aspiration risk",Reflux severity/current symptoms,Reflux severity/current symptoms,C1,Positive or relevant upstream response,How often do you have reflux and do you have symptoms at present?,Use plain-language synonyms and examples if the patient is unsure.,text,Clarify if incomplete or ambiguous.,Not applicable; capture value or explicit unknown.,Record PATIENT_UNSURE/NOT_KNOWN; do not convert to negative. Seek corroborating source where clinically important.,None,"Required if positive, conflicting or clinically material.",None: do not infer a diagnosis or negative finding.,,Patient report; corroborate with EMR/previous anaesthetic/medication record where available.,ASA fasting/aspiration guidance; 2025 ADS/ANZCA/GESA/NACOS GLP-1/GIP recommendations; contemporary cirrhosis perioperative guidance,A/B/D,1.0.3,Domain validated 2026-09-26. The conversational history should identify aspiration-risk conditions and active GI symptoms; fasting compliance itself is a time-of-procedure safety check rather than a static historical variable.,https://pubmed.ncbi.nlm.nih.gov/36629465/; https://pmc.ncbi.nlm.nih.gov/articles/PMC12420935/; https://pmc.ncbi.nlm.nih.gov/articles/PMC11222301/
GI-003,"Gastrointestinal, hepatic and aspiration risk",Dysphagia,Dysphagia,M0,All patients,Do you have difficulty swallowing food or drinks?,Use plain-language synonyms and examples if the patient is unsure.,boolean,"Clarify timing, severity, current status, treatment and relevant records if positive.",Explicit patient denial or authoritative source documenting absence.,Record PATIENT_UNSURE/NOT_KNOWN; do not convert to negative. Seek corroborating source where clinically important.,"Significant dysphagia, recurrent aspiration or inability to manage secretions: clinician review.",Review as part of completed assessment.,None: do not infer a diagnosis or negative finding.,,Patient report; corroborate with EMR/previous anaesthetic/medication record where available.,ASA fasting/aspiration guidance; 2025 ADS/ANZCA/GESA/NACOS GLP-1/GIP recommendations; contemporary cirrhosis perioperative guidance,A/B/D,1.0.3,Domain validated 2026-09-26. The conversational history should identify aspiration-risk conditions and active GI symptoms; fasting compliance itself is a time-of-procedure safety check rather than a static historical variable.,https://pubmed.ncbi.nlm.nih.gov/36629465/; https://pmc.ncbi.nlm.nih.gov/articles/PMC12420935/; https://pmc.ncbi.nlm.nih.gov/articles/PMC11222301/
GI-004,"Gastrointestinal, hepatic and aspiration risk",Regurgitation,Regurgitation,C1,Positive or relevant upstream response,Do food or fluid ever come back up into your mouth unexpectedly?,Use plain-language synonyms and examples if the patient is unsure.,boolean,"Clarify timing, severity, current status, treatment and relevant records if positive.",Explicit patient denial or authoritative source documenting absence.,Record PATIENT_UNSURE/NOT_KNOWN; do not convert to negative. Seek corroborating source where clinically important.,None,"Required if positive, conflicting or clinically material.",None: do not infer a diagnosis or negative finding.,,Patient report; corroborate with EMR/previous anaesthetic/medication record where available.,ASA fasting/aspiration guidance; 2025 ADS/ANZCA/GESA/NACOS GLP-1/GIP recommendations; contemporary cirrhosis perioperative guidance,A/B/D,1.0.3,Domain validated 2026-09-26. The conversational history should identify aspiration-risk conditions and active GI symptoms; fasting compliance itself is a time-of-procedure safety check rather than a static historical variable.,https://pubmed.ncbi.nlm.nih.gov/36629465/; https://pmc.ncbi.nlm.nih.gov/articles/PMC12420935/; https://pmc.ncbi.nlm.nih.gov/articles/PMC11222301/
GI-005,"Gastrointestinal, hepatic and aspiration risk",Aspiration history,Aspiration history,C1,Positive or relevant upstream response,Have you ever inhaled food or stomach contents into your lungs?,Use plain-language synonyms and examples if the patient is unsure.,boolean,"Clarify timing, severity, current status, treatment and relevant records if positive.",Explicit patient denial or authoritative source documenting absence.,Record PATIENT_UNSURE/NOT_KNOWN; do not convert to negative. Seek corroborating source where clinically important.,None,"Required if positive, conflicting or clinically material.",None: do not infer a diagnosis or negative finding.,,Patient report; corroborate with EMR/previous anaesthetic/medication record where available.,ASA fasting/aspiration guidance; 2025 ADS/ANZCA/GESA/NACOS GLP-1/GIP recommendations; contemporary cirrhosis perioperative guidance,A/B/D,1.0.3,Domain validated 2026-09-26. The conversational history should identify aspiration-risk conditions and active GI symptoms; fasting compliance itself is a time-of-procedure safety check rather than a static historical variable.,https://pubmed.ncbi.nlm.nih.gov/36629465/; https://pmc.ncbi.nlm.nih.gov/articles/PMC12420935/; https://pmc.ncbi.nlm.nih.gov/articles/PMC11222301/
GI-006,"Gastrointestinal, hepatic and aspiration risk",Hiatus hernia,Hiatus hernia,C1,"Reflux/regurgitation, known upper GI disease or relevant EMR diagnosis",Have you been diagnosed with a hiatus hernia?,Use plain-language synonyms and examples if the patient is unsure.,boolean,"Clarify timing, severity, current status, treatment and relevant records if positive.",Explicit patient denial or authoritative source documenting absence.,Record PATIENT_UNSURE/NOT_KNOWN; do not convert to negative. Seek corroborating source where clinically important.,None,Review as part of completed assessment.,None: do not infer a diagnosis or negative finding.,,Patient report; corroborate with EMR/previous anaesthetic/medication record where available.,ASA fasting/aspiration guidance; 2025 ADS/ANZCA/GESA/NACOS GLP-1/GIP recommendations; contemporary cirrhosis perioperative guidance,A/B/D,1.0.3,Domain validated 2026-09-26. The conversational history should identify aspiration-risk conditions and active GI symptoms; fasting compliance itself is a time-of-procedure safety check rather than a static historical variable.,https://pubmed.ncbi.nlm.nih.gov/36629465/; https://pmc.ncbi.nlm.nih.gov/articles/PMC12420935/; https://pmc.ncbi.nlm.nih.gov/articles/PMC11222301/
GI-007,"Gastrointestinal, hepatic and aspiration risk",Gastroparesis,Gastroparesis,C1,"Diabetes with autonomic symptoms, GLP-1/GIP therapy, known gastric dysmotility or relevant GI history",Have you been diagnosed with delayed stomach emptying or gastroparesis?,Use plain-language synonyms and examples if the patient is unsure.,boolean,"Clarify timing, severity, current status, treatment and relevant records if positive.",Explicit patient denial or authoritative source documenting absence.,Record PATIENT_UNSURE/NOT_KNOWN; do not convert to negative. Seek corroborating source where clinically important.,AMBER: clinician review/optimisation if positive or unresolved.,"Required if positive, conflicting or clinically material.",None: do not infer a diagnosis or negative finding.,,Patient report; corroborate with EMR/previous anaesthetic/medication record where available.,ASA fasting/aspiration guidance; 2025 ADS/ANZCA/GESA/NACOS GLP-1/GIP recommendations; contemporary cirrhosis perioperative guidance,A/B/D,1.0.3,Domain validated 2026-09-26. The conversational history should identify aspiration-risk conditions and active GI symptoms; fasting compliance itself is a time-of-procedure safety check rather than a static historical variable.,https://pubmed.ncbi.nlm.nih.gov/36629465/; https://pmc.ncbi.nlm.nih.gov/articles/PMC12420935/; https://pmc.ncbi.nlm.nih.gov/articles/PMC11222301/
GI-008,"Gastrointestinal, hepatic and aspiration risk",Persistent nausea/vomiting,Persistent nausea/vomiting,M0,All patients,Do you currently have persistent nausea or vomiting?,Use plain-language synonyms and examples if the patient is unsure.,boolean,"Clarify timing, severity, current status, treatment and relevant records if positive.",Explicit patient denial or authoritative source documenting absence.,Record PATIENT_UNSURE/NOT_KNOWN; do not convert to negative. Seek corroborating source where clinically important.,Persistent vomiting or symptoms suggesting gastric outlet/intestinal obstruction: prompt clinician review and aspiration-risk management.,Review as part of completed assessment.,None: do not infer a diagnosis or negative finding.,,Patient report; corroborate with EMR/previous anaesthetic/medication record where available.,ASA fasting/aspiration guidance; 2025 ADS/ANZCA/GESA/NACOS GLP-1/GIP recommendations; contemporary cirrhosis perioperative guidance,A/B/D,1.0.3,Domain validated 2026-09-26. The conversational history should identify aspiration-risk conditions and active GI symptoms; fasting compliance itself is a time-of-procedure safety check rather than a static historical variable.,https://pubmed.ncbi.nlm.nih.gov/36629465/; https://pmc.ncbi.nlm.nih.gov/articles/PMC12420935/; https://pmc.ncbi.nlm.nih.gov/articles/PMC11222301/
GI-009,"Gastrointestinal, hepatic and aspiration risk",Bowel obstruction symptoms,Bowel obstruction symptoms,C1,"Current vomiting, marked distension, abdominal symptoms or known obstruction","Do you currently have severe abdominal swelling, vomiting or a bowel obstruction?",Use plain-language synonyms and examples if the patient is unsure.,boolean,"Clarify timing, severity, current status, treatment and relevant records if positive.",Explicit patient denial or authoritative source documenting absence.,Record PATIENT_UNSURE/NOT_KNOWN; do not convert to negative. Seek corroborating source where clinically important.,Suspected active bowel obstruction: prompt clinician/surgical assessment; treat as high aspiration risk.,"Required if positive, conflicting or clinically material.",None: do not infer a diagnosis or negative finding.,,Patient report; corroborate with EMR/previous anaesthetic/medication record where available.,ASA fasting/aspiration guidance; 2025 ADS/ANZCA/GESA/NACOS GLP-1/GIP recommendations; contemporary cirrhosis perioperative guidance,A/B/D,1.0.3,Domain validated 2026-09-26. The conversational history should identify aspiration-risk conditions and active GI symptoms; fasting compliance itself is a time-of-procedure safety check rather than a static historical variable.,https://pubmed.ncbi.nlm.nih.gov/36629465/; https://pmc.ncbi.nlm.nih.gov/articles/PMC12420935/; https://pmc.ncbi.nlm.nih.gov/articles/PMC11222301/
GI-010,"Gastrointestinal, hepatic and aspiration risk",Liver disease,Liver disease,M0,All patients,Have you been told you have liver disease?,Use plain-language synonyms and examples if the patient is unsure.,boolean,"Clarify timing, severity, current status, treatment and relevant records if positive.",Explicit patient denial or authoritative source documenting absence.,Record PATIENT_UNSURE/NOT_KNOWN; do not convert to negative. Seek corroborating source where clinically important.,None,Review as part of completed assessment.,None: do not infer a diagnosis or negative finding.,,Patient report; corroborate with EMR/previous anaesthetic/medication record where available.,ASA fasting/aspiration guidance; 2025 ADS/ANZCA/GESA/NACOS GLP-1/GIP recommendations; contemporary cirrhosis perioperative guidance,A/B/D,1.0.3,Domain validated 2026-09-26. The conversational history should identify aspiration-risk conditions and active GI symptoms; fasting compliance itself is a time-of-procedure safety check rather than a static historical variable.,https://pubmed.ncbi.nlm.nih.gov/36629465/; https://pmc.ncbi.nlm.nih.gov/articles/PMC12420935/; https://pmc.ncbi.nlm.nih.gov/articles/PMC11222301/
GI-011,"Gastrointestinal, hepatic and aspiration risk",Cirrhosis,Cirrhosis,C1,Known liver disease/cirrhosis,Have you been diagnosed with cirrhosis?,Use plain-language synonyms and examples if the patient is unsure.,boolean,"Clarify timing, severity, current status, treatment and relevant records if positive.",Explicit patient denial or authoritative source documenting absence.,Record PATIENT_UNSURE/NOT_KNOWN; do not convert to negative. Seek corroborating source where clinically important.,None,"Required if positive, conflicting or clinically material.",None: do not infer a diagnosis or negative finding.,,Patient report; corroborate with EMR/previous anaesthetic/medication record where available.,ASA fasting/aspiration guidance; 2025 ADS/ANZCA/GESA/NACOS GLP-1/GIP recommendations; contemporary cirrhosis perioperative guidance,A/B/D,1.0.3,Domain validated 2026-09-26. The conversational history should identify aspiration-risk conditions and active GI symptoms; fasting compliance itself is a time-of-procedure safety check rather than a static historical variable.,https://pubmed.ncbi.nlm.nih.gov/36629465/; https://pmc.ncbi.nlm.nih.gov/articles/PMC12420935/; https://pmc.ncbi.nlm.nih.gov/articles/PMC11222301/
GI-012,"Gastrointestinal, hepatic and aspiration risk",Portal hypertension/varices,Portal hypertension/varices,C1,Known liver disease/cirrhosis,Have you been told you have portal hypertension or oesophageal varices?,Use plain-language synonyms and examples if the patient is unsure.,boolean,"Clarify timing, severity, current status, treatment and relevant records if positive.",Explicit patient denial or authoritative source documenting absence.,Record PATIENT_UNSURE/NOT_KNOWN; do not convert to negative. Seek corroborating source where clinically important.,None,"Required if positive, conflicting or clinically material.",None: do not infer a diagnosis or negative finding.,,Patient report; corroborate with EMR/previous anaesthetic/medication record where available.,ASA fasting/aspiration guidance; 2025 ADS/ANZCA/GESA/NACOS GLP-1/GIP recommendations; contemporary cirrhosis perioperative guidance,A/B/D,1.0.3,Domain validated 2026-09-26. The conversational history should identify aspiration-risk conditions and active GI symptoms; fasting compliance itself is a time-of-procedure safety check rather than a static historical variable.,https://pubmed.ncbi.nlm.nih.gov/36629465/; https://pmc.ncbi.nlm.nih.gov/articles/PMC12420935/; https://pmc.ncbi.nlm.nih.gov/articles/PMC11222301/
GI-013,"Gastrointestinal, hepatic and aspiration risk",Ascites,Ascites,C1,Known liver disease/cirrhosis,"Do you have fluid collecting in your abdomen, called ascites?",Use plain-language synonyms and examples if the patient is unsure.,boolean,"Clarify timing, severity, current status, treatment and relevant records if positive.",Explicit patient denial or authoritative source documenting absence.,Record PATIENT_UNSURE/NOT_KNOWN; do not convert to negative. Seek corroborating source where clinically important.,None,"Required if positive, conflicting or clinically material.",None: do not infer a diagnosis or negative finding.,,Patient report; corroborate with EMR/previous anaesthetic/medication record where available.,ASA fasting/aspiration guidance; 2025 ADS/ANZCA/GESA/NACOS GLP-1/GIP recommendations; contemporary cirrhosis perioperative guidance,A/B/D,1.0.3,Domain validated 2026-09-26. The conversational history should identify aspiration-risk conditions and active GI symptoms; fasting compliance itself is a time-of-procedure safety check rather than a static historical variable.,https://pubmed.ncbi.nlm.nih.gov/36629465/; https://pmc.ncbi.nlm.nih.gov/articles/PMC12420935/; https://pmc.ncbi.nlm.nih.gov/articles/PMC11222301/
GI-014,"Gastrointestinal, hepatic and aspiration risk",Hepatitis,Hepatitis,C1,"Known liver disease, prior hepatitis/viral infection or relevant EMR history",Have you had hepatitis or another chronic viral liver infection?,Use plain-language synonyms and examples if the patient is unsure.,boolean,"Clarify timing, severity, current status, treatment and relevant records if positive.",Explicit patient denial or authoritative source documenting absence.,Record PATIENT_UNSURE/NOT_KNOWN; do not convert to negative. Seek corroborating source where clinically important.,None,Review as part of completed assessment.,None: do not infer a diagnosis or negative finding.,,Patient report; corroborate with EMR/previous anaesthetic/medication record where available.,ASA fasting/aspiration guidance; 2025 ADS/ANZCA/GESA/NACOS GLP-1/GIP recommendations; contemporary cirrhosis perioperative guidance,A/B/D,1.0.3,Domain validated 2026-09-26. The conversational history should identify aspiration-risk conditions and active GI symptoms; fasting compliance itself is a time-of-procedure safety check rather than a static historical variable.,https://pubmed.ncbi.nlm.nih.gov/36629465/; https://pmc.ncbi.nlm.nih.gov/articles/PMC12420935/; https://pmc.ncbi.nlm.nih.gov/articles/PMC11222301/
GI-015,"Gastrointestinal, hepatic and aspiration risk",Jaundice/recent decompensation,Jaundice/recent decompensation,C1,Known liver disease/cirrhosis,"Have you recently developed jaundice, increasing abdominal swelling or confusion related to liver disease?",Use plain-language synonyms and examples if the patient is unsure.,boolean,"Clarify timing, severity, current status, treatment and relevant records if positive.",Explicit patient denial or authoritative source documenting absence.,Record PATIENT_UNSURE/NOT_KNOWN; do not convert to negative. Seek corroborating source where clinically important.,"New jaundice, worsening ascites, encephalopathy/confusion or other hepatic decompensation: clinician review and current liver assessment.","Required if positive, conflicting or clinically material.",None: do not infer a diagnosis or negative finding.,,Patient report; corroborate with EMR/previous anaesthetic/medication record where available.,ASA fasting/aspiration guidance; 2025 ADS/ANZCA/GESA/NACOS GLP-1/GIP recommendations; contemporary cirrhosis perioperative guidance,A/B/D,1.0.3,Domain validated 2026-09-26. The conversational history should identify aspiration-risk conditions and active GI symptoms; fasting compliance itself is a time-of-procedure safety check rather than a static historical variable.,https://pubmed.ncbi.nlm.nih.gov/36629465/; https://pmc.ncbi.nlm.nih.gov/articles/PMC12420935/; https://pmc.ncbi.nlm.nih.gov/articles/PMC11222301/
HAEM-001,"Haematology, bleeding, thrombosis and transfusion",Anaemia,Anaemia,M0,All patients,Have you been told you are anaemic or have a low haemoglobin?,Use plain-language synonyms and examples if the patient is unsure.,boolean,"Clarify known cause, treatment and symptoms; obtain current haemoglobin/iron studies from records when indicated.",Explicit patient denial or authoritative source documenting absence.,Record PATIENT_UNSURE/NOT_KNOWN; do not convert to negative. Seek corroborating source where clinically important.,AMBER: clinician review/optimisation if positive or unresolved.,"Required if positive, conflicting or clinically material.",None: do not infer a diagnosis or negative finding.,Bleeding/VTE/PBM review flags,Patient report; corroborate with EMR/previous anaesthetic/medication record where available.,Australian National Blood Authority PBM resources; ICCAMS anaemia consensus; CHEST perioperative antithrombotic guideline,A/B,1.0.3,Domain validated 2026-09-26. Anaemia and bleeding history should be detected early for optimisation. Anticoagulant/antiplatelet identification is mandatory but interruption instructions belong in a separate rules layer.,https://www.blood.gov.au/clinical-guidance/patient-blood-management; https://pmc.ncbi.nlm.nih.gov/articles/PMC9994846/; https://journal.chestnet.org/article/S0012-3692(22)01359-9/fulltext
HAEM-002,"Haematology, bleeding, thrombosis and transfusion",Recent haemoglobin known,Recent haemoglobin known,C1,Known/suspected anaemia or surgery with expected significant blood loss,Do you know your most recent haemoglobin result?,Use plain-language synonyms and examples if the patient is unsure.,numeric,Clarify if incomplete or ambiguous.,Not applicable; capture value or explicit unknown.,Record PATIENT_UNSURE/NOT_KNOWN; do not convert to negative. Seek corroborating source where clinically important.,None,"Required if positive, conflicting or clinically material.",Derived calculation permitted only from explicit source values.,Bleeding/VTE/PBM review flags,Laboratory/EMR haemoglobin preferred; patient recall supplements.,Australian National Blood Authority PBM resources; ICCAMS anaemia consensus; CHEST perioperative antithrombotic guideline,A/B,1.0.3,Domain validated 2026-09-26. Anaemia and bleeding history should be detected early for optimisation. Anticoagulant/antiplatelet identification is mandatory but interruption instructions belong in a separate rules layer.,https://www.blood.gov.au/clinical-guidance/patient-blood-management; https://pmc.ncbi.nlm.nih.gov/articles/PMC9994846/; https://journal.chestnet.org/article/S0012-3692(22)01359-9/fulltext
HAEM-003,"Haematology, bleeding, thrombosis and transfusion",Bleeding disorder,Bleeding disorder,M0,All patients,Do you have a diagnosed bleeding disorder?,Use plain-language synonyms and examples if the patient is unsure.,boolean,"Clarify timing, severity, current status, treatment and relevant records if positive.",Explicit patient denial or authoritative source documenting absence.,Record PATIENT_UNSURE/NOT_KNOWN; do not convert to negative. Seek corroborating source where clinically important.,None,Review as part of completed assessment.,None: do not infer a diagnosis or negative finding.,Bleeding/VTE/PBM review flags,Patient report; corroborate with EMR/previous anaesthetic/medication record where available.,Australian National Blood Authority PBM resources; ICCAMS anaemia consensus; CHEST perioperative antithrombotic guideline,A/B,1.0.3,Domain validated 2026-09-26. Anaemia and bleeding history should be detected early for optimisation. Anticoagulant/antiplatelet identification is mandatory but interruption instructions belong in a separate rules layer.,https://www.blood.gov.au/clinical-guidance/patient-blood-management; https://pmc.ncbi.nlm.nih.gov/articles/PMC9994846/; https://journal.chestnet.org/article/S0012-3692(22)01359-9/fulltext
HAEM-004,"Haematology, bleeding, thrombosis and transfusion",Easy bruising,Easy bruising,M0,All patients,Do you bruise very easily without a clear reason?,Use plain-language synonyms and examples if the patient is unsure.,boolean,"Clarify timing, severity, current status, treatment and relevant records if positive.",Explicit patient denial or authoritative source documenting absence.,Record PATIENT_UNSURE/NOT_KNOWN; do not convert to negative. Seek corroborating source where clinically important.,None,Review as part of completed assessment.,None: do not infer a diagnosis or negative finding.,Bleeding/VTE/PBM review flags,Patient report; corroborate with EMR/previous anaesthetic/medication record where available.,Australian National Blood Authority PBM resources; ICCAMS anaemia consensus; CHEST perioperative antithrombotic guideline,A/B,1.0.3,Domain validated 2026-09-26. Anaemia and bleeding history should be detected early for optimisation. Anticoagulant/antiplatelet identification is mandatory but interruption instructions belong in a separate rules layer.,https://www.blood.gov.au/clinical-guidance/patient-blood-management; https://pmc.ncbi.nlm.nih.gov/articles/PMC9994846/; https://journal.chestnet.org/article/S0012-3692(22)01359-9/fulltext
HAEM-005,"Haematology, bleeding, thrombosis and transfusion",Prolonged bleeding,Prolonged bleeding,M0,All patients,"Have you had unusually prolonged bleeding after cuts, dental work, childbirth or surgery?",Use plain-language synonyms and examples if the patient is unsure.,boolean,"Clarify timing, severity, current status, treatment and relevant records if positive.",Explicit patient denial or authoritative source documenting absence.,Record PATIENT_UNSURE/NOT_KNOWN; do not convert to negative. Seek corroborating source where clinically important.,None,Review as part of completed assessment.,None: do not infer a diagnosis or negative finding.,Bleeding/VTE/PBM review flags,Patient report; corroborate with EMR/previous anaesthetic/medication record where available.,Australian National Blood Authority PBM resources; ICCAMS anaemia consensus; CHEST perioperative antithrombotic guideline,A/B,1.0.3,Domain validated 2026-09-26. Anaemia and bleeding history should be detected early for optimisation. Anticoagulant/antiplatelet identification is mandatory but interruption instructions belong in a separate rules layer.,https://www.blood.gov.au/clinical-guidance/patient-blood-management; https://pmc.ncbi.nlm.nih.gov/articles/PMC9994846/; https://journal.chestnet.org/article/S0012-3692(22)01359-9/fulltext
HAEM-006,"Haematology, bleeding, thrombosis and transfusion",Family bleeding history,Family bleeding history,C1,"Positive personal bleeding history, diagnosed bleeding disorder or suggestive symptoms",Does anyone in your family have a significant bleeding disorder?,Use plain-language synonyms and examples if the patient is unsure.,boolean,"Clarify timing, severity, current status, treatment and relevant records if positive.",Explicit patient denial or authoritative source documenting absence.,Record PATIENT_UNSURE/NOT_KNOWN; do not convert to negative. Seek corroborating source where clinically important.,None,"Required if positive, conflicting or clinically material.",None: do not infer a diagnosis or negative finding.,Bleeding/VTE/PBM review flags,Patient report; corroborate with EMR/previous anaesthetic/medication record where available.,Australian National Blood Authority PBM resources; ICCAMS anaemia consensus; CHEST perioperative antithrombotic guideline,A/B,1.0.3,Domain validated 2026-09-26. Anaemia and bleeding history should be detected early for optimisation. Anticoagulant/antiplatelet identification is mandatory but interruption instructions belong in a separate rules layer.,https://www.blood.gov.au/clinical-guidance/patient-blood-management; https://pmc.ncbi.nlm.nih.gov/articles/PMC9994846/; https://journal.chestnet.org/article/S0012-3692(22)01359-9/fulltext
HAEM-007,"Haematology, bleeding, thrombosis and transfusion",DVT history,DVT history,M0,All patients,Have you ever had a deep vein thrombosis or blood clot in your leg?,Use plain-language synonyms and examples if the patient is unsure.,boolean,"Clarify timing, severity, current status, treatment and relevant records if positive.",Explicit patient denial or authoritative source documenting absence.,Record PATIENT_UNSURE/NOT_KNOWN; do not convert to negative. Seek corroborating source where clinically important.,AMBER: clinician review/optimisation if positive or unresolved.,"Required if positive, conflicting or clinically material.",None: do not infer a diagnosis or negative finding.,Bleeding/VTE/PBM review flags,Patient report; corroborate with EMR/previous anaesthetic/medication record where available.,Australian National Blood Authority PBM resources; ICCAMS anaemia consensus; CHEST perioperative antithrombotic guideline,A/B,1.0.3,Domain validated 2026-09-26. Anaemia and bleeding history should be detected early for optimisation. Anticoagulant/antiplatelet identification is mandatory but interruption instructions belong in a separate rules layer.,https://www.blood.gov.au/clinical-guidance/patient-blood-management; https://pmc.ncbi.nlm.nih.gov/articles/PMC9994846/; https://journal.chestnet.org/article/S0012-3692(22)01359-9/fulltext
HAEM-008,"Haematology, bleeding, thrombosis and transfusion",PE history,PE history,M0,All patients,Have you ever had a pulmonary embolism or blood clot in your lung?,Use plain-language synonyms and examples if the patient is unsure.,boolean,"Clarify timing, severity, current status, treatment and relevant records if positive.",Explicit patient denial or authoritative source documenting absence.,Record PATIENT_UNSURE/NOT_KNOWN; do not convert to negative. Seek corroborating source where clinically important.,AMBER: clinician review/optimisation if positive or unresolved.,"Required if positive, conflicting or clinically material.",None: do not infer a diagnosis or negative finding.,Bleeding/VTE/PBM review flags,Patient report; corroborate with EMR/previous anaesthetic/medication record where available.,Australian National Blood Authority PBM resources; ICCAMS anaemia consensus; CHEST perioperative antithrombotic guideline,A/B,1.0.3,Domain validated 2026-09-26. Anaemia and bleeding history should be detected early for optimisation. Anticoagulant/antiplatelet identification is mandatory but interruption instructions belong in a separate rules layer.,https://www.blood.gov.au/clinical-guidance/patient-blood-management; https://pmc.ncbi.nlm.nih.gov/articles/PMC9994846/; https://journal.chestnet.org/article/S0012-3692(22)01359-9/fulltext
HAEM-009,"Haematology, bleeding, thrombosis and transfusion",Thrombophilia,Thrombophilia,C1,"Prior VTE, family history or known thrombophilia",Have you been diagnosed with a condition that makes your blood clot too easily?,Use plain-language synonyms and examples if the patient is unsure.,boolean,"Clarify timing, severity, current status, treatment and relevant records if positive.",Explicit patient denial or authoritative source documenting absence.,Record PATIENT_UNSURE/NOT_KNOWN; do not convert to negative. Seek corroborating source where clinically important.,None,"Required if positive, conflicting or clinically material.",None: do not infer a diagnosis or negative finding.,Bleeding/VTE/PBM review flags,Patient report; corroborate with EMR/previous anaesthetic/medication record where available.,Australian National Blood Authority PBM resources; ICCAMS anaemia consensus; CHEST perioperative antithrombotic guideline,A/B,1.0.3,Domain validated 2026-09-26. Anaemia and bleeding history should be detected early for optimisation. Anticoagulant/antiplatelet identification is mandatory but interruption instructions belong in a separate rules layer.,https://www.blood.gov.au/clinical-guidance/patient-blood-management; https://pmc.ncbi.nlm.nih.gov/articles/PMC9994846/; https://journal.chestnet.org/article/S0012-3692(22)01359-9/fulltext
HAEM-010,"Haematology, bleeding, thrombosis and transfusion",Current anticoagulant,Current anticoagulant,M0,All patients; reconcile against medication list,"Do you take a blood thinner such as warfarin, apixaban, rivaroxaban, dabigatran or heparin?",Use plain-language synonyms and examples if the patient is unsure.,boolean,"Identify exact drug, dose, indication, last dose and renal function where relevant. Do not provide cessation advice from the history model.",Explicit patient denial or authoritative source documenting absence.,Record PATIENT_UNSURE/NOT_KNOWN; do not convert to negative. Seek corroborating source where clinically important.,AMBER: clinician review/optimisation if positive or unresolved.,"Required if positive, conflicting or clinically material.",None: do not infer a diagnosis or negative finding.,Bleeding/VTE/PBM review flags,Patient report; corroborate with EMR/previous anaesthetic/medication record where available.,Australian National Blood Authority PBM resources; ICCAMS anaemia consensus; CHEST perioperative antithrombotic guideline,A/B,1.0.3,Domain validated 2026-09-26. Anaemia and bleeding history should be detected early for optimisation. Anticoagulant/antiplatelet identification is mandatory but interruption instructions belong in a separate rules layer.,https://www.blood.gov.au/clinical-guidance/patient-blood-management; https://pmc.ncbi.nlm.nih.gov/articles/PMC9994846/; https://journal.chestnet.org/article/S0012-3692(22)01359-9/fulltext
HAEM-011,"Haematology, bleeding, thrombosis and transfusion",Current antiplatelet,Current antiplatelet,M0,All patients; reconcile against medication list,"Do you take aspirin, clopidogrel, ticagrelor or another antiplatelet medicine?",Use plain-language synonyms and examples if the patient is unsure.,boolean,"Identify exact drug, dose, indication, coronary/cerebrovascular stent history where relevant and last dose. Management belongs in antithrombotic rules layer.",Explicit patient denial or authoritative source documenting absence.,Record PATIENT_UNSURE/NOT_KNOWN; do not convert to negative. Seek corroborating source where clinically important.,AMBER: clinician review/optimisation if positive or unresolved.,"Required if positive, conflicting or clinically material.",None: do not infer a diagnosis or negative finding.,Bleeding/VTE/PBM review flags,Patient report; corroborate with EMR/previous anaesthetic/medication record where available.,Australian National Blood Authority PBM resources; ICCAMS anaemia consensus; CHEST perioperative antithrombotic guideline,A/B,1.0.3,Domain validated 2026-09-26. Anaemia and bleeding history should be detected early for optimisation. Anticoagulant/antiplatelet identification is mandatory but interruption instructions belong in a separate rules layer.,https://www.blood.gov.au/clinical-guidance/patient-blood-management; https://pmc.ncbi.nlm.nih.gov/articles/PMC9994846/; https://journal.chestnet.org/article/S0012-3692(22)01359-9/fulltext
HAEM-012,"Haematology, bleeding, thrombosis and transfusion",Transfusion history,Transfusion history,M1,"Major surgery, expected blood loss, anaemia/haematological disease or prior transfusion history",Have you ever received a blood transfusion or blood products?,Use plain-language synonyms and examples if the patient is unsure.,boolean,"Clarify timing, severity, current status, treatment and relevant records if positive.",Explicit patient denial or authoritative source documenting absence.,Record PATIENT_UNSURE/NOT_KNOWN; do not convert to negative. Seek corroborating source where clinically important.,None,Review as part of completed assessment.,None: do not infer a diagnosis or negative finding.,Bleeding/VTE/PBM review flags,Patient report; corroborate with EMR/previous anaesthetic/medication record where available.,Australian National Blood Authority PBM resources; ICCAMS anaemia consensus; CHEST perioperative antithrombotic guideline,A/B,1.0.3,Domain validated 2026-09-26. Anaemia and bleeding history should be detected early for optimisation. Anticoagulant/antiplatelet identification is mandatory but interruption instructions belong in a separate rules layer.,https://www.blood.gov.au/clinical-guidance/patient-blood-management; https://pmc.ncbi.nlm.nih.gov/articles/PMC9994846/; https://journal.chestnet.org/article/S0012-3692(22)01359-9/fulltext
HAEM-013,"Haematology, bleeding, thrombosis and transfusion",Transfusion reaction,Transfusion reaction,C1,Positive or relevant upstream response,Have you ever had a reaction to a blood transfusion?,Use plain-language synonyms and examples if the patient is unsure.,boolean,"Clarify timing, severity, current status, treatment and relevant records if positive.",Explicit patient denial or authoritative source documenting absence.,Record PATIENT_UNSURE/NOT_KNOWN; do not convert to negative. Seek corroborating source where clinically important.,None,"Required if positive, conflicting or clinically material.",None: do not infer a diagnosis or negative finding.,Bleeding/VTE/PBM review flags,Patient report; corroborate with EMR/previous anaesthetic/medication record where available.,Australian National Blood Authority PBM resources; ICCAMS anaemia consensus; CHEST perioperative antithrombotic guideline,A/B,1.0.3,Domain validated 2026-09-26. Anaemia and bleeding history should be detected early for optimisation. Anticoagulant/antiplatelet identification is mandatory but interruption instructions belong in a separate rules layer.,https://www.blood.gov.au/clinical-guidance/patient-blood-management; https://pmc.ncbi.nlm.nih.gov/articles/PMC9994846/; https://journal.chestnet.org/article/S0012-3692(22)01359-9/fulltext
HAEM-014,"Haematology, bleeding, thrombosis and transfusion",Blood product restriction,Blood product restriction,M0,All patients before procedures where transfusion could plausibly become relevant,"Would you decline any blood or blood products for personal, religious or other reasons?",Use plain-language synonyms and examples if the patient is unsure.,boolean,"Clarify timing, severity, current status, treatment and relevant records if positive.",Explicit patient denial or authoritative source documenting absence.,Record PATIENT_UNSURE/NOT_KNOWN; do not convert to negative. Seek corroborating source where clinically important.,RED: prompt clinician review if positive/current/recent as clinically relevant.,Mandatory clinician review if any restriction or uncertainty.,None: do not infer a diagnosis or negative finding.,Bleeding/VTE/PBM review flags,Patient report; corroborate with EMR/previous anaesthetic/medication record where available.,Australian National Blood Authority PBM resources; ICCAMS anaemia consensus; CHEST perioperative antithrombotic guideline,A/B,1.0.3,Domain validated 2026-09-26. Anaemia and bleeding history should be detected early for optimisation. Anticoagulant/antiplatelet identification is mandatory but interruption instructions belong in a separate rules layer.,https://www.blood.gov.au/clinical-guidance/patient-blood-management; https://pmc.ncbi.nlm.nih.gov/articles/PMC9994846/; https://journal.chestnet.org/article/S0012-3692(22)01359-9/fulltext
HAEM-015,"Haematology, bleeding, thrombosis and transfusion",Acceptable blood products,Acceptable blood products,C1,Patient declines or restricts blood/products,"If some products are unacceptable, do you know which products or procedures you would accept?",Use plain-language synonyms and examples if the patient is unsure.,text,"Record patient-specific acceptability of components, fractions and blood-conservation procedures using local consent/documentation process; do not infer from religion.",Not applicable; capture value or explicit unknown.,Record PATIENT_UNSURE/NOT_KNOWN; do not convert to negative. Seek corroborating source where clinically important.,None,"Required if positive, conflicting or clinically material.",None: do not infer a diagnosis or negative finding.,Bleeding/VTE/PBM review flags,Patient report; corroborate with EMR/previous anaesthetic/medication record where available.,Australian National Blood Authority PBM resources; ICCAMS anaemia consensus; CHEST perioperative antithrombotic guideline,A/B,1.0.3,Domain validated 2026-09-26. Anaemia and bleeding history should be detected early for optimisation. Anticoagulant/antiplatelet identification is mandatory but interruption instructions belong in a separate rules layer.,https://www.blood.gov.au/clinical-guidance/patient-blood-management; https://pmc.ncbi.nlm.nih.gov/articles/PMC9994846/; https://journal.chestnet.org/article/S0012-3692(22)01359-9/fulltext
ANAES-001,Previous surgery and anaesthesia,Previous operation/procedure,Previous operation/procedure,M0,All patients,Have you had an operation or procedure before?,Use plain-language synonyms and examples if the patient is unsure.,boolean,"Clarify timing, severity, current status, treatment and relevant records if positive.",Explicit patient denial or authoritative source documenting absence.,Record PATIENT_UNSURE/NOT_KNOWN; do not convert to negative. Seek corroborating source where clinically important.,None,Review as part of completed assessment.,None: do not infer a diagnosis or negative finding.,,Patient report; corroborate with EMR/previous anaesthetic/medication record where available.,ANZCA PG07; ASA Basic Standards for Preanesthesia Care; contemporary malignant hyperthermia guidance,A/B,1.0.3,"Domain validated 2026-09-26. Previous anaesthetic history is safety-critical, but detailed complication questions should branch from whether the patient has had anaesthesia and whether any problem occurred.",https://www.anzca.edu.au/getcontentasset/d4eb4cab-69e6-4228-8568-bbc911c6c505/80feb437-d24d-46b8-a858-4a2a28b9b970/pg07-pre-anaesthesia-consultation-2024.pdf?download=1&language=en; https://www.asahq.org/standards-and-practice-parameters/basic-standards-for-preanesthesia-care; https://pmc.ncbi.nlm.nih.gov/articles/PMC12860801/
ANAES-002,Previous surgery and anaesthesia,Previous general anaesthetic,Previous general anaesthetic,C1,Previous operation/procedure,Have you had a general anaesthetic before?,Use plain-language synonyms and examples if the patient is unsure.,boolean,"Clarify timing, severity, current status, treatment and relevant records if positive.",Explicit patient denial or authoritative source documenting absence.,Record PATIENT_UNSURE/NOT_KNOWN; do not convert to negative. Seek corroborating source where clinically important.,None,"Required if positive, conflicting or clinically material.",None: do not infer a diagnosis or negative finding.,,Patient report; corroborate with EMR/previous anaesthetic/medication record where available.,ANZCA PG07; ASA Basic Standards for Preanesthesia Care; contemporary malignant hyperthermia guidance,A/B,1.0.3,"Domain validated 2026-09-26. Previous anaesthetic history is safety-critical, but detailed complication questions should branch from whether the patient has had anaesthesia and whether any problem occurred.",https://www.anzca.edu.au/getcontentasset/d4eb4cab-69e6-4228-8568-bbc911c6c505/80feb437-d24d-46b8-a858-4a2a28b9b970/pg07-pre-anaesthesia-consultation-2024.pdf?download=1&language=en; https://www.asahq.org/standards-and-practice-parameters/basic-standards-for-preanesthesia-care; https://pmc.ncbi.nlm.nih.gov/articles/PMC12860801/
ANAES-003,Previous surgery and anaesthesia,Previous regional anaesthetic,Previous regional anaesthetic,C1,Previous operation/procedure,"Have you had a spinal, epidural or nerve block before?",Use plain-language synonyms and examples if the patient is unsure.,boolean,"Clarify timing, severity, current status, treatment and relevant records if positive.",Explicit patient denial or authoritative source documenting absence.,Record PATIENT_UNSURE/NOT_KNOWN; do not convert to negative. Seek corroborating source where clinically important.,None,"Required if positive, conflicting or clinically material.",None: do not infer a diagnosis or negative finding.,,Patient report; corroborate with EMR/previous anaesthetic/medication record where available.,ANZCA PG07; ASA Basic Standards for Preanesthesia Care; contemporary malignant hyperthermia guidance,A/B,1.0.3,"Domain validated 2026-09-26. Previous anaesthetic history is safety-critical, but detailed complication questions should branch from whether the patient has had anaesthesia and whether any problem occurred.",https://www.anzca.edu.au/getcontentasset/d4eb4cab-69e6-4228-8568-bbc911c6c505/80feb437-d24d-46b8-a858-4a2a28b9b970/pg07-pre-anaesthesia-consultation-2024.pdf?download=1&language=en; https://www.asahq.org/standards-and-practice-parameters/basic-standards-for-preanesthesia-care; https://pmc.ncbi.nlm.nih.gov/articles/PMC12860801/
ANAES-004,Previous surgery and anaesthesia,Previous sedation,Previous sedation,C1,Previous operation/procedure,Have you had sedation for a procedure before?,Use plain-language synonyms and examples if the patient is unsure.,boolean,"Clarify timing, severity, current status, treatment and relevant records if positive.",Explicit patient denial or authoritative source documenting absence.,Record PATIENT_UNSURE/NOT_KNOWN; do not convert to negative. Seek corroborating source where clinically important.,None,"Required if positive, conflicting or clinically material.",None: do not infer a diagnosis or negative finding.,,Patient report; corroborate with EMR/previous anaesthetic/medication record where available.,ANZCA PG07; ASA Basic Standards for Preanesthesia Care; contemporary malignant hyperthermia guidance,A/B,1.0.3,"Domain validated 2026-09-26. Previous anaesthetic history is safety-critical, but detailed complication questions should branch from whether the patient has had anaesthesia and whether any problem occurred.",https://www.anzca.edu.au/getcontentasset/d4eb4cab-69e6-4228-8568-bbc911c6c505/80feb437-d24d-46b8-a858-4a2a28b9b970/pg07-pre-anaesthesia-consultation-2024.pdf?download=1&language=en; https://www.asahq.org/standards-and-practice-parameters/basic-standards-for-preanesthesia-care; https://pmc.ncbi.nlm.nih.gov/articles/PMC12860801/
ANAES-005,Previous surgery and anaesthesia,Previous difficult airway,Previous difficult airway,C1,Previous anaesthesia or patient reports a prior anaesthetic/procedural problem,Have you ever been told you were difficult to intubate or difficult to ventilate?,Use plain-language synonyms and examples if the patient is unsure.,boolean,"Clarify timing, severity, current status, treatment and relevant records if positive.",Explicit patient denial or authoritative source documenting absence.,Record PATIENT_UNSURE/NOT_KNOWN; do not convert to negative. Seek corroborating source where clinically important.,Known previous difficult ventilation/intubation or airway alert: mandatory clinician review and retrieve prior airway record where possible.,"Required if positive, conflicting or clinically material.",None: do not infer a diagnosis or negative finding.,,Patient report; corroborate with EMR/previous anaesthetic/medication record where available.,ANZCA PG07; ASA Basic Standards for Preanesthesia Care; contemporary malignant hyperthermia guidance,A/B,1.0.3,"Domain validated 2026-09-26. Previous anaesthetic history is safety-critical, but detailed complication questions should branch from whether the patient has had anaesthesia and whether any problem occurred.",https://www.anzca.edu.au/getcontentasset/d4eb4cab-69e6-4228-8568-bbc911c6c505/80feb437-d24d-46b8-a858-4a2a28b9b970/pg07-pre-anaesthesia-consultation-2024.pdf?download=1&language=en; https://www.asahq.org/standards-and-practice-parameters/basic-standards-for-preanesthesia-care; https://pmc.ncbi.nlm.nih.gov/articles/PMC12860801/
ANAES-006,Previous surgery and anaesthesia,Previous awake/video/fibreoptic airway,Previous awake/video/fibreoptic airway,C1,Prior difficult airway/intubation or patient reports special airway technique,Have you ever been told a special camera or awake technique was needed to place a breathing tube?,Use plain-language synonyms and examples if the patient is unsure.,boolean,"Clarify timing, severity, current status, treatment and relevant records if positive.",Explicit patient denial or authoritative source documenting absence.,Record PATIENT_UNSURE/NOT_KNOWN; do not convert to negative. Seek corroborating source where clinically important.,None,"Required if positive, conflicting or clinically material.",None: do not infer a diagnosis or negative finding.,,Patient report; corroborate with EMR/previous anaesthetic/medication record where available.,ANZCA PG07; ASA Basic Standards for Preanesthesia Care; contemporary malignant hyperthermia guidance,A/B,1.0.3,"Domain validated 2026-09-26. Previous anaesthetic history is safety-critical, but detailed complication questions should branch from whether the patient has had anaesthesia and whether any problem occurred.",https://www.anzca.edu.au/getcontentasset/d4eb4cab-69e6-4228-8568-bbc911c6c505/80feb437-d24d-46b8-a858-4a2a28b9b970/pg07-pre-anaesthesia-consultation-2024.pdf?download=1&language=en; https://www.asahq.org/standards-and-practice-parameters/basic-standards-for-preanesthesia-care; https://pmc.ncbi.nlm.nih.gov/articles/PMC12860801/
ANAES-007,Previous surgery and anaesthesia,Previous difficult IV access,Previous difficult IV access,C1,Previous procedures or patient reports difficult vascular access,Have clinicians had major difficulty getting an IV or drip in the past?,Use plain-language synonyms and examples if the patient is unsure.,boolean,"Clarify timing, severity, current status, treatment and relevant records if positive.",Explicit patient denial or authoritative source documenting absence.,Record PATIENT_UNSURE/NOT_KNOWN; do not convert to negative. Seek corroborating source where clinically important.,None,Review as part of completed assessment.,None: do not infer a diagnosis or negative finding.,,Patient report; corroborate with EMR/previous anaesthetic/medication record where available.,ANZCA PG07; ASA Basic Standards for Preanesthesia Care; contemporary malignant hyperthermia guidance,A/B,1.0.3,"Domain validated 2026-09-26. Previous anaesthetic history is safety-critical, but detailed complication questions should branch from whether the patient has had anaesthesia and whether any problem occurred.",https://www.anzca.edu.au/getcontentasset/d4eb4cab-69e6-4228-8568-bbc911c6c505/80feb437-d24d-46b8-a858-4a2a28b9b970/pg07-pre-anaesthesia-consultation-2024.pdf?download=1&language=en; https://www.asahq.org/standards-and-practice-parameters/basic-standards-for-preanesthesia-care; https://pmc.ncbi.nlm.nih.gov/articles/PMC12860801/
ANAES-008,Previous surgery and anaesthesia,Previous awareness,Previous awareness,C1,Previous anaesthesia or patient reports a prior anaesthetic/procedural problem,Have you ever been aware or remembered events when you were meant to be unconscious under anaesthesia?,Use plain-language synonyms and examples if the patient is unsure.,boolean,"Clarify timing, severity, current status, treatment and relevant records if positive.",Explicit patient denial or authoritative source documenting absence.,Record PATIENT_UNSURE/NOT_KNOWN; do not convert to negative. Seek corroborating source where clinically important.,AMBER: clinician review/optimisation if positive or unresolved.,Mandatory clinician review if positive; retrieve prior anaesthetic record where possible.,None: do not infer a diagnosis or negative finding.,,Patient report; corroborate with EMR/previous anaesthetic/medication record where available.,ANZCA PG07; ASA Basic Standards for Preanesthesia Care; contemporary malignant hyperthermia guidance,A/B,1.0.3,"Domain validated 2026-09-26. Previous anaesthetic history is safety-critical, but detailed complication questions should branch from whether the patient has had anaesthesia and whether any problem occurred.",https://www.anzca.edu.au/getcontentasset/d4eb4cab-69e6-4228-8568-bbc911c6c505/80feb437-d24d-46b8-a858-4a2a28b9b970/pg07-pre-anaesthesia-consultation-2024.pdf?download=1&language=en; https://www.asahq.org/standards-and-practice-parameters/basic-standards-for-preanesthesia-care; https://pmc.ncbi.nlm.nih.gov/articles/PMC12860801/
ANAES-009,Previous surgery and anaesthesia,Severe PONV,Severe PONV,C1,Previous anaesthesia or patient reports a prior anaesthetic/procedural problem,Have you had severe nausea or vomiting after an anaesthetic?,Use plain-language synonyms and examples if the patient is unsure.,boolean,"Clarify severity, rescue treatment, admission/prolonged stay and whether repeated across anaesthetics; feeds deterministic PONV-risk workflow.",Explicit patient denial or authoritative source documenting absence.,Record PATIENT_UNSURE/NOT_KNOWN; do not convert to negative. Seek corroborating source where clinically important.,AMBER: clinician review/optimisation if positive or unresolved.,"Required if positive, conflicting or clinically material.",None: do not infer a diagnosis or negative finding.,,Patient report; corroborate with EMR/previous anaesthetic/medication record where available.,ANZCA PG07; ASA Basic Standards for Preanesthesia Care; contemporary malignant hyperthermia guidance,A/B,1.0.3,"Domain validated 2026-09-26. Previous anaesthetic history is safety-critical, but detailed complication questions should branch from whether the patient has had anaesthesia and whether any problem occurred.",https://www.anzca.edu.au/getcontentasset/d4eb4cab-69e6-4228-8568-bbc911c6c505/80feb437-d24d-46b8-a858-4a2a28b9b970/pg07-pre-anaesthesia-consultation-2024.pdf?download=1&language=en; https://www.asahq.org/standards-and-practice-parameters/basic-standards-for-preanesthesia-care; https://pmc.ncbi.nlm.nih.gov/articles/PMC12860801/
ANAES-010,Previous surgery and anaesthesia,Delayed emergence,Delayed emergence,C1,Previous anaesthesia or patient reports a prior anaesthetic/procedural problem,Have you ever taken much longer than expected to wake after an anaesthetic?,Use plain-language synonyms and examples if the patient is unsure.,boolean,"Clarify duration, need for ventilation/ICU and any diagnosis such as prolonged neuromuscular blockade/pseudocholinesterase deficiency.",Explicit patient denial or authoritative source documenting absence.,Record PATIENT_UNSURE/NOT_KNOWN; do not convert to negative. Seek corroborating source where clinically important.,AMBER: clinician review/optimisation if positive or unresolved.,"Required if positive, conflicting or clinically material.",None: do not infer a diagnosis or negative finding.,,Patient report; corroborate with EMR/previous anaesthetic/medication record where available.,ANZCA PG07; ASA Basic Standards for Preanesthesia Care; contemporary malignant hyperthermia guidance,A/B,1.0.3,"Domain validated 2026-09-26. Previous anaesthetic history is safety-critical, but detailed complication questions should branch from whether the patient has had anaesthesia and whether any problem occurred.",https://www.anzca.edu.au/getcontentasset/d4eb4cab-69e6-4228-8568-bbc911c6c505/80feb437-d24d-46b8-a858-4a2a28b9b970/pg07-pre-anaesthesia-consultation-2024.pdf?download=1&language=en; https://www.asahq.org/standards-and-practice-parameters/basic-standards-for-preanesthesia-care; https://pmc.ncbi.nlm.nih.gov/articles/PMC12860801/
ANAES-011,Previous surgery and anaesthesia,Unexpected ventilation,Unexpected ventilation,C1,Previous anaesthesia or patient reports a prior anaesthetic/procedural problem,Have you ever unexpectedly needed a breathing machine for a prolonged period after surgery?,Use plain-language synonyms and examples if the patient is unsure.,boolean,"Clarify timing, severity, current status, treatment and relevant records if positive.",Explicit patient denial or authoritative source documenting absence.,Record PATIENT_UNSURE/NOT_KNOWN; do not convert to negative. Seek corroborating source where clinically important.,None,Mandatory clinician review if positive.,None: do not infer a diagnosis or negative finding.,,Patient report; corroborate with EMR/previous anaesthetic/medication record where available.,ANZCA PG07; ASA Basic Standards for Preanesthesia Care; contemporary malignant hyperthermia guidance,A/B,1.0.3,"Domain validated 2026-09-26. Previous anaesthetic history is safety-critical, but detailed complication questions should branch from whether the patient has had anaesthesia and whether any problem occurred.",https://www.anzca.edu.au/getcontentasset/d4eb4cab-69e6-4228-8568-bbc911c6c505/80feb437-d24d-46b8-a858-4a2a28b9b970/pg07-pre-anaesthesia-consultation-2024.pdf?download=1&language=en; https://www.asahq.org/standards-and-practice-parameters/basic-standards-for-preanesthesia-care; https://pmc.ncbi.nlm.nih.gov/articles/PMC12860801/
ANAES-012,Previous surgery and anaesthesia,Unexpected ICU admission,Unexpected ICU admission,C1,Previous anaesthesia or patient reports a prior anaesthetic/procedural problem,Have you ever unexpectedly needed intensive care after an operation?,Use plain-language synonyms and examples if the patient is unsure.,boolean,"Clarify reason for ICU admission and whether anaesthesia-related, surgical or medical.",Explicit patient denial or authoritative source documenting absence.,Record PATIENT_UNSURE/NOT_KNOWN; do not convert to negative. Seek corroborating source where clinically important.,AMBER: clinician review/optimisation if positive or unresolved.,"Required if positive, conflicting or clinically material.",None: do not infer a diagnosis or negative finding.,,Patient report; corroborate with EMR/previous anaesthetic/medication record where available.,ANZCA PG07; ASA Basic Standards for Preanesthesia Care; contemporary malignant hyperthermia guidance,A/B,1.0.3,"Domain validated 2026-09-26. Previous anaesthetic history is safety-critical, but detailed complication questions should branch from whether the patient has had anaesthesia and whether any problem occurred.",https://www.anzca.edu.au/getcontentasset/d4eb4cab-69e6-4228-8568-bbc911c6c505/80feb437-d24d-46b8-a858-4a2a28b9b970/pg07-pre-anaesthesia-consultation-2024.pdf?download=1&language=en; https://www.asahq.org/standards-and-practice-parameters/basic-standards-for-preanesthesia-care; https://pmc.ncbi.nlm.nih.gov/articles/PMC12860801/
ANAES-013,Previous surgery and anaesthesia,Failed/difficult neuraxial,Failed/difficult neuraxial,C1,Previous neuraxial anaesthesia or planned neuraxial technique with relevant prior history,"Has a spinal or epidural ever been difficult, failed or caused a significant complication?",Use plain-language synonyms and examples if the patient is unsure.,boolean,"Clarify timing, severity, current status, treatment and relevant records if positive.",Explicit patient denial or authoritative source documenting absence.,Record PATIENT_UNSURE/NOT_KNOWN; do not convert to negative. Seek corroborating source where clinically important.,None,"Required if positive, conflicting or clinically material.",None: do not infer a diagnosis or negative finding.,,Patient report; corroborate with EMR/previous anaesthetic/medication record where available.,ANZCA PG07; ASA Basic Standards for Preanesthesia Care; contemporary malignant hyperthermia guidance,A/B,1.0.3,"Domain validated 2026-09-26. Previous anaesthetic history is safety-critical, but detailed complication questions should branch from whether the patient has had anaesthesia and whether any problem occurred.",https://www.anzca.edu.au/getcontentasset/d4eb4cab-69e6-4228-8568-bbc911c6c505/80feb437-d24d-46b8-a858-4a2a28b9b970/pg07-pre-anaesthesia-consultation-2024.pdf?download=1&language=en; https://www.asahq.org/standards-and-practice-parameters/basic-standards-for-preanesthesia-care; https://pmc.ncbi.nlm.nih.gov/articles/PMC12860801/
ANAES-014,Previous surgery and anaesthesia,Perioperative anaphylaxis,Perioperative anaphylaxis,C1,Previous anaesthesia or patient reports a prior anaesthetic/procedural problem,Have you ever had a severe allergic reaction during an operation or anaesthetic?,Use plain-language synonyms and examples if the patient is unsure.,boolean,"Clarify timing, severity, current status, treatment and relevant records if positive.",Explicit patient denial or authoritative source documenting absence.,Record PATIENT_UNSURE/NOT_KNOWN; do not convert to negative. Seek corroborating source where clinically important.,Prior suspected perioperative anaphylaxis/hypersensitivity: mandatory clinician review and retrieve anaesthetic/allergy investigation records before elective exposure where feasible.,"Required if positive, conflicting or clinically material.",None: do not infer a diagnosis or negative finding.,,Patient report; corroborate with EMR/previous anaesthetic/medication record where available.,ANZCA PG07; ASA Basic Standards for Preanesthesia Care; contemporary malignant hyperthermia guidance,A/B,1.0.3,"Domain validated 2026-09-26. Previous anaesthetic history is safety-critical, but detailed complication questions should branch from whether the patient has had anaesthesia and whether any problem occurred.",https://www.anzca.edu.au/getcontentasset/d4eb4cab-69e6-4228-8568-bbc911c6c505/80feb437-d24d-46b8-a858-4a2a28b9b970/pg07-pre-anaesthesia-consultation-2024.pdf?download=1&language=en; https://www.asahq.org/standards-and-practice-parameters/basic-standards-for-preanesthesia-care; https://pmc.ncbi.nlm.nih.gov/articles/PMC12860801/
ANAES-015,Previous surgery and anaesthesia,Dental injury,Dental injury,C1,Previous general anaesthesia with airway instrumentation or patient reports dental injury,Have you ever had a tooth or dental work damaged during anaesthesia?,Use plain-language synonyms and examples if the patient is unsure.,boolean,"Clarify timing, severity, current status, treatment and relevant records if positive.",Explicit patient denial or authoritative source documenting absence.,Record PATIENT_UNSURE/NOT_KNOWN; do not convert to negative. Seek corroborating source where clinically important.,None,"Required if positive, conflicting or clinically material.",None: do not infer a diagnosis or negative finding.,,Patient report; corroborate with EMR/previous anaesthetic/medication record where available.,ANZCA PG07; ASA Basic Standards for Preanesthesia Care; contemporary malignant hyperthermia guidance,A/B,1.0.3,"Domain validated 2026-09-26. Previous anaesthetic history is safety-critical, but detailed complication questions should branch from whether the patient has had anaesthesia and whether any problem occurred.",https://www.anzca.edu.au/getcontentasset/d4eb4cab-69e6-4228-8568-bbc911c6c505/80feb437-d24d-46b8-a858-4a2a28b9b970/pg07-pre-anaesthesia-consultation-2024.pdf?download=1&language=en; https://www.asahq.org/standards-and-practice-parameters/basic-standards-for-preanesthesia-care; https://pmc.ncbi.nlm.nih.gov/articles/PMC12860801/
ANAES-016,Previous surgery and anaesthesia,Nerve injury,Nerve injury,C1,Previous surgery/anaesthesia with persistent neurological symptoms,"Have you ever had persistent numbness, weakness or nerve injury after an operation or anaesthetic?",Use plain-language synonyms and examples if the patient is unsure.,boolean,"Clarify timing, severity, current status, treatment and relevant records if positive.",Explicit patient denial or authoritative source documenting absence.,Record PATIENT_UNSURE/NOT_KNOWN; do not convert to negative. Seek corroborating source where clinically important.,None,"Required if positive, conflicting or clinically material.",None: do not infer a diagnosis or negative finding.,,Patient report; corroborate with EMR/previous anaesthetic/medication record where available.,ANZCA PG07; ASA Basic Standards for Preanesthesia Care; contemporary malignant hyperthermia guidance,A/B,1.0.3,"Domain validated 2026-09-26. Previous anaesthetic history is safety-critical, but detailed complication questions should branch from whether the patient has had anaesthesia and whether any problem occurred.",https://www.anzca.edu.au/getcontentasset/d4eb4cab-69e6-4228-8568-bbc911c6c505/80feb437-d24d-46b8-a858-4a2a28b9b970/pg07-pre-anaesthesia-consultation-2024.pdf?download=1&language=en; https://www.asahq.org/standards-and-practice-parameters/basic-standards-for-preanesthesia-care; https://pmc.ncbi.nlm.nih.gov/articles/PMC12860801/
ANAES-017,Previous surgery and anaesthesia,Other anaesthetic complication,Other anaesthetic complication,C1,Previous anaesthesia or patient reports a prior anaesthetic/procedural problem,Was there any other problem with a previous anaesthetic that you were told future anaesthetists should know about?,Use plain-language synonyms and examples if the patient is unsure.,text,Clarify if incomplete or ambiguous.,Not applicable; capture value or explicit unknown.,Record PATIENT_UNSURE/NOT_KNOWN; do not convert to negative. Seek corroborating source where clinically important.,None,Review as part of completed assessment.,None: do not infer a diagnosis or negative finding.,,Patient report; corroborate with EMR/previous anaesthetic/medication record where available.,ANZCA PG07; ASA Basic Standards for Preanesthesia Care; contemporary malignant hyperthermia guidance,A/B,1.0.3,"Domain validated 2026-09-26. Previous anaesthetic history is safety-critical, but detailed complication questions should branch from whether the patient has had anaesthesia and whether any problem occurred.",https://www.anzca.edu.au/getcontentasset/d4eb4cab-69e6-4228-8568-bbc911c6c505/80feb437-d24d-46b8-a858-4a2a28b9b970/pg07-pre-anaesthesia-consultation-2024.pdf?download=1&language=en; https://www.asahq.org/standards-and-practice-parameters/basic-standards-for-preanesthesia-care; https://pmc.ncbi.nlm.nih.gov/articles/PMC12860801/
ANAES-018,Previous surgery and anaesthesia,Previous anaesthetic record available,Previous anaesthetic record available,C1,Any significant prior anaesthetic complication,Do you know where and approximately when the anaesthetic problem occurred?,Use plain-language synonyms and examples if the patient is unsure.,text,"Capture hospital, approximate date/procedure and any alert/test details to support record retrieval.",Not applicable; capture value or explicit unknown.,Record PATIENT_UNSURE/NOT_KNOWN; do not convert to negative. Seek corroborating source where clinically important.,None,"Required if positive, conflicting or clinically material.",None: do not infer a diagnosis or negative finding.,,Patient report; corroborate with EMR/previous anaesthetic/medication record where available.,ANZCA PG07; ASA Basic Standards for Preanesthesia Care; contemporary malignant hyperthermia guidance,A/B,1.0.3,"Domain validated 2026-09-26. Previous anaesthetic history is safety-critical, but detailed complication questions should branch from whether the patient has had anaesthesia and whether any problem occurred.",https://www.anzca.edu.au/getcontentasset/d4eb4cab-69e6-4228-8568-bbc911c6c505/80feb437-d24d-46b8-a858-4a2a28b9b970/pg07-pre-anaesthesia-consultation-2024.pdf?download=1&language=en; https://www.asahq.org/standards-and-practice-parameters/basic-standards-for-preanesthesia-care; https://pmc.ncbi.nlm.nih.gov/articles/PMC12860801/
FAM-001,Family anaesthetic history,Family anaesthetic problem,Family anaesthetic problem,M0,All patients,Has anyone in your family had a serious problem with an anaesthetic?,Use plain-language synonyms and examples if the patient is unsure.,boolean,"Clarify timing, severity, current status, treatment and relevant records if positive.",Explicit patient denial or authoritative source documenting absence.,Record PATIENT_UNSURE/NOT_KNOWN; do not convert to negative. Seek corroborating source where clinically important.,None,Review as part of completed assessment.,None: do not infer a diagnosis or negative finding.,,Patient report; corroborate with EMR/previous anaesthetic/medication record where available.,2025 JSA malignant hyperthermia guideline; ANZCA PG07,A/B,1.0.4,"Domain validated 2026-09-26. Use a broad family anaesthetic-problem screen, then activate specific MH/prolonged paralysis/death branches. Absence of prior anaesthetic problems does not exclude MH susceptibility.",https://pmc.ncbi.nlm.nih.gov/articles/PMC12860801/; https://www.anzca.edu.au/getcontentasset/d4eb4cab-69e6-4228-8568-bbc911c6c505/80feb437-d24d-46b8-a858-4a2a28b9b970/pg07-pre-anaesthesia-consultation-2024.pdf?download=1&language=en
FAM-002,Family anaesthetic history,Malignant hyperthermia,Malignant hyperthermia,C1,"Positive/uncertain family anaesthetic history, known family MH/neuromuscular condition or relevant patient history",Has anyone in your family been diagnosed with malignant hyperthermia?,Use plain-language synonyms and examples if the patient is unsure.,boolean,"Clarify timing, severity, current status, treatment and relevant records if positive.",Explicit patient denial or authoritative source documenting absence.,Record PATIENT_UNSURE/NOT_KNOWN; do not convert to negative. Seek corroborating source where clinically important.,Known/suspected malignant hyperthermia in a blood relative: mandatory clinician review; treat as potentially susceptible until appropriately clarified.,"Required if positive, conflicting or clinically material.",None: do not infer a diagnosis or negative finding.,,Patient report; corroborate with EMR/previous anaesthetic/medication record where available.,2025 JSA malignant hyperthermia guideline; ANZCA PG07,A/B,1.0.4,"Domain validated 2026-09-26. Use a broad family anaesthetic-problem screen, then activate specific MH/prolonged paralysis/death branches. Absence of prior anaesthetic problems does not exclude MH susceptibility.",https://pmc.ncbi.nlm.nih.gov/articles/PMC12860801/; https://www.anzca.edu.au/getcontentasset/d4eb4cab-69e6-4228-8568-bbc911c6c505/80feb437-d24d-46b8-a858-4a2a28b9b970/pg07-pre-anaesthesia-consultation-2024.pdf?download=1&language=en
FAM-003,Family anaesthetic history,Anaesthetic death,Anaesthetic death,C1,"Positive/uncertain family anaesthetic history, known family MH/neuromuscular condition or relevant patient history",Has a relative died unexpectedly during or soon after an anaesthetic?,Use plain-language synonyms and examples if the patient is unsure.,boolean,"Clarify timing, severity, current status, treatment and relevant records if positive.",Explicit patient denial or authoritative source documenting absence.,Record PATIENT_UNSURE/NOT_KNOWN; do not convert to negative. Seek corroborating source where clinically important.,RED: prompt clinician review if positive/current/recent as clinically relevant.,"Required if positive, conflicting or clinically material.",None: do not infer a diagnosis or negative finding.,,Patient report; corroborate with EMR/previous anaesthetic/medication record where available.,2025 JSA malignant hyperthermia guideline; ANZCA PG07,A/B,1.0.4,"Domain validated 2026-09-26. Use a broad family anaesthetic-problem screen, then activate specific MH/prolonged paralysis/death branches. Absence of prior anaesthetic problems does not exclude MH susceptibility.",https://pmc.ncbi.nlm.nih.gov/articles/PMC12860801/; https://www.anzca.edu.au/getcontentasset/d4eb4cab-69e6-4228-8568-bbc911c6c505/80feb437-d24d-46b8-a858-4a2a28b9b970/pg07-pre-anaesthesia-consultation-2024.pdf?download=1&language=en
FAM-004,Family anaesthetic history,Prolonged paralysis/apnoea,Prolonged paralysis/apnoea,C1,"Positive/uncertain family anaesthetic history, known family MH/neuromuscular condition or relevant patient history",Has a relative taken an unusually long time to breathe or move normally after an anaesthetic?,Use plain-language synonyms and examples if the patient is unsure.,boolean,"Clarify prolonged ventilation/paralysis, diagnosis if known and affected relative; distinguish suspected pseudocholinesterase deficiency from MH.",Explicit patient denial or authoritative source documenting absence.,Record PATIENT_UNSURE/NOT_KNOWN; do not convert to negative. Seek corroborating source where clinically important.,None,Review as part of completed assessment.,None: do not infer a diagnosis or negative finding.,,Patient report; corroborate with EMR/previous anaesthetic/medication record where available.,2025 JSA malignant hyperthermia guideline; ANZCA PG07,A/B,1.0.4,"Domain validated 2026-09-26. Use a broad family anaesthetic-problem screen, then activate specific MH/prolonged paralysis/death branches. Absence of prior anaesthetic problems does not exclude MH susceptibility.",https://pmc.ncbi.nlm.nih.gov/articles/PMC12860801/; https://www.anzca.edu.au/getcontentasset/d4eb4cab-69e6-4228-8568-bbc911c6c505/80feb437-d24d-46b8-a858-4a2a28b9b970/pg07-pre-anaesthesia-consultation-2024.pdf?download=1&language=en
FAM-005,Family anaesthetic history,Pseudocholinesterase deficiency,Pseudocholinesterase deficiency,C1,"Positive/uncertain family anaesthetic history, known family MH/neuromuscular condition or relevant patient history",Has anyone in your family been told they have pseudocholinesterase deficiency or suxamethonium apnoea?,Use plain-language synonyms and examples if the patient is unsure.,boolean,"Clarify timing, severity, current status, treatment and relevant records if positive.",Explicit patient denial or authoritative source documenting absence.,Record PATIENT_UNSURE/NOT_KNOWN; do not convert to negative. Seek corroborating source where clinically important.,None,"Required if positive, conflicting or clinically material.",None: do not infer a diagnosis or negative finding.,,Patient report; corroborate with EMR/previous anaesthetic/medication record where available.,2025 JSA malignant hyperthermia guideline; ANZCA PG07,A/B,1.0.4,"Domain validated 2026-09-26. Use a broad family anaesthetic-problem screen, then activate specific MH/prolonged paralysis/death branches. Absence of prior anaesthetic problems does not exclude MH susceptibility.",https://pmc.ncbi.nlm.nih.gov/articles/PMC12860801/; https://www.anzca.edu.au/getcontentasset/d4eb4cab-69e6-4228-8568-bbc911c6c505/80feb437-d24d-46b8-a858-4a2a28b9b970/pg07-pre-anaesthesia-consultation-2024.pdf?download=1&language=en
FAM-006,Family anaesthetic history,Unexplained perioperative ICU,Unexplained perioperative ICU,C1,"Positive/uncertain family anaesthetic history, known family MH/neuromuscular condition or relevant patient history",Has a relative unexpectedly needed intensive care after an anaesthetic?,Use plain-language synonyms and examples if the patient is unsure.,boolean,"Clarify timing, severity, current status, treatment and relevant records if positive.",Explicit patient denial or authoritative source documenting absence.,Record PATIENT_UNSURE/NOT_KNOWN; do not convert to negative. Seek corroborating source where clinically important.,None,"Required if positive, conflicting or clinically material.",None: do not infer a diagnosis or negative finding.,,Patient report; corroborate with EMR/previous anaesthetic/medication record where available.,2025 JSA malignant hyperthermia guideline; ANZCA PG07,A/B,1.0.4,"Domain validated 2026-09-26. Use a broad family anaesthetic-problem screen, then activate specific MH/prolonged paralysis/death branches. Absence of prior anaesthetic problems does not exclude MH susceptibility.",https://pmc.ncbi.nlm.nih.gov/articles/PMC12860801/; https://www.anzca.edu.au/getcontentasset/d4eb4cab-69e6-4228-8568-bbc911c6c505/80feb437-d24d-46b8-a858-4a2a28b9b970/pg07-pre-anaesthesia-consultation-2024.pdf?download=1&language=en
FAM-007,Family anaesthetic history,Heat/exercise rhabdomyolysis family history,Heat/exercise rhabdomyolysis family history,C1,"Positive/uncertain family anaesthetic history, known family MH/neuromuscular condition or relevant patient history",Is there a family history of severe heat illness or muscle breakdown after exercise?,Use plain-language synonyms and examples if the patient is unsure.,boolean,"Clarify heat stroke, exertional rhabdomyolysis, recurrent unexplained CK elevation or RYR1-related disease in blood relatives.",Explicit patient denial or authoritative source documenting absence.,Record PATIENT_UNSURE/NOT_KNOWN; do not convert to negative. Seek corroborating source where clinically important.,None,"Required if positive, conflicting or clinically material.",None: do not infer a diagnosis or negative finding.,,Patient report; corroborate with EMR/previous anaesthetic/medication record where available.,2025 JSA malignant hyperthermia guideline; ANZCA PG07,A/B,1.0.4,"Domain validated 2026-09-26. Use a broad family anaesthetic-problem screen, then activate specific MH/prolonged paralysis/death branches. Absence of prior anaesthetic problems does not exclude MH susceptibility.",https://pmc.ncbi.nlm.nih.gov/articles/PMC12860801/; https://www.anzca.edu.au/getcontentasset/d4eb4cab-69e6-4228-8568-bbc911c6c505/80feb437-d24d-46b8-a858-4a2a28b9b970/pg07-pre-anaesthesia-consultation-2024.pdf?download=1&language=en
FAM-008,Family anaesthetic history,Known RYR1/CACNA1S variant,Known RYR1/CACNA1S variant,C1,"Positive/uncertain family anaesthetic history, known family MH/neuromuscular condition or relevant patient history",Is there a known genetic result in your family linked to malignant hyperthermia?,Use plain-language synonyms and examples if the patient is unsure.,boolean,"Clarify timing, severity, current status, treatment and relevant records if positive.",Explicit patient denial or authoritative source documenting absence.,Record PATIENT_UNSURE/NOT_KNOWN; do not convert to negative. Seek corroborating source where clinically important.,None,Mandatory clinician review; obtain genetic/MH service documentation where possible.,None: do not infer a diagnosis or negative finding.,,Patient report; corroborate with EMR/previous anaesthetic/medication record where available.,2025 JSA malignant hyperthermia guideline; ANZCA PG07,A/B,1.0.4,"Domain validated 2026-09-26. Use a broad family anaesthetic-problem screen, then activate specific MH/prolonged paralysis/death branches. Absence of prior anaesthetic problems does not exclude MH susceptibility.",https://pmc.ncbi.nlm.nih.gov/articles/PMC12860801/; https://www.anzca.edu.au/getcontentasset/d4eb4cab-69e6-4228-8568-bbc911c6c505/80feb437-d24d-46b8-a858-4a2a28b9b970/pg07-pre-anaesthesia-consultation-2024.pdf?download=1&language=en
AIR-001,"Airway, dental and anatomical history",Limited mouth opening,Limited mouth opening,M1,General anaesthesia/deep sedation or airway instrumentation anticipated; otherwise procedure/anaesthetic-specific,Do you have difficulty opening your mouth widely?,Use plain-language synonyms and examples if the patient is unsure.,boolean,"Clarify timing, severity, current status, treatment and relevant records if positive.",Explicit patient denial or authoritative source documenting absence.,Record PATIENT_UNSURE/NOT_KNOWN; do not convert to negative. Seek corroborating source where clinically important.,Severely restricted mouth opening or progressive inability to open mouth: clinician airway review.,Review as part of completed assessment.,None: do not infer a diagnosis or negative finding.,,Patient report; corroborate with EMR/previous anaesthetic/medication record where available.,Difficult airway assessment consensus; Difficult Airway Society awake intubation guidance; ANZCA PG07,A/B/F,1.0.4,"Domain validated 2026-09-26. Conversational history can identify prior airway difficulty and anatomical/pathology risk, but does not replace clinician physical airway examination.",https://pmc.ncbi.nlm.nih.gov/articles/PMC10432292/; https://pmc.ncbi.nlm.nih.gov/articles/PMC7078877/; https://www.anzca.edu.au/getcontentasset/d4eb4cab-69e6-4228-8568-bbc911c6c505/80feb437-d24d-46b8-a858-4a2a28b9b970/pg07-pre-anaesthesia-consultation-2024.pdf?download=1&language=en
AIR-002,"Airway, dental and anatomical history",Jaw/TMJ problem,Jaw/TMJ problem,C1,"Positive broad airway/neck history, limited mouth/neck movement, prior difficult airway or head/neck pathology","Do you have jaw problems, pain or locking?",Use plain-language synonyms and examples if the patient is unsure.,boolean,"Clarify timing, severity, current status, treatment and relevant records if positive.",Explicit patient denial or authoritative source documenting absence.,Record PATIENT_UNSURE/NOT_KNOWN; do not convert to negative. Seek corroborating source where clinically important.,None,Review as part of completed assessment.,None: do not infer a diagnosis or negative finding.,,Patient report; corroborate with EMR/previous anaesthetic/medication record where available.,Difficult airway assessment consensus; Difficult Airway Society awake intubation guidance; ANZCA PG07,A/B/F,1.0.4,"Domain validated 2026-09-26. Conversational history can identify prior airway difficulty and anatomical/pathology risk, but does not replace clinician physical airway examination.",https://pmc.ncbi.nlm.nih.gov/articles/PMC10432292/; https://pmc.ncbi.nlm.nih.gov/articles/PMC7078877/; https://www.anzca.edu.au/getcontentasset/d4eb4cab-69e6-4228-8568-bbc911c6c505/80feb437-d24d-46b8-a858-4a2a28b9b970/pg07-pre-anaesthesia-consultation-2024.pdf?download=1&language=en
AIR-003,"Airway, dental and anatomical history",Limited neck movement,Limited neck movement,M1,General anaesthesia/deep sedation or airway instrumentation anticipated; otherwise procedure/anaesthetic-specific,Do you have difficulty moving your neck?,Use plain-language synonyms and examples if the patient is unsure.,boolean,"Clarify timing, severity, current status, treatment and relevant records if positive.",Explicit patient denial or authoritative source documenting absence.,Record PATIENT_UNSURE/NOT_KNOWN; do not convert to negative. Seek corroborating source where clinically important.,"Markedly limited neck movement, instability or immobilisation: clinician airway review.","Required if positive, conflicting or clinically material.",None: do not infer a diagnosis or negative finding.,,Patient report; corroborate with EMR/previous anaesthetic/medication record where available.,Difficult airway assessment consensus; Difficult Airway Society awake intubation guidance; ANZCA PG07,A/B/F,1.0.4,"Domain validated 2026-09-26. Conversational history can identify prior airway difficulty and anatomical/pathology risk, but does not replace clinician physical airway examination.",https://pmc.ncbi.nlm.nih.gov/articles/PMC10432292/; https://pmc.ncbi.nlm.nih.gov/articles/PMC7078877/; https://www.anzca.edu.au/getcontentasset/d4eb4cab-69e6-4228-8568-bbc911c6c505/80feb437-d24d-46b8-a858-4a2a28b9b970/pg07-pre-anaesthesia-consultation-2024.pdf?download=1&language=en
AIR-004,"Airway, dental and anatomical history",Cervical spine disease,Cervical spine disease,C1,"Positive broad airway/neck history, limited mouth/neck movement, prior difficult airway or head/neck pathology","Do you have arthritis, instability, injury or surgery involving your neck?",Use plain-language synonyms and examples if the patient is unsure.,boolean,"Clarify timing, severity, current status, treatment and relevant records if positive.",Explicit patient denial or authoritative source documenting absence.,Record PATIENT_UNSURE/NOT_KNOWN; do not convert to negative. Seek corroborating source where clinically important.,None,Review as part of completed assessment.,None: do not infer a diagnosis or negative finding.,,Patient report; corroborate with EMR/previous anaesthetic/medication record where available.,Difficult airway assessment consensus; Difficult Airway Society awake intubation guidance; ANZCA PG07,A/B/F,1.0.4,"Domain validated 2026-09-26. Conversational history can identify prior airway difficulty and anatomical/pathology risk, but does not replace clinician physical airway examination.",https://pmc.ncbi.nlm.nih.gov/articles/PMC10432292/; https://pmc.ncbi.nlm.nih.gov/articles/PMC7078877/; https://www.anzca.edu.au/getcontentasset/d4eb4cab-69e6-4228-8568-bbc911c6c505/80feb437-d24d-46b8-a858-4a2a28b9b970/pg07-pre-anaesthesia-consultation-2024.pdf?download=1&language=en
AIR-005,"Airway, dental and anatomical history",Previous neck surgery,Previous neck surgery,C1,"Positive broad airway/neck history, limited mouth/neck movement, prior difficult airway or head/neck pathology",Have you had surgery to your neck or cervical spine?,Use plain-language synonyms and examples if the patient is unsure.,boolean,"Clarify timing, severity, current status, treatment and relevant records if positive.",Explicit patient denial or authoritative source documenting absence.,Record PATIENT_UNSURE/NOT_KNOWN; do not convert to negative. Seek corroborating source where clinically important.,None,"Required if positive, conflicting or clinically material.",None: do not infer a diagnosis or negative finding.,,Patient report; corroborate with EMR/previous anaesthetic/medication record where available.,Difficult airway assessment consensus; Difficult Airway Society awake intubation guidance; ANZCA PG07,A/B/F,1.0.4,"Domain validated 2026-09-26. Conversational history can identify prior airway difficulty and anatomical/pathology risk, but does not replace clinician physical airway examination.",https://pmc.ncbi.nlm.nih.gov/articles/PMC10432292/; https://pmc.ncbi.nlm.nih.gov/articles/PMC7078877/; https://www.anzca.edu.au/getcontentasset/d4eb4cab-69e6-4228-8568-bbc911c6c505/80feb437-d24d-46b8-a858-4a2a28b9b970/pg07-pre-anaesthesia-consultation-2024.pdf?download=1&language=en
AIR-006,"Airway, dental and anatomical history",Head/neck cancer surgery,Head/neck cancer surgery,C1,"Positive broad airway/neck history, limited mouth/neck movement, prior difficult airway or head/neck pathology","Have you had surgery for cancer involving your mouth, throat or neck?",Use plain-language synonyms and examples if the patient is unsure.,boolean,"Clarify timing, severity, current status, treatment and relevant records if positive.",Explicit patient denial or authoritative source documenting absence.,Record PATIENT_UNSURE/NOT_KNOWN; do not convert to negative. Seek corroborating source where clinically important.,None,Head/neck cancer surgery can materially alter airway anatomy; clinician airway review when relevant.,None: do not infer a diagnosis or negative finding.,,Patient report; corroborate with EMR/previous anaesthetic/medication record where available.,Difficult airway assessment consensus; Difficult Airway Society awake intubation guidance; ANZCA PG07,A/B/F,1.0.4,"Domain validated 2026-09-26. Conversational history can identify prior airway difficulty and anatomical/pathology risk, but does not replace clinician physical airway examination.",https://pmc.ncbi.nlm.nih.gov/articles/PMC10432292/; https://pmc.ncbi.nlm.nih.gov/articles/PMC7078877/; https://www.anzca.edu.au/getcontentasset/d4eb4cab-69e6-4228-8568-bbc911c6c505/80feb437-d24d-46b8-a858-4a2a28b9b970/pg07-pre-anaesthesia-consultation-2024.pdf?download=1&language=en
AIR-007,"Airway, dental and anatomical history",Head/neck radiotherapy,Head/neck radiotherapy,C1,"Positive broad airway/neck history, limited mouth/neck movement, prior difficult airway or head/neck pathology",Have you had radiotherapy to your head or neck?,Use plain-language synonyms and examples if the patient is unsure.,boolean,"Clarify timing, severity, current status, treatment and relevant records if positive.",Explicit patient denial or authoritative source documenting absence.,Record PATIENT_UNSURE/NOT_KNOWN; do not convert to negative. Seek corroborating source where clinically important.,None,Prior head/neck radiotherapy may predict difficult airway; clinician airway review.,None: do not infer a diagnosis or negative finding.,,Patient report; corroborate with EMR/previous anaesthetic/medication record where available.,Difficult airway assessment consensus; Difficult Airway Society awake intubation guidance; ANZCA PG07,A/B/F,1.0.4,"Domain validated 2026-09-26. Conversational history can identify prior airway difficulty and anatomical/pathology risk, but does not replace clinician physical airway examination.",https://pmc.ncbi.nlm.nih.gov/articles/PMC10432292/; https://pmc.ncbi.nlm.nih.gov/articles/PMC7078877/; https://www.anzca.edu.au/getcontentasset/d4eb4cab-69e6-4228-8568-bbc911c6c505/80feb437-d24d-46b8-a858-4a2a28b9b970/pg07-pre-anaesthesia-consultation-2024.pdf?download=1&language=en
AIR-008,"Airway, dental and anatomical history",Tracheostomy history,Tracheostomy history,M1,General anaesthesia/deep sedation or airway instrumentation anticipated; otherwise procedure/anaesthetic-specific,Have you ever had a tracheostomy?,Use plain-language synonyms and examples if the patient is unsure.,boolean,"Clarify timing, severity, current status, treatment and relevant records if positive.",Explicit patient denial or authoritative source documenting absence.,Record PATIENT_UNSURE/NOT_KNOWN; do not convert to negative. Seek corroborating source where clinically important.,None,"Current or previous tracheostomy requires clarification of indication, anatomy and current status.",None: do not infer a diagnosis or negative finding.,,Patient report; corroborate with EMR/previous anaesthetic/medication record where available.,Difficult airway assessment consensus; Difficult Airway Society awake intubation guidance; ANZCA PG07,A/B/F,1.0.4,"Domain validated 2026-09-26. Conversational history can identify prior airway difficulty and anatomical/pathology risk, but does not replace clinician physical airway examination.",https://pmc.ncbi.nlm.nih.gov/articles/PMC10432292/; https://pmc.ncbi.nlm.nih.gov/articles/PMC7078877/; https://www.anzca.edu.au/getcontentasset/d4eb4cab-69e6-4228-8568-bbc911c6c505/80feb437-d24d-46b8-a858-4a2a28b9b970/pg07-pre-anaesthesia-consultation-2024.pdf?download=1&language=en
AIR-009,"Airway, dental and anatomical history",Airway surgery,Airway surgery,C1,"Positive broad airway/neck history, limited mouth/neck movement, prior difficult airway or head/neck pathology","Have you had surgery on your airway, voice box or windpipe?",Use plain-language synonyms and examples if the patient is unsure.,boolean,"Clarify timing, severity, current status, treatment and relevant records if positive.",Explicit patient denial or authoritative source documenting absence.,Record PATIENT_UNSURE/NOT_KNOWN; do not convert to negative. Seek corroborating source where clinically important.,None,"Required if positive, conflicting or clinically material.",None: do not infer a diagnosis or negative finding.,,Patient report; corroborate with EMR/previous anaesthetic/medication record where available.,Difficult airway assessment consensus; Difficult Airway Society awake intubation guidance; ANZCA PG07,A/B/F,1.0.4,"Domain validated 2026-09-26. Conversational history can identify prior airway difficulty and anatomical/pathology risk, but does not replace clinician physical airway examination.",https://pmc.ncbi.nlm.nih.gov/articles/PMC10432292/; https://pmc.ncbi.nlm.nih.gov/articles/PMC7078877/; https://www.anzca.edu.au/getcontentasset/d4eb4cab-69e6-4228-8568-bbc911c6c505/80feb437-d24d-46b8-a858-4a2a28b9b970/pg07-pre-anaesthesia-consultation-2024.pdf?download=1&language=en
AIR-010,"Airway, dental and anatomical history",Loose teeth,Loose teeth,M1,General anaesthesia/deep sedation or airway instrumentation anticipated; otherwise procedure/anaesthetic-specific,Do you have any loose teeth?,Use plain-language synonyms and examples if the patient is unsure.,boolean,Identify which teeth are loose/vulnerable and relevant dental work; final dental/airway examination is clinician-performed.,Explicit patient denial or authoritative source documenting absence.,Record PATIENT_UNSURE/NOT_KNOWN; do not convert to negative. Seek corroborating source where clinically important.,AMBER: clinician review/optimisation if positive or unresolved.,"Required if positive, conflicting or clinically material.",None: do not infer a diagnosis or negative finding.,,Patient report; corroborate with EMR/previous anaesthetic/medication record where available.,Difficult airway assessment consensus; Difficult Airway Society awake intubation guidance; ANZCA PG07,A/B/F,1.0.4,"Domain validated 2026-09-26. Conversational history can identify prior airway difficulty and anatomical/pathology risk, but does not replace clinician physical airway examination.",https://pmc.ncbi.nlm.nih.gov/articles/PMC10432292/; https://pmc.ncbi.nlm.nih.gov/articles/PMC7078877/; https://www.anzca.edu.au/getcontentasset/d4eb4cab-69e6-4228-8568-bbc911c6c505/80feb437-d24d-46b8-a858-4a2a28b9b970/pg07-pre-anaesthesia-consultation-2024.pdf?download=1&language=en
AIR-011,"Airway, dental and anatomical history",Dentures,Dentures,M1,General anaesthesia/deep sedation or airway instrumentation anticipated; otherwise procedure/anaesthetic-specific,Do you wear dentures or removable dental plates?,Use plain-language synonyms and examples if the patient is unsure.,boolean,"Clarify timing, severity, current status, treatment and relevant records if positive.",Explicit patient denial or authoritative source documenting absence.,Record PATIENT_UNSURE/NOT_KNOWN; do not convert to negative. Seek corroborating source where clinically important.,None,Review as part of completed assessment.,None: do not infer a diagnosis or negative finding.,,Patient report; corroborate with EMR/previous anaesthetic/medication record where available.,Difficult airway assessment consensus; Difficult Airway Society awake intubation guidance; ANZCA PG07,A/B/F,1.0.4,"Domain validated 2026-09-26. Conversational history can identify prior airway difficulty and anatomical/pathology risk, but does not replace clinician physical airway examination.",https://pmc.ncbi.nlm.nih.gov/articles/PMC10432292/; https://pmc.ncbi.nlm.nih.gov/articles/PMC7078877/; https://www.anzca.edu.au/getcontentasset/d4eb4cab-69e6-4228-8568-bbc911c6c505/80feb437-d24d-46b8-a858-4a2a28b9b970/pg07-pre-anaesthesia-consultation-2024.pdf?download=1&language=en
AIR-012,"Airway, dental and anatomical history",Crowns/bridges/implants,Crowns/bridges/implants,M1,Airway instrumentation anticipated or dental vulnerability reported,"Do you have crowns, bridges, veneers or dental implants?",Use plain-language synonyms and examples if the patient is unsure.,boolean,"Clarify timing, severity, current status, treatment and relevant records if positive.",Explicit patient denial or authoritative source documenting absence.,Record PATIENT_UNSURE/NOT_KNOWN; do not convert to negative. Seek corroborating source where clinically important.,None,Review as part of completed assessment.,None: do not infer a diagnosis or negative finding.,,Patient report; corroborate with EMR/previous anaesthetic/medication record where available.,Difficult airway assessment consensus; Difficult Airway Society awake intubation guidance; ANZCA PG07,A/B/F,1.0.4,"Domain validated 2026-09-26. Conversational history can identify prior airway difficulty and anatomical/pathology risk, but does not replace clinician physical airway examination.",https://pmc.ncbi.nlm.nih.gov/articles/PMC10432292/; https://pmc.ncbi.nlm.nih.gov/articles/PMC7078877/; https://www.anzca.edu.au/getcontentasset/d4eb4cab-69e6-4228-8568-bbc911c6c505/80feb437-d24d-46b8-a858-4a2a28b9b970/pg07-pre-anaesthesia-consultation-2024.pdf?download=1&language=en
AIR-013,"Airway, dental and anatomical history",Vulnerable/chipped teeth,Vulnerable/chipped teeth,M1,Airway instrumentation anticipated or dental vulnerability reported,"Do you have chipped, damaged or particularly vulnerable teeth?",Use plain-language synonyms and examples if the patient is unsure.,boolean,"Clarify timing, severity, current status, treatment and relevant records if positive.",Explicit patient denial or authoritative source documenting absence.,Record PATIENT_UNSURE/NOT_KNOWN; do not convert to negative. Seek corroborating source where clinically important.,None,Review as part of completed assessment.,None: do not infer a diagnosis or negative finding.,,Patient report; corroborate with EMR/previous anaesthetic/medication record where available.,Difficult airway assessment consensus; Difficult Airway Society awake intubation guidance; ANZCA PG07,A/B/F,1.0.4,"Domain validated 2026-09-26. Conversational history can identify prior airway difficulty and anatomical/pathology risk, but does not replace clinician physical airway examination.",https://pmc.ncbi.nlm.nih.gov/articles/PMC10432292/; https://pmc.ncbi.nlm.nih.gov/articles/PMC7078877/; https://www.anzca.edu.au/getcontentasset/d4eb4cab-69e6-4228-8568-bbc911c6c505/80feb437-d24d-46b8-a858-4a2a28b9b970/pg07-pre-anaesthesia-consultation-2024.pdf?download=1&language=en
AIR-014,"Airway, dental and anatomical history",Oral piercing,Oral piercing,M1,Airway instrumentation anticipated or dental vulnerability reported,Do you have a tongue or oral piercing?,Use plain-language synonyms and examples if the patient is unsure.,boolean,"Clarify timing, severity, current status, treatment and relevant records if positive.",Explicit patient denial or authoritative source documenting absence.,Record PATIENT_UNSURE/NOT_KNOWN; do not convert to negative. Seek corroborating source where clinically important.,None,Review as part of completed assessment.,None: do not infer a diagnosis or negative finding.,,Patient report; corroborate with EMR/previous anaesthetic/medication record where available.,Difficult airway assessment consensus; Difficult Airway Society awake intubation guidance; ANZCA PG07,A/B/F,1.0.4,"Domain validated 2026-09-26. Conversational history can identify prior airway difficulty and anatomical/pathology risk, but does not replace clinician physical airway examination.",https://pmc.ncbi.nlm.nih.gov/articles/PMC10432292/; https://pmc.ncbi.nlm.nih.gov/articles/PMC7078877/; https://www.anzca.edu.au/getcontentasset/d4eb4cab-69e6-4228-8568-bbc911c6c505/80feb437-d24d-46b8-a858-4a2a28b9b970/pg07-pre-anaesthesia-consultation-2024.pdf?download=1&language=en
MED-001,Medications and therapies,Any regular medication,Any regular medication,M0,All patients,Do you take any regular medicines?,Use plain-language synonyms and examples if the patient is unsure.,boolean,Build a Medication[] object for every reported medicine and reconcile against authoritative medication sources where available.,Explicit patient denial or authoritative source documenting absence.,Record PATIENT_UNSURE/NOT_KNOWN; do not convert to negative. Seek corroborating source where clinically important.,None,Review as part of completed assessment.,None: do not infer a diagnosis or negative finding.,Medication class flags; perioperative medication rules engine inputs,Patient report; corroborate with EMR/previous anaesthetic/medication record where available.,ANZCA PG07; NSW ACI Perioperative Toolkit; 2025 perioperative medication-error systematic review; current ANZCA GLP-1/GIP guidance,A/B/D,1.0.4,"Domain validated 2026-09-26. Medication reconciliation should capture prescription, OTC, herbal/complementary medicines and high-risk classes. Management/withholding rules are separate version-controlled knowledge.",https://www.anzca.edu.au/getcontentasset/d4eb4cab-69e6-4228-8568-bbc911c6c505/80feb437-d24d-46b8-a858-4a2a28b9b970/pg07-pre-anaesthesia-consultation-2024.pdf?download=1&language=en; https://aci.health.nsw.gov.au/projects/perioperative-toolkit/journey/pre-procedure-preparation/triage-pathways; https://pmc.ncbi.nlm.nih.gov/articles/PMC11731391/; https://www.anzca.edu.au/safety-and-advocacy/standards-of-practice/clinical-practice-recommendations-regarding-patients-taking-glp-1
MED-002,Medications and therapies,Medication name,Medication name,C1,For each Medication[] object,What is the name of the medicine?,Use plain-language synonyms and examples if the patient is unsure.,text,Normalise reported brand/generic name without overwriting the patient's wording; preserve source and confidence.,Not applicable; capture value or explicit unknown.,Record PATIENT_UNSURE/NOT_KNOWN; do not convert to negative. Seek corroborating source where clinically important.,None,"Required if positive, conflicting or clinically material.",None: do not infer a diagnosis or negative finding.,Medication class flags; perioperative medication rules engine inputs,Patient report; corroborate with EMR/previous anaesthetic/medication record where available.,ANZCA PG07; NSW ACI Perioperative Toolkit; 2025 perioperative medication-error systematic review; current ANZCA GLP-1/GIP guidance,A/B/D,1.0.4,"Domain validated 2026-09-26. Medication reconciliation should capture prescription, OTC, herbal/complementary medicines and high-risk classes. Management/withholding rules are separate version-controlled knowledge.",https://www.anzca.edu.au/getcontentasset/d4eb4cab-69e6-4228-8568-bbc911c6c505/80feb437-d24d-46b8-a858-4a2a28b9b970/pg07-pre-anaesthesia-consultation-2024.pdf?download=1&language=en; https://aci.health.nsw.gov.au/projects/perioperative-toolkit/journey/pre-procedure-preparation/triage-pathways; https://pmc.ncbi.nlm.nih.gov/articles/PMC11731391/; https://www.anzca.edu.au/safety-and-advocacy/standards-of-practice/clinical-practice-recommendations-regarding-patients-taking-glp-1
MED-003,Medications and therapies,Medication dose,Medication dose,C1,For each Medication[] object,What dose do you take?,Use plain-language synonyms and examples if the patient is unsure.,text,Clarify if incomplete or ambiguous.,Not applicable; capture value or explicit unknown.,Record PATIENT_UNSURE/NOT_KNOWN; do not convert to negative. Seek corroborating source where clinically important.,None,"Required if positive, conflicting or clinically material.",None: do not infer a diagnosis or negative finding.,Medication class flags; perioperative medication rules engine inputs,Patient report; corroborate with EMR/previous anaesthetic/medication record where available.,ANZCA PG07; NSW ACI Perioperative Toolkit; 2025 perioperative medication-error systematic review; current ANZCA GLP-1/GIP guidance,A/B/D,1.0.4,"Domain validated 2026-09-26. Medication reconciliation should capture prescription, OTC, herbal/complementary medicines and high-risk classes. Management/withholding rules are separate version-controlled knowledge.",https://www.anzca.edu.au/getcontentasset/d4eb4cab-69e6-4228-8568-bbc911c6c505/80feb437-d24d-46b8-a858-4a2a28b9b970/pg07-pre-anaesthesia-consultation-2024.pdf?download=1&language=en; https://aci.health.nsw.gov.au/projects/perioperative-toolkit/journey/pre-procedure-preparation/triage-pathways; https://pmc.ncbi.nlm.nih.gov/articles/PMC11731391/; https://www.anzca.edu.au/safety-and-advocacy/standards-of-practice/clinical-practice-recommendations-regarding-patients-taking-glp-1
MED-004,Medications and therapies,Medication route,Medication route,C1,For each Medication[] object,How do you take or use it?,Use plain-language synonyms and examples if the patient is unsure.,categorical,Clarify if incomplete or ambiguous.,Not applicable; capture value or explicit unknown.,Record PATIENT_UNSURE/NOT_KNOWN; do not convert to negative. Seek corroborating source where clinically important.,None,"Required if positive, conflicting or clinically material.",None: do not infer a diagnosis or negative finding.,Medication class flags; perioperative medication rules engine inputs,Patient report; corroborate with EMR/previous anaesthetic/medication record where available.,ANZCA PG07; NSW ACI Perioperative Toolkit; 2025 perioperative medication-error systematic review; current ANZCA GLP-1/GIP guidance,A/B/D,1.0.4,"Domain validated 2026-09-26. Medication reconciliation should capture prescription, OTC, herbal/complementary medicines and high-risk classes. Management/withholding rules are separate version-controlled knowledge.",https://www.anzca.edu.au/getcontentasset/d4eb4cab-69e6-4228-8568-bbc911c6c505/80feb437-d24d-46b8-a858-4a2a28b9b970/pg07-pre-anaesthesia-consultation-2024.pdf?download=1&language=en; https://aci.health.nsw.gov.au/projects/perioperative-toolkit/journey/pre-procedure-preparation/triage-pathways; https://pmc.ncbi.nlm.nih.gov/articles/PMC11731391/; https://www.anzca.edu.au/safety-and-advocacy/standards-of-practice/clinical-practice-recommendations-regarding-patients-taking-glp-1
MED-005,Medications and therapies,Medication frequency,Medication frequency,C1,For each Medication[] object,How often do you take it?,Use plain-language synonyms and examples if the patient is unsure.,text,Clarify if incomplete or ambiguous.,Not applicable; capture value or explicit unknown.,Record PATIENT_UNSURE/NOT_KNOWN; do not convert to negative. Seek corroborating source where clinically important.,None,"Required if positive, conflicting or clinically material.",None: do not infer a diagnosis or negative finding.,Medication class flags; perioperative medication rules engine inputs,Patient report; corroborate with EMR/previous anaesthetic/medication record where available.,ANZCA PG07; NSW ACI Perioperative Toolkit; 2025 perioperative medication-error systematic review; current ANZCA GLP-1/GIP guidance,A/B/D,1.0.4,"Domain validated 2026-09-26. Medication reconciliation should capture prescription, OTC, herbal/complementary medicines and high-risk classes. Management/withholding rules are separate version-controlled knowledge.",https://www.anzca.edu.au/getcontentasset/d4eb4cab-69e6-4228-8568-bbc911c6c505/80feb437-d24d-46b8-a858-4a2a28b9b970/pg07-pre-anaesthesia-consultation-2024.pdf?download=1&language=en; https://aci.health.nsw.gov.au/projects/perioperative-toolkit/journey/pre-procedure-preparation/triage-pathways; https://pmc.ncbi.nlm.nih.gov/articles/PMC11731391/; https://www.anzca.edu.au/safety-and-advocacy/standards-of-practice/clinical-practice-recommendations-regarding-patients-taking-glp-1
MED-006,Medications and therapies,Medication indication,Medication indication,C1,For each Medication[] object,What do you take it for?,Use plain-language synonyms and examples if the patient is unsure.,text,Clarify if incomplete or ambiguous.,Not applicable; capture value or explicit unknown.,Record PATIENT_UNSURE/NOT_KNOWN; do not convert to negative. Seek corroborating source where clinically important.,None,"Required if positive, conflicting or clinically material.",None: do not infer a diagnosis or negative finding.,Medication class flags; perioperative medication rules engine inputs,Patient report; corroborate with EMR/previous anaesthetic/medication record where available.,ANZCA PG07; NSW ACI Perioperative Toolkit; 2025 perioperative medication-error systematic review; current ANZCA GLP-1/GIP guidance,A/B/D,1.0.4,"Domain validated 2026-09-26. Medication reconciliation should capture prescription, OTC, herbal/complementary medicines and high-risk classes. Management/withholding rules are separate version-controlled knowledge.",https://www.anzca.edu.au/getcontentasset/d4eb4cab-69e6-4228-8568-bbc911c6c505/80feb437-d24d-46b8-a858-4a2a28b9b970/pg07-pre-anaesthesia-consultation-2024.pdf?download=1&language=en; https://aci.health.nsw.gov.au/projects/perioperative-toolkit/journey/pre-procedure-preparation/triage-pathways; https://pmc.ncbi.nlm.nih.gov/articles/PMC11731391/; https://www.anzca.edu.au/safety-and-advocacy/standards-of-practice/clinical-practice-recommendations-regarding-patients-taking-glp-1
MED-007,Medications and therapies,Medication last dose,Medication last dose,C3,High-risk/time-sensitive medicine or medication-specific perioperative rule requires last-dose information,When did you last take or use it?,Use plain-language synonyms and examples if the patient is unsure.,datetime,Clarify if incomplete or ambiguous.,Not applicable; capture value or explicit unknown.,Record PATIENT_UNSURE/NOT_KNOWN; do not convert to negative. Seek corroborating source where clinically important.,None,"Required if positive, conflicting or clinically material.",Derived calculation permitted only from explicit source values.,Medication class flags; perioperative medication rules engine inputs,Patient report; corroborate with EMR/previous anaesthetic/medication record where available.,ANZCA PG07; NSW ACI Perioperative Toolkit; 2025 perioperative medication-error systematic review; current ANZCA GLP-1/GIP guidance,A/B/D,1.0.4,"Domain validated 2026-09-26. Medication reconciliation should capture prescription, OTC, herbal/complementary medicines and high-risk classes. Management/withholding rules are separate version-controlled knowledge.",https://www.anzca.edu.au/getcontentasset/d4eb4cab-69e6-4228-8568-bbc911c6c505/80feb437-d24d-46b8-a858-4a2a28b9b970/pg07-pre-anaesthesia-consultation-2024.pdf?download=1&language=en; https://aci.health.nsw.gov.au/projects/perioperative-toolkit/journey/pre-procedure-preparation/triage-pathways; https://pmc.ncbi.nlm.nih.gov/articles/PMC11731391/; https://www.anzca.edu.au/safety-and-advocacy/standards-of-practice/clinical-practice-recommendations-regarding-patients-taking-glp-1
MED-008,Medications and therapies,Medication adherence,Medication adherence,C1,Medicine where adherence materially affects interpretation or patient reports variable use,Do you usually take it as prescribed?,Use plain-language synonyms and examples if the patient is unsure.,categorical,Clarify if incomplete or ambiguous.,Not applicable; capture value or explicit unknown.,Record PATIENT_UNSURE/NOT_KNOWN; do not convert to negative. Seek corroborating source where clinically important.,None,"Required if positive, conflicting or clinically material.",None: do not infer a diagnosis or negative finding.,Medication class flags; perioperative medication rules engine inputs,Patient report; corroborate with EMR/previous anaesthetic/medication record where available.,ANZCA PG07; NSW ACI Perioperative Toolkit; 2025 perioperative medication-error systematic review; current ANZCA GLP-1/GIP guidance,A/B/D,1.0.4,"Domain validated 2026-09-26. Medication reconciliation should capture prescription, OTC, herbal/complementary medicines and high-risk classes. Management/withholding rules are separate version-controlled knowledge.",https://www.anzca.edu.au/getcontentasset/d4eb4cab-69e6-4228-8568-bbc911c6c505/80feb437-d24d-46b8-a858-4a2a28b9b970/pg07-pre-anaesthesia-consultation-2024.pdf?download=1&language=en; https://aci.health.nsw.gov.au/projects/perioperative-toolkit/journey/pre-procedure-preparation/triage-pathways; https://pmc.ncbi.nlm.nih.gov/articles/PMC11731391/; https://www.anzca.edu.au/safety-and-advocacy/standards-of-practice/clinical-practice-recommendations-regarding-patients-taking-glp-1
MED-009,Medications and therapies,Recent medication change,Recent medication change,C1,"Recent health change, uncertain list or patient reports medication change",Has the dose or medicine changed recently?,Use plain-language synonyms and examples if the patient is unsure.,boolean,"Clarify timing, severity, current status, treatment and relevant records if positive.",Explicit patient denial or authoritative source documenting absence.,Record PATIENT_UNSURE/NOT_KNOWN; do not convert to negative. Seek corroborating source where clinically important.,None,"Required if positive, conflicting or clinically material.",None: do not infer a diagnosis or negative finding.,Medication class flags; perioperative medication rules engine inputs,Patient report; corroborate with EMR/previous anaesthetic/medication record where available.,ANZCA PG07; NSW ACI Perioperative Toolkit; 2025 perioperative medication-error systematic review; current ANZCA GLP-1/GIP guidance,A/B/D,1.0.4,"Domain validated 2026-09-26. Medication reconciliation should capture prescription, OTC, herbal/complementary medicines and high-risk classes. Management/withholding rules are separate version-controlled knowledge.",https://www.anzca.edu.au/getcontentasset/d4eb4cab-69e6-4228-8568-bbc911c6c505/80feb437-d24d-46b8-a858-4a2a28b9b970/pg07-pre-anaesthesia-consultation-2024.pdf?download=1&language=en; https://aci.health.nsw.gov.au/projects/perioperative-toolkit/journey/pre-procedure-preparation/triage-pathways; https://pmc.ncbi.nlm.nih.gov/articles/PMC11731391/; https://www.anzca.edu.au/safety-and-advocacy/standards-of-practice/clinical-practice-recommendations-regarding-patients-taking-glp-1
MED-010,Medications and therapies,Insulin specifically,Insulin specifically,M0,All patients if not already resolved by reconciled medication list; do not re-ask if authoritative/current list plus patient confirmation resolves it,Do you use any insulin?,Use plain-language synonyms and examples if the patient is unsure.,boolean,"Clarify timing, severity, current status, treatment and relevant records if positive.",Explicit patient denial or authoritative source documenting absence.,Record PATIENT_UNSURE/NOT_KNOWN; do not convert to negative. Seek corroborating source where clinically important.,None,Review as part of completed assessment.,None: do not infer a diagnosis or negative finding.,Medication class flags; perioperative medication rules engine inputs,Patient report; corroborate with EMR/previous anaesthetic/medication record where available.,ANZCA PG07; NSW ACI Perioperative Toolkit; 2025 perioperative medication-error systematic review; current ANZCA GLP-1/GIP guidance,A/B/D,1.0.4,"Domain validated 2026-09-26. Medication reconciliation should capture prescription, OTC, herbal/complementary medicines and high-risk classes. Management/withholding rules are separate version-controlled knowledge.",https://www.anzca.edu.au/getcontentasset/d4eb4cab-69e6-4228-8568-bbc911c6c505/80feb437-d24d-46b8-a858-4a2a28b9b970/pg07-pre-anaesthesia-consultation-2024.pdf?download=1&language=en; https://aci.health.nsw.gov.au/projects/perioperative-toolkit/journey/pre-procedure-preparation/triage-pathways; https://pmc.ncbi.nlm.nih.gov/articles/PMC11731391/; https://www.anzca.edu.au/safety-and-advocacy/standards-of-practice/clinical-practice-recommendations-regarding-patients-taking-glp-1
MED-011,Medications and therapies,Diabetes injections,Diabetes injections,C1,Relevant condition/history or incomplete medication reconciliation; may be resolved from Medication[] without separate question,Do you use any non-insulin diabetes injections?,Use plain-language synonyms and examples if the patient is unsure.,boolean,"Clarify timing, severity, current status, treatment and relevant records if positive.",Explicit patient denial or authoritative source documenting absence.,Record PATIENT_UNSURE/NOT_KNOWN; do not convert to negative. Seek corroborating source where clinically important.,AMBER: clinician review/optimisation if positive or unresolved.,"Required if positive, conflicting or clinically material.",None: do not infer a diagnosis or negative finding.,Medication class flags; perioperative medication rules engine inputs,Patient report; corroborate with EMR/previous anaesthetic/medication record where available.,ANZCA PG07; NSW ACI Perioperative Toolkit; 2025 perioperative medication-error systematic review; current ANZCA GLP-1/GIP guidance,A/B/D,1.0.4,"Domain validated 2026-09-26. Medication reconciliation should capture prescription, OTC, herbal/complementary medicines and high-risk classes. Management/withholding rules are separate version-controlled knowledge.",https://www.anzca.edu.au/getcontentasset/d4eb4cab-69e6-4228-8568-bbc911c6c505/80feb437-d24d-46b8-a858-4a2a28b9b970/pg07-pre-anaesthesia-consultation-2024.pdf?download=1&language=en; https://aci.health.nsw.gov.au/projects/perioperative-toolkit/journey/pre-procedure-preparation/triage-pathways; https://pmc.ncbi.nlm.nih.gov/articles/PMC11731391/; https://www.anzca.edu.au/safety-and-advocacy/standards-of-practice/clinical-practice-recommendations-regarding-patients-taking-glp-1
MED-012,Medications and therapies,GLP-1/GIP therapy,GLP-1/GIP therapy,M0,All patients if not already resolved by reconciled medication list; do not re-ask if authoritative/current list plus patient confirmation resolves it,"Do you use injections or tablets such as Ozempic, Wegovy, Mounjaro, Trulicity or similar medicines for diabetes or weight loss?",Use plain-language synonyms and examples if the patient is unsure.,boolean,"Identify exact agent, indication, formulation, dosing interval and last dose. Apply current Australian peri-procedural GLP-1/GIP rules from versioned knowledge base, not LLM memory.",Explicit patient denial or authoritative source documenting absence.,Record PATIENT_UNSURE/NOT_KNOWN; do not convert to negative. Seek corroborating source where clinically important.,AMBER: clinician review/optimisation if positive or unresolved.,"Required if positive, conflicting or clinically material.",None: do not infer a diagnosis or negative finding.,Medication class flags; perioperative medication rules engine inputs,Patient report; corroborate with EMR/previous anaesthetic/medication record where available.,ANZCA PG07; NSW ACI Perioperative Toolkit; 2025 perioperative medication-error systematic review; current ANZCA GLP-1/GIP guidance,A/B/D,1.0.4,"Domain validated 2026-09-26. Medication reconciliation should capture prescription, OTC, herbal/complementary medicines and high-risk classes. Management/withholding rules are separate version-controlled knowledge.",https://www.anzca.edu.au/getcontentasset/d4eb4cab-69e6-4228-8568-bbc911c6c505/80feb437-d24d-46b8-a858-4a2a28b9b970/pg07-pre-anaesthesia-consultation-2024.pdf?download=1&language=en; https://aci.health.nsw.gov.au/projects/perioperative-toolkit/journey/pre-procedure-preparation/triage-pathways; https://pmc.ncbi.nlm.nih.gov/articles/PMC11731391/; https://www.anzca.edu.au/safety-and-advocacy/standards-of-practice/clinical-practice-recommendations-regarding-patients-taking-glp-1
MED-013,Medications and therapies,SGLT2 inhibitor,SGLT2 inhibitor,M0,All patients if not already resolved by reconciled medication list; do not re-ask if authoritative/current list plus patient confirmation resolves it,"Do you take a medicine such as Jardiance, Forxiga, Invokana or Steglatro?",Use plain-language synonyms and examples if the patient is unsure.,boolean,"Identify exact SGLT2 agent, indication and last dose. Perioperative withholding/ketone rules belong in versioned protocol.",Explicit patient denial or authoritative source documenting absence.,Record PATIENT_UNSURE/NOT_KNOWN; do not convert to negative. Seek corroborating source where clinically important.,AMBER: clinician review/optimisation if positive or unresolved.,"Required if positive, conflicting or clinically material.",None: do not infer a diagnosis or negative finding.,Medication class flags; perioperative medication rules engine inputs,Patient report; corroborate with EMR/previous anaesthetic/medication record where available.,ANZCA PG07; NSW ACI Perioperative Toolkit; 2025 perioperative medication-error systematic review; current ANZCA GLP-1/GIP guidance,A/B/D,1.0.4,"Domain validated 2026-09-26. Medication reconciliation should capture prescription, OTC, herbal/complementary medicines and high-risk classes. Management/withholding rules are separate version-controlled knowledge.",https://www.anzca.edu.au/getcontentasset/d4eb4cab-69e6-4228-8568-bbc911c6c505/80feb437-d24d-46b8-a858-4a2a28b9b970/pg07-pre-anaesthesia-consultation-2024.pdf?download=1&language=en; https://aci.health.nsw.gov.au/projects/perioperative-toolkit/journey/pre-procedure-preparation/triage-pathways; https://pmc.ncbi.nlm.nih.gov/articles/PMC11731391/; https://www.anzca.edu.au/safety-and-advocacy/standards-of-practice/clinical-practice-recommendations-regarding-patients-taking-glp-1
MED-014,Medications and therapies,Anticoagulant specifically,Anticoagulant specifically,M0,All patients if not already resolved by reconciled medication list; do not re-ask if authoritative/current list plus patient confirmation resolves it,Do you take a blood thinner?,Use plain-language synonyms and examples if the patient is unsure.,boolean,"Identify exact anticoagulant, dose, indication, renal function where relevant and last dose; antithrombotic management belongs in rules engine.",Explicit patient denial or authoritative source documenting absence.,Record PATIENT_UNSURE/NOT_KNOWN; do not convert to negative. Seek corroborating source where clinically important.,AMBER: clinician review/optimisation if positive or unresolved.,"Required if positive, conflicting or clinically material.",None: do not infer a diagnosis or negative finding.,Medication class flags; perioperative medication rules engine inputs,Patient report; corroborate with EMR/previous anaesthetic/medication record where available.,ANZCA PG07; NSW ACI Perioperative Toolkit; 2025 perioperative medication-error systematic review; current ANZCA GLP-1/GIP guidance,A/B/D,1.0.4,"Domain validated 2026-09-26. Medication reconciliation should capture prescription, OTC, herbal/complementary medicines and high-risk classes. Management/withholding rules are separate version-controlled knowledge.",https://www.anzca.edu.au/getcontentasset/d4eb4cab-69e6-4228-8568-bbc911c6c505/80feb437-d24d-46b8-a858-4a2a28b9b970/pg07-pre-anaesthesia-consultation-2024.pdf?download=1&language=en; https://aci.health.nsw.gov.au/projects/perioperative-toolkit/journey/pre-procedure-preparation/triage-pathways; https://pmc.ncbi.nlm.nih.gov/articles/PMC11731391/; https://www.anzca.edu.au/safety-and-advocacy/standards-of-practice/clinical-practice-recommendations-regarding-patients-taking-glp-1
MED-015,Medications and therapies,Antiplatelet specifically,Antiplatelet specifically,M0,All patients if not already resolved by reconciled medication list; do not re-ask if authoritative/current list plus patient confirmation resolves it,"Do you take aspirin, clopidogrel, ticagrelor or prasugrel?",Use plain-language synonyms and examples if the patient is unsure.,boolean,"Identify exact antiplatelet, dose, indication, coronary/cerebrovascular stent history where relevant and last dose.",Explicit patient denial or authoritative source documenting absence.,Record PATIENT_UNSURE/NOT_KNOWN; do not convert to negative. Seek corroborating source where clinically important.,AMBER: clinician review/optimisation if positive or unresolved.,"Required if positive, conflicting or clinically material.",None: do not infer a diagnosis or negative finding.,Medication class flags; perioperative medication rules engine inputs,Patient report; corroborate with EMR/previous anaesthetic/medication record where available.,ANZCA PG07; NSW ACI Perioperative Toolkit; 2025 perioperative medication-error systematic review; current ANZCA GLP-1/GIP guidance,A/B/D,1.0.4,"Domain validated 2026-09-26. Medication reconciliation should capture prescription, OTC, herbal/complementary medicines and high-risk classes. Management/withholding rules are separate version-controlled knowledge.",https://www.anzca.edu.au/getcontentasset/d4eb4cab-69e6-4228-8568-bbc911c6c505/80feb437-d24d-46b8-a858-4a2a28b9b970/pg07-pre-anaesthesia-consultation-2024.pdf?download=1&language=en; https://aci.health.nsw.gov.au/projects/perioperative-toolkit/journey/pre-procedure-preparation/triage-pathways; https://pmc.ncbi.nlm.nih.gov/articles/PMC11731391/; https://www.anzca.edu.au/safety-and-advocacy/standards-of-practice/clinical-practice-recommendations-regarding-patients-taking-glp-1
MED-016,Medications and therapies,Steroid specifically,Steroid specifically,M0,All patients if not already resolved by reconciled medication list; do not re-ask if authoritative/current list plus patient confirmation resolves it,"Do you take steroid tablets, injections or replacement steroids?",Use plain-language synonyms and examples if the patient is unsure.,boolean,"Capture systemic steroid drug, dose, route, duration and recency; feed adrenal-suppression rules.",Explicit patient denial or authoritative source documenting absence.,Record PATIENT_UNSURE/NOT_KNOWN; do not convert to negative. Seek corroborating source where clinically important.,None,Review as part of completed assessment.,None: do not infer a diagnosis or negative finding.,Medication class flags; perioperative medication rules engine inputs,Patient report; corroborate with EMR/previous anaesthetic/medication record where available.,ANZCA PG07; NSW ACI Perioperative Toolkit; 2025 perioperative medication-error systematic review; current ANZCA GLP-1/GIP guidance,A/B/D,1.0.4,"Domain validated 2026-09-26. Medication reconciliation should capture prescription, OTC, herbal/complementary medicines and high-risk classes. Management/withholding rules are separate version-controlled knowledge.",https://www.anzca.edu.au/getcontentasset/d4eb4cab-69e6-4228-8568-bbc911c6c505/80feb437-d24d-46b8-a858-4a2a28b9b970/pg07-pre-anaesthesia-consultation-2024.pdf?download=1&language=en; https://aci.health.nsw.gov.au/projects/perioperative-toolkit/journey/pre-procedure-preparation/triage-pathways; https://pmc.ncbi.nlm.nih.gov/articles/PMC11731391/; https://www.anzca.edu.au/safety-and-advocacy/standards-of-practice/clinical-practice-recommendations-regarding-patients-taking-glp-1
MED-017,Medications and therapies,Opioid specifically,Opioid specifically,M0,All patients if not already resolved by reconciled medication list; do not re-ask if authoritative/current list plus patient confirmation resolves it,Do you take opioid pain medicines regularly?,Use plain-language synonyms and examples if the patient is unsure.,boolean,Capture opioid drug/dose/frequency and calculate OME deterministically; cross-link chronic pain domain.,Explicit patient denial or authoritative source documenting absence.,Record PATIENT_UNSURE/NOT_KNOWN; do not convert to negative. Seek corroborating source where clinically important.,None,Review as part of completed assessment.,None: do not infer a diagnosis or negative finding.,Medication class flags; perioperative medication rules engine inputs,Patient report; corroborate with EMR/previous anaesthetic/medication record where available.,ANZCA PG07; NSW ACI Perioperative Toolkit; 2025 perioperative medication-error systematic review; current ANZCA GLP-1/GIP guidance,A/B/D,1.0.4,"Domain validated 2026-09-26. Medication reconciliation should capture prescription, OTC, herbal/complementary medicines and high-risk classes. Management/withholding rules are separate version-controlled knowledge.",https://www.anzca.edu.au/getcontentasset/d4eb4cab-69e6-4228-8568-bbc911c6c505/80feb437-d24d-46b8-a858-4a2a28b9b970/pg07-pre-anaesthesia-consultation-2024.pdf?download=1&language=en; https://aci.health.nsw.gov.au/projects/perioperative-toolkit/journey/pre-procedure-preparation/triage-pathways; https://pmc.ncbi.nlm.nih.gov/articles/PMC11731391/; https://www.anzca.edu.au/safety-and-advocacy/standards-of-practice/clinical-practice-recommendations-regarding-patients-taking-glp-1
MED-018,Medications and therapies,Benzodiazepine/sedative,Benzodiazepine/sedative,M0,All patients if not already resolved by reconciled medication list; do not re-ask if authoritative/current list plus patient confirmation resolves it,"Do you regularly take sleeping tablets, benzodiazepines or other sedatives?",Use plain-language synonyms and examples if the patient is unsure.,boolean,"Clarify timing, severity, current status, treatment and relevant records if positive.",Explicit patient denial or authoritative source documenting absence.,Record PATIENT_UNSURE/NOT_KNOWN; do not convert to negative. Seek corroborating source where clinically important.,None,Review as part of completed assessment.,None: do not infer a diagnosis or negative finding.,Medication class flags; perioperative medication rules engine inputs,Patient report; corroborate with EMR/previous anaesthetic/medication record where available.,ANZCA PG07; NSW ACI Perioperative Toolkit; 2025 perioperative medication-error systematic review; current ANZCA GLP-1/GIP guidance,A/B/D,1.0.4,"Domain validated 2026-09-26. Medication reconciliation should capture prescription, OTC, herbal/complementary medicines and high-risk classes. Management/withholding rules are separate version-controlled knowledge.",https://www.anzca.edu.au/getcontentasset/d4eb4cab-69e6-4228-8568-bbc911c6c505/80feb437-d24d-46b8-a858-4a2a28b9b970/pg07-pre-anaesthesia-consultation-2024.pdf?download=1&language=en; https://aci.health.nsw.gov.au/projects/perioperative-toolkit/journey/pre-procedure-preparation/triage-pathways; https://pmc.ncbi.nlm.nih.gov/articles/PMC11731391/; https://www.anzca.edu.au/safety-and-advocacy/standards-of-practice/clinical-practice-recommendations-regarding-patients-taking-glp-1
MED-019,Medications and therapies,Anticonvulsant,Anticonvulsant,C1,Relevant condition/history or incomplete medication reconciliation; may be resolved from Medication[] without separate question,Do you take medicine for seizures or epilepsy?,Use plain-language synonyms and examples if the patient is unsure.,boolean,"Clarify timing, severity, current status, treatment and relevant records if positive.",Explicit patient denial or authoritative source documenting absence.,Record PATIENT_UNSURE/NOT_KNOWN; do not convert to negative. Seek corroborating source where clinically important.,None,Review as part of completed assessment.,None: do not infer a diagnosis or negative finding.,Medication class flags; perioperative medication rules engine inputs,Patient report; corroborate with EMR/previous anaesthetic/medication record where available.,ANZCA PG07; NSW ACI Perioperative Toolkit; 2025 perioperative medication-error systematic review; current ANZCA GLP-1/GIP guidance,A/B/D,1.0.4,"Domain validated 2026-09-26. Medication reconciliation should capture prescription, OTC, herbal/complementary medicines and high-risk classes. Management/withholding rules are separate version-controlled knowledge.",https://www.anzca.edu.au/getcontentasset/d4eb4cab-69e6-4228-8568-bbc911c6c505/80feb437-d24d-46b8-a858-4a2a28b9b970/pg07-pre-anaesthesia-consultation-2024.pdf?download=1&language=en; https://aci.health.nsw.gov.au/projects/perioperative-toolkit/journey/pre-procedure-preparation/triage-pathways; https://pmc.ncbi.nlm.nih.gov/articles/PMC11731391/; https://www.anzca.edu.au/safety-and-advocacy/standards-of-practice/clinical-practice-recommendations-regarding-patients-taking-glp-1
MED-020,Medications and therapies,Inhaler/nebuliser,Inhaler/nebuliser,C1,Relevant condition/history or incomplete medication reconciliation; may be resolved from Medication[] without separate question,Do you use inhalers or nebulisers?,Use plain-language synonyms and examples if the patient is unsure.,boolean,"Clarify timing, severity, current status, treatment and relevant records if positive.",Explicit patient denial or authoritative source documenting absence.,Record PATIENT_UNSURE/NOT_KNOWN; do not convert to negative. Seek corroborating source where clinically important.,None,Review as part of completed assessment.,None: do not infer a diagnosis or negative finding.,Medication class flags; perioperative medication rules engine inputs,Patient report; corroborate with EMR/previous anaesthetic/medication record where available.,ANZCA PG07; NSW ACI Perioperative Toolkit; 2025 perioperative medication-error systematic review; current ANZCA GLP-1/GIP guidance,A/B/D,1.0.4,"Domain validated 2026-09-26. Medication reconciliation should capture prescription, OTC, herbal/complementary medicines and high-risk classes. Management/withholding rules are separate version-controlled knowledge.",https://www.anzca.edu.au/getcontentasset/d4eb4cab-69e6-4228-8568-bbc911c6c505/80feb437-d24d-46b8-a858-4a2a28b9b970/pg07-pre-anaesthesia-consultation-2024.pdf?download=1&language=en; https://aci.health.nsw.gov.au/projects/perioperative-toolkit/journey/pre-procedure-preparation/triage-pathways; https://pmc.ncbi.nlm.nih.gov/articles/PMC11731391/; https://www.anzca.edu.au/safety-and-advocacy/standards-of-practice/clinical-practice-recommendations-regarding-patients-taking-glp-1
MED-021,Medications and therapies,Patch medication,Patch medication,M0,All patients if not already resolved by reconciled medication list; do not re-ask if authoritative/current list plus patient confirmation resolves it,Do you use any medication patches?,Use plain-language synonyms and examples if the patient is unsure.,boolean,"Identify patch drug, strength, location and change interval; patches are easily omitted during conventional medication histories.",Explicit patient denial or authoritative source documenting absence.,Record PATIENT_UNSURE/NOT_KNOWN; do not convert to negative. Seek corroborating source where clinically important.,None,Review as part of completed assessment.,None: do not infer a diagnosis or negative finding.,Medication class flags; perioperative medication rules engine inputs,Patient report; corroborate with EMR/previous anaesthetic/medication record where available.,ANZCA PG07; NSW ACI Perioperative Toolkit; 2025 perioperative medication-error systematic review; current ANZCA GLP-1/GIP guidance,A/B/D,1.0.4,"Domain validated 2026-09-26. Medication reconciliation should capture prescription, OTC, herbal/complementary medicines and high-risk classes. Management/withholding rules are separate version-controlled knowledge.",https://www.anzca.edu.au/getcontentasset/d4eb4cab-69e6-4228-8568-bbc911c6c505/80feb437-d24d-46b8-a858-4a2a28b9b970/pg07-pre-anaesthesia-consultation-2024.pdf?download=1&language=en; https://aci.health.nsw.gov.au/projects/perioperative-toolkit/journey/pre-procedure-preparation/triage-pathways; https://pmc.ncbi.nlm.nih.gov/articles/PMC11731391/; https://www.anzca.edu.au/safety-and-advocacy/standards-of-practice/clinical-practice-recommendations-regarding-patients-taking-glp-1
MED-022,Medications and therapies,Biologic/immunosuppressant,Biologic/immunosuppressant,M0,All patients if not already resolved by reconciled medication list; do not re-ask if authoritative/current list plus patient confirmation resolves it,Do you take biologic medicines or medicines that suppress your immune system?,Use plain-language synonyms and examples if the patient is unsure.,boolean,"Clarify timing, severity, current status, treatment and relevant records if positive.",Explicit patient denial or authoritative source documenting absence.,Record PATIENT_UNSURE/NOT_KNOWN; do not convert to negative. Seek corroborating source where clinically important.,None,Review as part of completed assessment.,None: do not infer a diagnosis or negative finding.,Medication class flags; perioperative medication rules engine inputs,Patient report; corroborate with EMR/previous anaesthetic/medication record where available.,ANZCA PG07; NSW ACI Perioperative Toolkit; 2025 perioperative medication-error systematic review; current ANZCA GLP-1/GIP guidance,A/B/D,1.0.4,"Domain validated 2026-09-26. Medication reconciliation should capture prescription, OTC, herbal/complementary medicines and high-risk classes. Management/withholding rules are separate version-controlled knowledge.",https://www.anzca.edu.au/getcontentasset/d4eb4cab-69e6-4228-8568-bbc911c6c505/80feb437-d24d-46b8-a858-4a2a28b9b970/pg07-pre-anaesthesia-consultation-2024.pdf?download=1&language=en; https://aci.health.nsw.gov.au/projects/perioperative-toolkit/journey/pre-procedure-preparation/triage-pathways; https://pmc.ncbi.nlm.nih.gov/articles/PMC11731391/; https://www.anzca.edu.au/safety-and-advocacy/standards-of-practice/clinical-practice-recommendations-regarding-patients-taking-glp-1
MED-023,Medications and therapies,Chemotherapy/anticancer therapy,Chemotherapy/anticancer therapy,M0,All patients if not already resolved by reconciled medication list; do not re-ask if authoritative/current list plus patient confirmation resolves it,"Are you receiving chemotherapy, immunotherapy, hormonal cancer therapy or other anticancer treatment?",Use plain-language synonyms and examples if the patient is unsure.,boolean,"Clarify timing, severity, current status, treatment and relevant records if positive.",Explicit patient denial or authoritative source documenting absence.,Record PATIENT_UNSURE/NOT_KNOWN; do not convert to negative. Seek corroborating source where clinically important.,None,Review as part of completed assessment.,None: do not infer a diagnosis or negative finding.,Medication class flags; perioperative medication rules engine inputs,Patient report; corroborate with EMR/previous anaesthetic/medication record where available.,ANZCA PG07; NSW ACI Perioperative Toolkit; 2025 perioperative medication-error systematic review; current ANZCA GLP-1/GIP guidance,A/B/D,1.0.4,"Domain validated 2026-09-26. Medication reconciliation should capture prescription, OTC, herbal/complementary medicines and high-risk classes. Management/withholding rules are separate version-controlled knowledge.",https://www.anzca.edu.au/getcontentasset/d4eb4cab-69e6-4228-8568-bbc911c6c505/80feb437-d24d-46b8-a858-4a2a28b9b970/pg07-pre-anaesthesia-consultation-2024.pdf?download=1&language=en; https://aci.health.nsw.gov.au/projects/perioperative-toolkit/journey/pre-procedure-preparation/triage-pathways; https://pmc.ncbi.nlm.nih.gov/articles/PMC11731391/; https://www.anzca.edu.au/safety-and-advocacy/standards-of-practice/clinical-practice-recommendations-regarding-patients-taking-glp-1
MED-024,Medications and therapies,HRT/contraception,HRT/contraception,C1,Relevant condition/history or incomplete medication reconciliation; may be resolved from Medication[] without separate question,Do you take hormone replacement therapy or hormonal contraception?,Use plain-language synonyms and examples if the patient is unsure.,boolean,"Clarify timing, severity, current status, treatment and relevant records if positive.",Explicit patient denial or authoritative source documenting absence.,Record PATIENT_UNSURE/NOT_KNOWN; do not convert to negative. Seek corroborating source where clinically important.,None,Review as part of completed assessment.,None: do not infer a diagnosis or negative finding.,Medication class flags; perioperative medication rules engine inputs,Patient report; corroborate with EMR/previous anaesthetic/medication record where available.,ANZCA PG07; NSW ACI Perioperative Toolkit; 2025 perioperative medication-error systematic review; current ANZCA GLP-1/GIP guidance,A/B/D,1.0.4,"Domain validated 2026-09-26. Medication reconciliation should capture prescription, OTC, herbal/complementary medicines and high-risk classes. Management/withholding rules are separate version-controlled knowledge.",https://www.anzca.edu.au/getcontentasset/d4eb4cab-69e6-4228-8568-bbc911c6c505/80feb437-d24d-46b8-a858-4a2a28b9b970/pg07-pre-anaesthesia-consultation-2024.pdf?download=1&language=en; https://aci.health.nsw.gov.au/projects/perioperative-toolkit/journey/pre-procedure-preparation/triage-pathways; https://pmc.ncbi.nlm.nih.gov/articles/PMC11731391/; https://www.anzca.edu.au/safety-and-advocacy/standards-of-practice/clinical-practice-recommendations-regarding-patients-taking-glp-1
MED-025,Medications and therapies,Herbal/supplements,Herbal/supplements,M0,All patients if not already resolved by reconciled medication list; do not re-ask if authoritative/current list plus patient confirmation resolves it,"Do you take vitamins, herbal remedies or supplements?",Use plain-language synonyms and examples if the patient is unsure.,boolean,"Record product/ingredients, dose and frequency where known; do not assume 'natural' products are clinically irrelevant.",Explicit patient denial or authoritative source documenting absence.,Record PATIENT_UNSURE/NOT_KNOWN; do not convert to negative. Seek corroborating source where clinically important.,None,Review as part of completed assessment.,None: do not infer a diagnosis or negative finding.,Medication class flags; perioperative medication rules engine inputs,Patient report; corroborate with EMR/previous anaesthetic/medication record where available.,ANZCA PG07; NSW ACI Perioperative Toolkit; 2025 perioperative medication-error systematic review; current ANZCA GLP-1/GIP guidance,A/B/D,1.0.4,"Domain validated 2026-09-26. Medication reconciliation should capture prescription, OTC, herbal/complementary medicines and high-risk classes. Management/withholding rules are separate version-controlled knowledge.",https://www.anzca.edu.au/getcontentasset/d4eb4cab-69e6-4228-8568-bbc911c6c505/80feb437-d24d-46b8-a858-4a2a28b9b970/pg07-pre-anaesthesia-consultation-2024.pdf?download=1&language=en; https://aci.health.nsw.gov.au/projects/perioperative-toolkit/journey/pre-procedure-preparation/triage-pathways; https://pmc.ncbi.nlm.nih.gov/articles/PMC11731391/; https://www.anzca.edu.au/safety-and-advocacy/standards-of-practice/clinical-practice-recommendations-regarding-patients-taking-glp-1
MED-026,Medications and therapies,OTC medicines,OTC medicines,M0,All patients if not already resolved by reconciled medication list; do not re-ask if authoritative/current list plus patient confirmation resolves it,"Do you take medicines bought without a prescription, including anti-inflammatory or cold medicines?",Use plain-language synonyms and examples if the patient is unsure.,boolean,Specifically resolve NSAIDs/aspirin-containing products and other relevant OTC agents.,Explicit patient denial or authoritative source documenting absence.,Record PATIENT_UNSURE/NOT_KNOWN; do not convert to negative. Seek corroborating source where clinically important.,None,Review as part of completed assessment.,None: do not infer a diagnosis or negative finding.,Medication class flags; perioperative medication rules engine inputs,Patient report; corroborate with EMR/previous anaesthetic/medication record where available.,ANZCA PG07; NSW ACI Perioperative Toolkit; 2025 perioperative medication-error systematic review; current ANZCA GLP-1/GIP guidance,A/B/D,1.0.4,"Domain validated 2026-09-26. Medication reconciliation should capture prescription, OTC, herbal/complementary medicines and high-risk classes. Management/withholding rules are separate version-controlled knowledge.",https://www.anzca.edu.au/getcontentasset/d4eb4cab-69e6-4228-8568-bbc911c6c505/80feb437-d24d-46b8-a858-4a2a28b9b970/pg07-pre-anaesthesia-consultation-2024.pdf?download=1&language=en; https://aci.health.nsw.gov.au/projects/perioperative-toolkit/journey/pre-procedure-preparation/triage-pathways; https://pmc.ncbi.nlm.nih.gov/articles/PMC11731391/; https://www.anzca.edu.au/safety-and-advocacy/standards-of-practice/clinical-practice-recommendations-regarding-patients-taking-glp-1
ALL-001,Allergy and perioperative hypersensitivity,Any known allergy,Any known allergy,M0,All patients,"Do you have any allergies to medicines, latex, antiseptics, dressings or anything used in healthcare?",Use plain-language synonyms and examples if the patient is unsure.,boolean,"Clarify timing, severity, current status, treatment and relevant records if positive.",Explicit patient denial or authoritative source documenting absence.,Record PATIENT_UNSURE/NOT_KNOWN; do not convert to negative. Seek corroborating source where clinically important.,AMBER: clinician review/optimisation if positive or unresolved.,"Required if positive, conflicting or clinically material.",None: do not infer a diagnosis or negative finding.,Perioperative hypersensitivity risk flag,Patient report; corroborate with EMR/previous anaesthetic/medication record where available.,ANZCA PG69 Perioperative hypersensitivity reactions 2025,A,1.0.4,"Domain validated 2026-09-26. Allergy must be modelled as repeatable Allergy[] objects with agent, phenotype, timing, severity, treatment, re-exposure and testing. Previous perioperative anaphylaxis is the strongest predictor of future perioperative anaphylaxis.",https://www.anzca.edu.au/getContentAsset/0f526e72-c35f-46d7-a816-746e63f92079/80feb437-d24d-46b8-a858-4a2a28b9b970/PG69-Perioperative-hypersensitivity-reactions-2025.pdf?language=en
ALL-002,Allergy and perioperative hypersensitivity,Allergen/agent,Allergen/agent,C1,For each reported or record-listed Allergy[]/adverse reaction,What are you allergic or sensitive to?,Use plain-language synonyms and examples if the patient is unsure.,text,Clarify if incomplete or ambiguous.,Not applicable; capture value or explicit unknown.,Record PATIENT_UNSURE/NOT_KNOWN; do not convert to negative. Seek corroborating source where clinically important.,None,"Required if positive, conflicting or clinically material.",None: do not infer a diagnosis or negative finding.,Perioperative hypersensitivity risk flag,Patient report; corroborate with EMR/previous anaesthetic/medication record where available.,ANZCA PG69 Perioperative hypersensitivity reactions 2025,A,1.0.4,"Domain validated 2026-09-26. Allergy must be modelled as repeatable Allergy[] objects with agent, phenotype, timing, severity, treatment, re-exposure and testing. Previous perioperative anaphylaxis is the strongest predictor of future perioperative anaphylaxis.",https://www.anzca.edu.au/getContentAsset/0f526e72-c35f-46d7-a816-746e63f92079/80feb437-d24d-46b8-a858-4a2a28b9b970/PG69-Perioperative-hypersensitivity-reactions-2025.pdf?language=en
ALL-003,Allergy and perioperative hypersensitivity,Reaction phenotype,Reaction phenotype,C1,For each reported or record-listed Allergy[]/adverse reaction,What happened when you were exposed to it?,Use plain-language synonyms and examples if the patient is unsure.,text,"Capture phenotype rather than accepting 'allergy' alone: skin/mucosal, respiratory, cardiovascular, gastrointestinal or other features; distinguish predictable side effect/intolerance where possible without deleting the label.",Not applicable; capture value or explicit unknown.,Record PATIENT_UNSURE/NOT_KNOWN; do not convert to negative. Seek corroborating source where clinically important.,None,"Required if positive, conflicting or clinically material.",None: do not infer a diagnosis or negative finding.,Perioperative hypersensitivity risk flag,Patient report; corroborate with EMR/previous anaesthetic/medication record where available.,ANZCA PG69 Perioperative hypersensitivity reactions 2025,A,1.0.4,"Domain validated 2026-09-26. Allergy must be modelled as repeatable Allergy[] objects with agent, phenotype, timing, severity, treatment, re-exposure and testing. Previous perioperative anaphylaxis is the strongest predictor of future perioperative anaphylaxis.",https://www.anzca.edu.au/getContentAsset/0f526e72-c35f-46d7-a816-746e63f92079/80feb437-d24d-46b8-a858-4a2a28b9b970/PG69-Perioperative-hypersensitivity-reactions-2025.pdf?language=en
ALL-004,Allergy and perioperative hypersensitivity,Reaction timing,Reaction timing,C1,Reaction history where timing is known/relevant,How soon after exposure did the reaction start?,Use plain-language synonyms and examples if the patient is unsure.,text,Clarify if incomplete or ambiguous.,Not applicable; capture value or explicit unknown.,Record PATIENT_UNSURE/NOT_KNOWN; do not convert to negative. Seek corroborating source where clinically important.,None,"Required if positive, conflicting or clinically material.",None: do not infer a diagnosis or negative finding.,Perioperative hypersensitivity risk flag,Patient report; corroborate with EMR/previous anaesthetic/medication record where available.,ANZCA PG69 Perioperative hypersensitivity reactions 2025,A,1.0.4,"Domain validated 2026-09-26. Allergy must be modelled as repeatable Allergy[] objects with agent, phenotype, timing, severity, treatment, re-exposure and testing. Previous perioperative anaphylaxis is the strongest predictor of future perioperative anaphylaxis.",https://www.anzca.edu.au/getContentAsset/0f526e72-c35f-46d7-a816-746e63f92079/80feb437-d24d-46b8-a858-4a2a28b9b970/PG69-Perioperative-hypersensitivity-reactions-2025.pdf?language=en
ALL-005,Allergy and perioperative hypersensitivity,Reaction severity,Reaction severity,C1,For each reported or record-listed Allergy[]/adverse reaction,How severe was the reaction?,Use plain-language synonyms and examples if the patient is unsure.,categorical,Clarify if incomplete or ambiguous.,Not applicable; capture value or explicit unknown.,Record PATIENT_UNSURE/NOT_KNOWN; do not convert to negative. Seek corroborating source where clinically important.,None,"Required if positive, conflicting or clinically material.",None: do not infer a diagnosis or negative finding.,Perioperative hypersensitivity risk flag,Patient report; corroborate with EMR/previous anaesthetic/medication record where available.,ANZCA PG69 Perioperative hypersensitivity reactions 2025,A,1.0.4,"Domain validated 2026-09-26. Allergy must be modelled as repeatable Allergy[] objects with agent, phenotype, timing, severity, treatment, re-exposure and testing. Previous perioperative anaphylaxis is the strongest predictor of future perioperative anaphylaxis.",https://www.anzca.edu.au/getContentAsset/0f526e72-c35f-46d7-a816-746e63f92079/80feb437-d24d-46b8-a858-4a2a28b9b970/PG69-Perioperative-hypersensitivity-reactions-2025.pdf?language=en
ALL-006,Allergy and perioperative hypersensitivity,Treatment required,Treatment required,C1,For each reported or record-listed Allergy[]/adverse reaction,"Did you need treatment such as adrenaline, oxygen, IV medicines or hospital care?",Use plain-language synonyms and examples if the patient is unsure.,text,Clarify if incomplete or ambiguous.,Not applicable; capture value or explicit unknown.,Record PATIENT_UNSURE/NOT_KNOWN; do not convert to negative. Seek corroborating source where clinically important.,None,"Required if positive, conflicting or clinically material.",None: do not infer a diagnosis or negative finding.,Perioperative hypersensitivity risk flag,Patient report; corroborate with EMR/previous anaesthetic/medication record where available.,ANZCA PG69 Perioperative hypersensitivity reactions 2025,A,1.0.4,"Domain validated 2026-09-26. Allergy must be modelled as repeatable Allergy[] objects with agent, phenotype, timing, severity, treatment, re-exposure and testing. Previous perioperative anaphylaxis is the strongest predictor of future perioperative anaphylaxis.",https://www.anzca.edu.au/getContentAsset/0f526e72-c35f-46d7-a816-746e63f92079/80feb437-d24d-46b8-a858-4a2a28b9b970/PG69-Perioperative-hypersensitivity-reactions-2025.pdf?language=en
ALL-007,Allergy and perioperative hypersensitivity,Hospitalisation,Hospitalisation,C1,For each reported or record-listed Allergy[]/adverse reaction,Were you admitted to hospital because of the reaction?,Use plain-language synonyms and examples if the patient is unsure.,boolean,"Clarify timing, severity, current status, treatment and relevant records if positive.",Explicit patient denial or authoritative source documenting absence.,Record PATIENT_UNSURE/NOT_KNOWN; do not convert to negative. Seek corroborating source where clinically important.,None,"Required if positive, conflicting or clinically material.",None: do not infer a diagnosis or negative finding.,Perioperative hypersensitivity risk flag,Patient report; corroborate with EMR/previous anaesthetic/medication record where available.,ANZCA PG69 Perioperative hypersensitivity reactions 2025,A,1.0.4,"Domain validated 2026-09-26. Allergy must be modelled as repeatable Allergy[] objects with agent, phenotype, timing, severity, treatment, re-exposure and testing. Previous perioperative anaphylaxis is the strongest predictor of future perioperative anaphylaxis.",https://www.anzca.edu.au/getContentAsset/0f526e72-c35f-46d7-a816-746e63f92079/80feb437-d24d-46b8-a858-4a2a28b9b970/PG69-Perioperative-hypersensitivity-reactions-2025.pdf?language=en
ALL-008,Allergy and perioperative hypersensitivity,Subsequent exposure,Subsequent exposure,C1,For each reported or record-listed Allergy[]/adverse reaction,Have you had the same medicine or substance again since then?,Use plain-language synonyms and examples if the patient is unsure.,boolean,Document tolerated re-exposure because it may materially alter interpretation; clinician/allergy review determines delabelling.,Explicit patient denial or authoritative source documenting absence.,Record PATIENT_UNSURE/NOT_KNOWN; do not convert to negative. Seek corroborating source where clinically important.,None,"Required if positive, conflicting or clinically material.",None: do not infer a diagnosis or negative finding.,Perioperative hypersensitivity risk flag,Patient report; corroborate with EMR/previous anaesthetic/medication record where available.,ANZCA PG69 Perioperative hypersensitivity reactions 2025,A,1.0.4,"Domain validated 2026-09-26. Allergy must be modelled as repeatable Allergy[] objects with agent, phenotype, timing, severity, treatment, re-exposure and testing. Previous perioperative anaphylaxis is the strongest predictor of future perioperative anaphylaxis.",https://www.anzca.edu.au/getContentAsset/0f526e72-c35f-46d7-a816-746e63f92079/80feb437-d24d-46b8-a858-4a2a28b9b970/PG69-Perioperative-hypersensitivity-reactions-2025.pdf?language=en
ALL-009,Allergy and perioperative hypersensitivity,Formal allergy testing,Formal allergy testing,C1,For each reported or record-listed Allergy[]/adverse reaction,Have you had formal allergy or immunology testing?,Use plain-language synonyms and examples if the patient is unsure.,boolean,"Capture allergy service, approximate date, tests and outcome; retrieve correspondence where possible.",Explicit patient denial or authoritative source documenting absence.,Record PATIENT_UNSURE/NOT_KNOWN; do not convert to negative. Seek corroborating source where clinically important.,AMBER: clinician review/optimisation if positive or unresolved.,"Required if positive, conflicting or clinically material.",None: do not infer a diagnosis or negative finding.,Perioperative hypersensitivity risk flag,Patient report; corroborate with EMR/previous anaesthetic/medication record where available.,ANZCA PG69 Perioperative hypersensitivity reactions 2025,A,1.0.4,"Domain validated 2026-09-26. Allergy must be modelled as repeatable Allergy[] objects with agent, phenotype, timing, severity, treatment, re-exposure and testing. Previous perioperative anaphylaxis is the strongest predictor of future perioperative anaphylaxis.",https://www.anzca.edu.au/getContentAsset/0f526e72-c35f-46d7-a816-746e63f92079/80feb437-d24d-46b8-a858-4a2a28b9b970/PG69-Perioperative-hypersensitivity-reactions-2025.pdf?language=en
ALL-010,Allergy and perioperative hypersensitivity,Allergy documentation available,Allergy documentation available,C1,For each reported or record-listed Allergy[]/adverse reaction,"Do you have an allergy letter, alert or testing result?",Use plain-language synonyms and examples if the patient is unsure.,boolean,"Allow upload/import/retrieval of allergy letter, alert or testing report.",Explicit patient denial or authoritative source documenting absence.,Record PATIENT_UNSURE/NOT_KNOWN; do not convert to negative. Seek corroborating source where clinically important.,AMBER: clinician review/optimisation if positive or unresolved.,"Required if positive, conflicting or clinically material.",None: do not infer a diagnosis or negative finding.,Perioperative hypersensitivity risk flag,Patient report; corroborate with EMR/previous anaesthetic/medication record where available.,ANZCA PG69 Perioperative hypersensitivity reactions 2025,A,1.0.4,"Domain validated 2026-09-26. Allergy must be modelled as repeatable Allergy[] objects with agent, phenotype, timing, severity, treatment, re-exposure and testing. Previous perioperative anaphylaxis is the strongest predictor of future perioperative anaphylaxis.",https://www.anzca.edu.au/getContentAsset/0f526e72-c35f-46d7-a816-746e63f92079/80feb437-d24d-46b8-a858-4a2a28b9b970/PG69-Perioperative-hypersensitivity-reactions-2025.pdf?language=en
ALL-011,Allergy and perioperative hypersensitivity,Previous perioperative reaction,Previous perioperative reaction,M0,All patients,"Have you had an allergic reaction during an operation, anaesthetic or procedure?",Use plain-language synonyms and examples if the patient is unsure.,boolean,"Clarify timing, severity, current status, treatment and relevant records if positive.",Explicit patient denial or authoritative source documenting absence.,Record PATIENT_UNSURE/NOT_KNOWN; do not convert to negative. Seek corroborating source where clinically important.,Previous suspected perioperative anaphylaxis/hypersensitivity: mandatory clinician review and scrutiny of prior anaesthetic/allergy records; consider specialist perioperative allergy referral if unresolved.,Review as part of completed assessment.,None: do not infer a diagnosis or negative finding.,Perioperative hypersensitivity risk flag,Patient report; corroborate with EMR/previous anaesthetic/medication record where available.,ANZCA PG69 Perioperative hypersensitivity reactions 2025,A,1.0.4,"Domain validated 2026-09-26. Allergy must be modelled as repeatable Allergy[] objects with agent, phenotype, timing, severity, treatment, re-exposure and testing. Previous perioperative anaphylaxis is the strongest predictor of future perioperative anaphylaxis.",https://www.anzca.edu.au/getContentAsset/0f526e72-c35f-46d7-a816-746e63f92079/80feb437-d24d-46b8-a858-4a2a28b9b970/PG69-Perioperative-hypersensitivity-reactions-2025.pdf?language=en
ALL-012,Allergy and perioperative hypersensitivity,Latex reaction,Latex reaction,M1,All patients if not resolved in broad allergy screen; higher relevance with healthcare/latex exposure history,"Have you reacted to latex gloves, balloons, condoms or other rubber products?",Use plain-language synonyms and examples if the patient is unsure.,boolean,"Clarify timing, severity, current status, treatment and relevant records if positive.",Explicit patient denial or authoritative source documenting absence.,Record PATIENT_UNSURE/NOT_KNOWN; do not convert to negative. Seek corroborating source where clinically important.,None,Review as part of completed assessment.,None: do not infer a diagnosis or negative finding.,Perioperative hypersensitivity risk flag,Patient report; corroborate with EMR/previous anaesthetic/medication record where available.,ANZCA PG69 Perioperative hypersensitivity reactions 2025,A,1.0.4,"Domain validated 2026-09-26. Allergy must be modelled as repeatable Allergy[] objects with agent, phenotype, timing, severity, treatment, re-exposure and testing. Previous perioperative anaphylaxis is the strongest predictor of future perioperative anaphylaxis.",https://www.anzca.edu.au/getContentAsset/0f526e72-c35f-46d7-a816-746e63f92079/80feb437-d24d-46b8-a858-4a2a28b9b970/PG69-Perioperative-hypersensitivity-reactions-2025.pdf?language=en
ALL-013,Allergy and perioperative hypersensitivity,Chlorhexidine reaction,Chlorhexidine reaction,M1,All patients if not resolved in broad allergy screen; explicitly probe because chlorhexidine exposure is often hidden,"Have you reacted to hospital skin-cleaning products, antiseptic washes, IV insertion products, urinary catheter lubricants or chlorhexidine mouthwash?",Use plain-language synonyms and examples if the patient is unsure.,boolean,"Ask about reactions to skin prep, antiseptic washes, IV/cannula insertion, catheter lubricant and chlorhexidine mouthwash; retrieve allergy testing if available.",Explicit patient denial or authoritative source documenting absence.,Record PATIENT_UNSURE/NOT_KNOWN; do not convert to negative. Seek corroborating source where clinically important.,Suspected chlorhexidine hypersensitivity: clinician review because chlorhexidine may be present in multiple hidden perioperative products/devices.,Review as part of completed assessment.,None: do not infer a diagnosis or negative finding.,Perioperative hypersensitivity risk flag,Patient report; corroborate with EMR/previous anaesthetic/medication record where available.,ANZCA PG69 Perioperative hypersensitivity reactions 2025,A,1.0.4,"Domain validated 2026-09-26. Allergy must be modelled as repeatable Allergy[] objects with agent, phenotype, timing, severity, treatment, re-exposure and testing. Previous perioperative anaphylaxis is the strongest predictor of future perioperative anaphylaxis.",https://www.anzca.edu.au/getContentAsset/0f526e72-c35f-46d7-a816-746e63f92079/80feb437-d24d-46b8-a858-4a2a28b9b970/PG69-Perioperative-hypersensitivity-reactions-2025.pdf?language=en
ALL-014,Allergy and perioperative hypersensitivity,Adhesive/dressing reaction,Adhesive/dressing reaction,C1,Broad allergy/skin-product reaction or relevant history,"Have you had a significant reaction to tapes, adhesives or dressings?",Use plain-language synonyms and examples if the patient is unsure.,boolean,"Clarify timing, severity, current status, treatment and relevant records if positive.",Explicit patient denial or authoritative source documenting absence.,Record PATIENT_UNSURE/NOT_KNOWN; do not convert to negative. Seek corroborating source where clinically important.,None,Review as part of completed assessment.,None: do not infer a diagnosis or negative finding.,Perioperative hypersensitivity risk flag,Patient report; corroborate with EMR/previous anaesthetic/medication record where available.,ANZCA PG69 Perioperative hypersensitivity reactions 2025,A,1.0.4,"Domain validated 2026-09-26. Allergy must be modelled as repeatable Allergy[] objects with agent, phenotype, timing, severity, treatment, re-exposure and testing. Previous perioperative anaphylaxis is the strongest predictor of future perioperative anaphylaxis.",https://www.anzca.edu.au/getContentAsset/0f526e72-c35f-46d7-a816-746e63f92079/80feb437-d24d-46b8-a858-4a2a28b9b970/PG69-Perioperative-hypersensitivity-reactions-2025.pdf?language=en
ALL-015,Allergy and perioperative hypersensitivity,Uncertain historical allergy label,Uncertain historical allergy label,M1,EMR contains allergy labels with missing/unclear reaction details,Are there allergies listed in your record where you do not know what reaction occurred?,Use plain-language synonyms and examples if the patient is unsure.,boolean,Characterise each unclear label rather than converting it to 'no allergy'; preserve discrepancy and source.,Explicit patient denial or authoritative source documenting absence.,Record PATIENT_UNSURE/NOT_KNOWN; do not convert to negative. Seek corroborating source where clinically important.,AMBER: clinician review/optimisation if positive or unresolved.,"Required if positive, conflicting or clinically material.",None: do not infer a diagnosis or negative finding.,Perioperative hypersensitivity risk flag,Patient report; corroborate with EMR/previous anaesthetic/medication record where available.,ANZCA PG69 Perioperative hypersensitivity reactions 2025,A,1.0.4,"Domain validated 2026-09-26. Allergy must be modelled as repeatable Allergy[] objects with agent, phenotype, timing, severity, treatment, re-exposure and testing. Previous perioperative anaphylaxis is the strongest predictor of future perioperative anaphylaxis.",https://www.anzca.edu.au/getContentAsset/0f526e72-c35f-46d7-a816-746e63f92079/80feb437-d24d-46b8-a858-4a2a28b9b970/PG69-Perioperative-hypersensitivity-reactions-2025.pdf?language=en
RES-001,"Frailty, cognition, nutrition and functional independence",Usual residence,Usual residence,C4,"Older patient, intermediate/high-risk surgery, suspected frailty/cognitive impairment, functional limitation or discharge concern",Where do you normally live?,Use plain-language synonyms and examples if the patient is unsure.,categorical,Clarify if incomplete or ambiguous.,Not applicable; capture value or explicit unknown.,Record PATIENT_UNSURE/NOT_KNOWN; do not convert to negative. Seek corroborating source where clinically important.,None,Review as part of completed assessment.,None: do not infer a diagnosis or negative finding.,Frailty/cognitive/nutritional risk inputs,Patient report; corroborate with EMR/previous anaesthetic/medication record where available.,RCoA GPAS Chapter 2 (2025); ESPEN clinical nutrition in surgery update 2025,B/C,1.0.5,"Domain validated 2026-09-26. Frailty, cognition, functional independence and nutrition should be screened in risk-appropriate patients. Detailed ADL/IADL questions should branch from age/frailty/functional concern rather than burden every low-risk patient.",https://www.rcoa.ac.uk/gpas/chapter-2; https://www.espen.org/files/ESPEN-guideline-on-clinical-nutrition-in-surgery-Update-2025.pdf
RES-002,"Frailty, cognition, nutrition and functional independence",Lives alone,Lives alone,C4,"Older patient, intermediate/high-risk surgery, suspected frailty/cognitive impairment, functional limitation or discharge concern",Do you live alone?,Use plain-language synonyms and examples if the patient is unsure.,boolean,"Clarify timing, severity, current status, treatment and relevant records if positive.",Explicit patient denial or authoritative source documenting absence.,Record PATIENT_UNSURE/NOT_KNOWN; do not convert to negative. Seek corroborating source where clinically important.,None,Review as part of completed assessment.,None: do not infer a diagnosis or negative finding.,Frailty/cognitive/nutritional risk inputs,Patient report; corroborate with EMR/previous anaesthetic/medication record where available.,RCoA GPAS Chapter 2 (2025); ESPEN clinical nutrition in surgery update 2025,B/C,1.0.5,"Domain validated 2026-09-26. Frailty, cognition, functional independence and nutrition should be screened in risk-appropriate patients. Detailed ADL/IADL questions should branch from age/frailty/functional concern rather than burden every low-risk patient.",https://www.rcoa.ac.uk/gpas/chapter-2; https://www.espen.org/files/ESPEN-guideline-on-clinical-nutrition-in-surgery-Update-2025.pdf
RES-003,"Frailty, cognition, nutrition and functional independence",Personal care independence,Personal care independence,C4,"Older patient, intermediate/high-risk surgery, suspected frailty/cognitive impairment, functional limitation or discharge concern","Do you need help with washing, dressing, toileting or eating?",Use plain-language synonyms and examples if the patient is unsure.,boolean,"Clarify timing, severity, current status, treatment and relevant records if positive.",Explicit patient denial or authoritative source documenting absence.,Record PATIENT_UNSURE/NOT_KNOWN; do not convert to negative. Seek corroborating source where clinically important.,None,Review as part of completed assessment.,None: do not infer a diagnosis or negative finding.,Frailty/cognitive/nutritional risk inputs,Patient report; corroborate with EMR/previous anaesthetic/medication record where available.,RCoA GPAS Chapter 2 (2025); ESPEN clinical nutrition in surgery update 2025,B/C,1.0.5,"Domain validated 2026-09-26. Frailty, cognition, functional independence and nutrition should be screened in risk-appropriate patients. Detailed ADL/IADL questions should branch from age/frailty/functional concern rather than burden every low-risk patient.",https://www.rcoa.ac.uk/gpas/chapter-2; https://www.espen.org/files/ESPEN-guideline-on-clinical-nutrition-in-surgery-Update-2025.pdf
RES-004,"Frailty, cognition, nutrition and functional independence",Shopping independence,Shopping independence,C4,"Older patient, intermediate/high-risk surgery, suspected frailty/cognitive impairment, functional limitation or discharge concern",Do you need help with shopping?,Use plain-language synonyms and examples if the patient is unsure.,boolean,"Clarify timing, severity, current status, treatment and relevant records if positive.",Explicit patient denial or authoritative source documenting absence.,Record PATIENT_UNSURE/NOT_KNOWN; do not convert to negative. Seek corroborating source where clinically important.,None,Review as part of completed assessment.,None: do not infer a diagnosis or negative finding.,Frailty/cognitive/nutritional risk inputs,Patient report; corroborate with EMR/previous anaesthetic/medication record where available.,RCoA GPAS Chapter 2 (2025); ESPEN clinical nutrition in surgery update 2025,B/C,1.0.5,"Domain validated 2026-09-26. Frailty, cognition, functional independence and nutrition should be screened in risk-appropriate patients. Detailed ADL/IADL questions should branch from age/frailty/functional concern rather than burden every low-risk patient.",https://www.rcoa.ac.uk/gpas/chapter-2; https://www.espen.org/files/ESPEN-guideline-on-clinical-nutrition-in-surgery-Update-2025.pdf
RES-005,"Frailty, cognition, nutrition and functional independence",Cooking independence,Cooking independence,C4,"Older patient, intermediate/high-risk surgery, suspected frailty/cognitive impairment, functional limitation or discharge concern",Do you need help preparing meals?,Use plain-language synonyms and examples if the patient is unsure.,boolean,"Clarify timing, severity, current status, treatment and relevant records if positive.",Explicit patient denial or authoritative source documenting absence.,Record PATIENT_UNSURE/NOT_KNOWN; do not convert to negative. Seek corroborating source where clinically important.,None,Review as part of completed assessment.,None: do not infer a diagnosis or negative finding.,Frailty/cognitive/nutritional risk inputs,Patient report; corroborate with EMR/previous anaesthetic/medication record where available.,RCoA GPAS Chapter 2 (2025); ESPEN clinical nutrition in surgery update 2025,B/C,1.0.5,"Domain validated 2026-09-26. Frailty, cognition, functional independence and nutrition should be screened in risk-appropriate patients. Detailed ADL/IADL questions should branch from age/frailty/functional concern rather than burden every low-risk patient.",https://www.rcoa.ac.uk/gpas/chapter-2; https://www.espen.org/files/ESPEN-guideline-on-clinical-nutrition-in-surgery-Update-2025.pdf
RES-006,"Frailty, cognition, nutrition and functional independence",Housework independence,Housework independence,C4,"Older patient, intermediate/high-risk surgery, suspected frailty/cognitive impairment, functional limitation or discharge concern",Do you need help with housework?,Use plain-language synonyms and examples if the patient is unsure.,boolean,"Clarify timing, severity, current status, treatment and relevant records if positive.",Explicit patient denial or authoritative source documenting absence.,Record PATIENT_UNSURE/NOT_KNOWN; do not convert to negative. Seek corroborating source where clinically important.,None,Review as part of completed assessment.,None: do not infer a diagnosis or negative finding.,Frailty/cognitive/nutritional risk inputs,Patient report; corroborate with EMR/previous anaesthetic/medication record where available.,RCoA GPAS Chapter 2 (2025); ESPEN clinical nutrition in surgery update 2025,B/C,1.0.5,"Domain validated 2026-09-26. Frailty, cognition, functional independence and nutrition should be screened in risk-appropriate patients. Detailed ADL/IADL questions should branch from age/frailty/functional concern rather than burden every low-risk patient.",https://www.rcoa.ac.uk/gpas/chapter-2; https://www.espen.org/files/ESPEN-guideline-on-clinical-nutrition-in-surgery-Update-2025.pdf
RES-007,"Frailty, cognition, nutrition and functional independence",Medication management,Medication management,C4,"Older patient, intermediate/high-risk surgery, suspected frailty/cognitive impairment, functional limitation or discharge concern",Do you manage your own medicines?,Use plain-language synonyms and examples if the patient is unsure.,boolean,"Clarify timing, severity, current status, treatment and relevant records if positive.",Explicit patient denial or authoritative source documenting absence.,Record PATIENT_UNSURE/NOT_KNOWN; do not convert to negative. Seek corroborating source where clinically important.,None,Review as part of completed assessment.,None: do not infer a diagnosis or negative finding.,Frailty/cognitive/nutritional risk inputs,Patient report; corroborate with EMR/previous anaesthetic/medication record where available.,RCoA GPAS Chapter 2 (2025); ESPEN clinical nutrition in surgery update 2025,B/C,1.0.5,"Domain validated 2026-09-26. Frailty, cognition, functional independence and nutrition should be screened in risk-appropriate patients. Detailed ADL/IADL questions should branch from age/frailty/functional concern rather than burden every low-risk patient.",https://www.rcoa.ac.uk/gpas/chapter-2; https://www.espen.org/files/ESPEN-guideline-on-clinical-nutrition-in-surgery-Update-2025.pdf
RES-008,"Frailty, cognition, nutrition and functional independence",Finances independence,Finances independence,C4,"Older patient, intermediate/high-risk surgery, suspected frailty/cognitive impairment, functional limitation or discharge concern",Do you manage your own finances?,Use plain-language synonyms and examples if the patient is unsure.,boolean,"Clarify timing, severity, current status, treatment and relevant records if positive.",Explicit patient denial or authoritative source documenting absence.,Record PATIENT_UNSURE/NOT_KNOWN; do not convert to negative. Seek corroborating source where clinically important.,None,Review as part of completed assessment.,None: do not infer a diagnosis or negative finding.,Frailty/cognitive/nutritional risk inputs,Patient report; corroborate with EMR/previous anaesthetic/medication record where available.,RCoA GPAS Chapter 2 (2025); ESPEN clinical nutrition in surgery update 2025,B/C,1.0.5,"Domain validated 2026-09-26. Frailty, cognition, functional independence and nutrition should be screened in risk-appropriate patients. Detailed ADL/IADL questions should branch from age/frailty/functional concern rather than burden every low-risk patient.",https://www.rcoa.ac.uk/gpas/chapter-2; https://www.espen.org/files/ESPEN-guideline-on-clinical-nutrition-in-surgery-Update-2025.pdf
RES-009,"Frailty, cognition, nutrition and functional independence",Walking aid,Walking aid,C4,"Older patient, intermediate/high-risk surgery, suspected frailty/cognitive impairment, functional limitation or discharge concern","Do you normally use a stick, frame, wheelchair or other mobility aid?",Use plain-language synonyms and examples if the patient is unsure.,categorical,Clarify if incomplete or ambiguous.,Not applicable; capture value or explicit unknown.,Record PATIENT_UNSURE/NOT_KNOWN; do not convert to negative. Seek corroborating source where clinically important.,None,Review as part of completed assessment.,None: do not infer a diagnosis or negative finding.,Frailty/cognitive/nutritional risk inputs,Patient report; corroborate with EMR/previous anaesthetic/medication record where available.,RCoA GPAS Chapter 2 (2025); ESPEN clinical nutrition in surgery update 2025,B/C,1.0.5,"Domain validated 2026-09-26. Frailty, cognition, functional independence and nutrition should be screened in risk-appropriate patients. Detailed ADL/IADL questions should branch from age/frailty/functional concern rather than burden every low-risk patient.",https://www.rcoa.ac.uk/gpas/chapter-2; https://www.espen.org/files/ESPEN-guideline-on-clinical-nutrition-in-surgery-Update-2025.pdf
RES-010,"Frailty, cognition, nutrition and functional independence",Falls last 12 months,Falls last 12 months,C4,"Older patient, intermediate/high-risk surgery, suspected frailty/cognitive impairment, functional limitation or discharge concern",Have you fallen in the last 12 months?,Use plain-language synonyms and examples if the patient is unsure.,boolean,"Clarify timing, severity, current status, treatment and relevant records if positive.",Explicit patient denial or authoritative source documenting absence.,Record PATIENT_UNSURE/NOT_KNOWN; do not convert to negative. Seek corroborating source where clinically important.,AMBER: clinician review/optimisation if positive or unresolved.,"Required if positive, conflicting or clinically material.",None: do not infer a diagnosis or negative finding.,Frailty/cognitive/nutritional risk inputs,Patient report; corroborate with EMR/previous anaesthetic/medication record where available.,RCoA GPAS Chapter 2 (2025); ESPEN clinical nutrition in surgery update 2025,B/C,1.0.5,"Domain validated 2026-09-26. Frailty, cognition, functional independence and nutrition should be screened in risk-appropriate patients. Detailed ADL/IADL questions should branch from age/frailty/functional concern rather than burden every low-risk patient.",https://www.rcoa.ac.uk/gpas/chapter-2; https://www.espen.org/files/ESPEN-guideline-on-clinical-nutrition-in-surgery-Update-2025.pdf
RES-011,"Frailty, cognition, nutrition and functional independence",Number of falls,Number of falls,C4,"Older patient, intermediate/high-risk surgery, suspected frailty/cognitive impairment, functional limitation or discharge concern",About how many times have you fallen in the last 12 months?,Use plain-language synonyms and examples if the patient is unsure.,numeric,Clarify if incomplete or ambiguous.,Not applicable; capture value or explicit unknown.,Record PATIENT_UNSURE/NOT_KNOWN; do not convert to negative. Seek corroborating source where clinically important.,AMBER: clinician review/optimisation if positive or unresolved.,"Required if positive, conflicting or clinically material.",Derived calculation permitted only from explicit source values.,Frailty/cognitive/nutritional risk inputs,Patient report; corroborate with EMR/previous anaesthetic/medication record where available.,RCoA GPAS Chapter 2 (2025); ESPEN clinical nutrition in surgery update 2025,B/C,1.0.5,"Domain validated 2026-09-26. Frailty, cognition, functional independence and nutrition should be screened in risk-appropriate patients. Detailed ADL/IADL questions should branch from age/frailty/functional concern rather than burden every low-risk patient.",https://www.rcoa.ac.uk/gpas/chapter-2; https://www.espen.org/files/ESPEN-guideline-on-clinical-nutrition-in-surgery-Update-2025.pdf
RES-012,"Frailty, cognition, nutrition and functional independence",Formal care support,Formal care support,C4,"Older patient, intermediate/high-risk surgery, suspected frailty/cognitive impairment, functional limitation or discharge concern","Do you receive home care, community nursing or other formal support?",Use plain-language synonyms and examples if the patient is unsure.,boolean,"Clarify timing, severity, current status, treatment and relevant records if positive.",Explicit patient denial or authoritative source documenting absence.,Record PATIENT_UNSURE/NOT_KNOWN; do not convert to negative. Seek corroborating source where clinically important.,None,Review as part of completed assessment.,None: do not infer a diagnosis or negative finding.,Frailty/cognitive/nutritional risk inputs,Patient report; corroborate with EMR/previous anaesthetic/medication record where available.,RCoA GPAS Chapter 2 (2025); ESPEN clinical nutrition in surgery update 2025,B/C,1.0.5,"Domain validated 2026-09-26. Frailty, cognition, functional independence and nutrition should be screened in risk-appropriate patients. Detailed ADL/IADL questions should branch from age/frailty/functional concern rather than burden every low-risk patient.",https://www.rcoa.ac.uk/gpas/chapter-2; https://www.espen.org/files/ESPEN-guideline-on-clinical-nutrition-in-surgery-Update-2025.pdf
RES-013,"Frailty, cognition, nutrition and functional independence",Informal carer,Informal carer,C4,"Older patient, intermediate/high-risk surgery, suspected frailty/cognitive impairment, functional limitation or discharge concern",Does a family member or friend regularly help care for you?,Use plain-language synonyms and examples if the patient is unsure.,boolean,"Clarify timing, severity, current status, treatment and relevant records if positive.",Explicit patient denial or authoritative source documenting absence.,Record PATIENT_UNSURE/NOT_KNOWN; do not convert to negative. Seek corroborating source where clinically important.,None,Review as part of completed assessment.,None: do not infer a diagnosis or negative finding.,Frailty/cognitive/nutritional risk inputs,Patient report; corroborate with EMR/previous anaesthetic/medication record where available.,RCoA GPAS Chapter 2 (2025); ESPEN clinical nutrition in surgery update 2025,B/C,1.0.5,"Domain validated 2026-09-26. Frailty, cognition, functional independence and nutrition should be screened in risk-appropriate patients. Detailed ADL/IADL questions should branch from age/frailty/functional concern rather than burden every low-risk patient.",https://www.rcoa.ac.uk/gpas/chapter-2; https://www.espen.org/files/ESPEN-guideline-on-clinical-nutrition-in-surgery-Update-2025.pdf
RES-014,"Frailty, cognition, nutrition and functional independence",Memory concern,Memory concern,C4,"Older patient, intermediate/high-risk surgery, suspected frailty/cognitive impairment, functional limitation or discharge concern",Do you or people close to you have concerns about your memory or thinking?,Use plain-language synonyms and examples if the patient is unsure.,boolean,"Clarify timing, severity, current status, treatment and relevant records if positive.",Explicit patient denial or authoritative source documenting absence.,Record PATIENT_UNSURE/NOT_KNOWN; do not convert to negative. Seek corroborating source where clinically important.,New cognitive change or concern for acute confusion is not a routine chronic-history finding: clinician assessment required.,Review as part of completed assessment.,None: do not infer a diagnosis or negative finding.,Frailty/cognitive/nutritional risk inputs,Patient report; corroborate with EMR/previous anaesthetic/medication record where available.,RCoA GPAS Chapter 2 (2025); ESPEN clinical nutrition in surgery update 2025,B/C,1.0.5,"Domain validated 2026-09-26. Frailty, cognition, functional independence and nutrition should be screened in risk-appropriate patients. Detailed ADL/IADL questions should branch from age/frailty/functional concern rather than burden every low-risk patient.",https://www.rcoa.ac.uk/gpas/chapter-2; https://www.espen.org/files/ESPEN-guideline-on-clinical-nutrition-in-surgery-Update-2025.pdf
RES-015,"Frailty, cognition, nutrition and functional independence",Diagnosed cognitive impairment,Diagnosed cognitive impairment,C4,"Older patient, intermediate/high-risk surgery, suspected frailty/cognitive impairment, functional limitation or discharge concern",Have you been diagnosed with mild cognitive impairment or dementia?,Use plain-language synonyms and examples if the patient is unsure.,boolean,"Clarify baseline cognition, supports and decision-making assistance; formal cognitive testing belongs in a validated screening workflow.",Explicit patient denial or authoritative source documenting absence.,Record PATIENT_UNSURE/NOT_KNOWN; do not convert to negative. Seek corroborating source where clinically important.,AMBER: clinician review/optimisation if positive or unresolved.,"Required if positive, conflicting or clinically material.",None: do not infer a diagnosis or negative finding.,Frailty/cognitive/nutritional risk inputs,Patient report; corroborate with EMR/previous anaesthetic/medication record where available.,RCoA GPAS Chapter 2 (2025); ESPEN clinical nutrition in surgery update 2025,B/C,1.0.5,"Domain validated 2026-09-26. Frailty, cognition, functional independence and nutrition should be screened in risk-appropriate patients. Detailed ADL/IADL questions should branch from age/frailty/functional concern rather than burden every low-risk patient.",https://www.rcoa.ac.uk/gpas/chapter-2; https://www.espen.org/files/ESPEN-guideline-on-clinical-nutrition-in-surgery-Update-2025.pdf
RES-016,"Frailty, cognition, nutrition and functional independence",Previous delirium,Previous delirium,C4,"Older patient, intermediate/high-risk surgery, suspected frailty/cognitive impairment, functional limitation or discharge concern",Have you ever become suddenly confused during a hospital admission?,Use plain-language synonyms and examples if the patient is unsure.,boolean,Prior delirium increases concern for postoperative delirium; feed delirium-risk pathway.,Explicit patient denial or authoritative source documenting absence.,Record PATIENT_UNSURE/NOT_KNOWN; do not convert to negative. Seek corroborating source where clinically important.,AMBER: clinician review/optimisation if positive or unresolved.,"Required if positive, conflicting or clinically material.",None: do not infer a diagnosis or negative finding.,Frailty/cognitive/nutritional risk inputs,Patient report; corroborate with EMR/previous anaesthetic/medication record where available.,RCoA GPAS Chapter 2 (2025); ESPEN clinical nutrition in surgery update 2025,B/C,1.0.5,"Domain validated 2026-09-26. Frailty, cognition, functional independence and nutrition should be screened in risk-appropriate patients. Detailed ADL/IADL questions should branch from age/frailty/functional concern rather than burden every low-risk patient.",https://www.rcoa.ac.uk/gpas/chapter-2; https://www.espen.org/files/ESPEN-guideline-on-clinical-nutrition-in-surgery-Update-2025.pdf
RES-017,"Frailty, cognition, nutrition and functional independence",Previous postoperative confusion,Previous postoperative confusion,C4,"Older patient, intermediate/high-risk surgery, suspected frailty/cognitive impairment, functional limitation or discharge concern",Have you been confused after a previous operation or anaesthetic?,Use plain-language synonyms and examples if the patient is unsure.,boolean,"Clarify timing, severity, current status, treatment and relevant records if positive.",Explicit patient denial or authoritative source documenting absence.,Record PATIENT_UNSURE/NOT_KNOWN; do not convert to negative. Seek corroborating source where clinically important.,None,Review as part of completed assessment.,None: do not infer a diagnosis or negative finding.,Frailty/cognitive/nutritional risk inputs,Patient report; corroborate with EMR/previous anaesthetic/medication record where available.,RCoA GPAS Chapter 2 (2025); ESPEN clinical nutrition in surgery update 2025,B/C,1.0.5,"Domain validated 2026-09-26. Frailty, cognition, functional independence and nutrition should be screened in risk-appropriate patients. Detailed ADL/IADL questions should branch from age/frailty/functional concern rather than burden every low-risk patient.",https://www.rcoa.ac.uk/gpas/chapter-2; https://www.espen.org/files/ESPEN-guideline-on-clinical-nutrition-in-surgery-Update-2025.pdf
RES-018,"Frailty, cognition, nutrition and functional independence",Recent functional decline,Recent functional decline,C4,"Older patient, intermediate/high-risk surgery, suspected frailty/cognitive impairment, functional limitation or discharge concern",Have you become less independent over the last few months?,Use plain-language synonyms and examples if the patient is unsure.,boolean,"Clarify timing, severity, current status, treatment and relevant records if positive.",Explicit patient denial or authoritative source documenting absence.,Record PATIENT_UNSURE/NOT_KNOWN; do not convert to negative. Seek corroborating source where clinically important.,"Recent unexplained functional decline: clinician review and assess underlying illness, frailty and nutrition.",Review as part of completed assessment.,None: do not infer a diagnosis or negative finding.,Frailty/cognitive/nutritional risk inputs,Patient report; corroborate with EMR/previous anaesthetic/medication record where available.,RCoA GPAS Chapter 2 (2025); ESPEN clinical nutrition in surgery update 2025,B/C,1.0.5,"Domain validated 2026-09-26. Frailty, cognition, functional independence and nutrition should be screened in risk-appropriate patients. Detailed ADL/IADL questions should branch from age/frailty/functional concern rather than burden every low-risk patient.",https://www.rcoa.ac.uk/gpas/chapter-2; https://www.espen.org/files/ESPEN-guideline-on-clinical-nutrition-in-surgery-Update-2025.pdf
RES-019,"Frailty, cognition, nutrition and functional independence",Current weight,Current weight,M1,"Weight/BMI required for anaesthetic, medication dosing, OSA, nutrition or procedural planning; use measured/recent recorded weight where available",What is your current weight?,Use plain-language synonyms and examples if the patient is unsure.,numeric,Clarify if incomplete or ambiguous.,Not applicable; capture value or explicit unknown.,Record PATIENT_UNSURE/NOT_KNOWN; do not convert to negative. Seek corroborating source where clinically important.,None,Review as part of completed assessment.,Derived calculation permitted only from explicit source values.,Frailty/cognitive/nutritional risk inputs,Measured/recent EMR weight preferred; patient-reported weight may supplement.,RCoA GPAS Chapter 2 (2025); ESPEN clinical nutrition in surgery update 2025,B/C,1.0.5,"Domain validated 2026-09-26. Frailty, cognition, functional independence and nutrition should be screened in risk-appropriate patients. Detailed ADL/IADL questions should branch from age/frailty/functional concern rather than burden every low-risk patient.",https://www.rcoa.ac.uk/gpas/chapter-2; https://www.espen.org/files/ESPEN-guideline-on-clinical-nutrition-in-surgery-Update-2025.pdf
RES-020,"Frailty, cognition, nutrition and functional independence",Usual weight,Usual weight,M1,"Major surgery, cancer/GI surgery, older/frail patient, low BMI, recent illness or nutritional-risk screen",What is your usual weight when you are well?,Use plain-language synonyms and examples if the patient is unsure.,numeric,Clarify if incomplete or ambiguous.,Not applicable; capture value or explicit unknown.,Record PATIENT_UNSURE/NOT_KNOWN; do not convert to negative. Seek corroborating source where clinically important.,None,Review as part of completed assessment.,Derived calculation permitted only from explicit source values.,Frailty/cognitive/nutritional risk inputs,Patient report; corroborate with EMR/previous anaesthetic/medication record where available.,RCoA GPAS Chapter 2 (2025); ESPEN clinical nutrition in surgery update 2025,B/C,1.0.5,"Domain validated 2026-09-26. Frailty, cognition, functional independence and nutrition should be screened in risk-appropriate patients. Detailed ADL/IADL questions should branch from age/frailty/functional concern rather than burden every low-risk patient.",https://www.rcoa.ac.uk/gpas/chapter-2; https://www.espen.org/files/ESPEN-guideline-on-clinical-nutrition-in-surgery-Update-2025.pdf
RES-021,"Frailty, cognition, nutrition and functional independence",Unintentional weight loss,Unintentional weight loss,M1,"Major surgery, cancer/GI surgery, older/frail patient, low BMI, recent illness or nutritional-risk screen",Have you lost weight without trying in the last six months?,Use plain-language synonyms and examples if the patient is unsure.,boolean,"Clarify timing, severity, current status, treatment and relevant records if positive.",Explicit patient denial or authoritative source documenting absence.,Record PATIENT_UNSURE/NOT_KNOWN; do not convert to negative. Seek corroborating source where clinically important.,Clinically significant unintentional weight loss or malnutrition risk: nutrition/prehabilitation review where time permits.,"Required if positive, conflicting or clinically material.",None: do not infer a diagnosis or negative finding.,Frailty/cognitive/nutritional risk inputs,Patient report; corroborate with EMR/previous anaesthetic/medication record where available.,RCoA GPAS Chapter 2 (2025); ESPEN clinical nutrition in surgery update 2025,B/C,1.0.5,"Domain validated 2026-09-26. Frailty, cognition, functional independence and nutrition should be screened in risk-appropriate patients. Detailed ADL/IADL questions should branch from age/frailty/functional concern rather than burden every low-risk patient.",https://www.rcoa.ac.uk/gpas/chapter-2; https://www.espen.org/files/ESPEN-guideline-on-clinical-nutrition-in-surgery-Update-2025.pdf
RES-022,"Frailty, cognition, nutrition and functional independence",Weight loss amount,Weight loss amount,C1,Positive nutritional-risk screen or relevant condition,Approximately how much weight have you lost?,Use plain-language synonyms and examples if the patient is unsure.,numeric,Clarify if incomplete or ambiguous.,Not applicable; capture value or explicit unknown.,Record PATIENT_UNSURE/NOT_KNOWN; do not convert to negative. Seek corroborating source where clinically important.,None,"Required if positive, conflicting or clinically material.",Derived calculation permitted only from explicit source values.,Frailty/cognitive/nutritional risk inputs,Patient report; corroborate with EMR/previous anaesthetic/medication record where available.,RCoA GPAS Chapter 2 (2025); ESPEN clinical nutrition in surgery update 2025,B/C,1.0.5,"Domain validated 2026-09-26. Frailty, cognition, functional independence and nutrition should be screened in risk-appropriate patients. Detailed ADL/IADL questions should branch from age/frailty/functional concern rather than burden every low-risk patient.",https://www.rcoa.ac.uk/gpas/chapter-2; https://www.espen.org/files/ESPEN-guideline-on-clinical-nutrition-in-surgery-Update-2025.pdf
RES-023,"Frailty, cognition, nutrition and functional independence",Reduced appetite,Reduced appetite,M1,"Major surgery, cancer/GI surgery, older/frail patient, low BMI, recent illness or nutritional-risk screen",Has your appetite been reduced recently?,Use plain-language synonyms and examples if the patient is unsure.,boolean,"Clarify timing, severity, current status, treatment and relevant records if positive.",Explicit patient denial or authoritative source documenting absence.,Record PATIENT_UNSURE/NOT_KNOWN; do not convert to negative. Seek corroborating source where clinically important.,None,Review as part of completed assessment.,None: do not infer a diagnosis or negative finding.,Frailty/cognitive/nutritional risk inputs,Patient report; corroborate with EMR/previous anaesthetic/medication record where available.,RCoA GPAS Chapter 2 (2025); ESPEN clinical nutrition in surgery update 2025,B/C,1.0.5,"Domain validated 2026-09-26. Frailty, cognition, functional independence and nutrition should be screened in risk-appropriate patients. Detailed ADL/IADL questions should branch from age/frailty/functional concern rather than burden every low-risk patient.",https://www.rcoa.ac.uk/gpas/chapter-2; https://www.espen.org/files/ESPEN-guideline-on-clinical-nutrition-in-surgery-Update-2025.pdf
RES-024,"Frailty, cognition, nutrition and functional independence",Reduced intake,Reduced intake,M1,"Major surgery, cancer/GI surgery, older/frail patient, low BMI, recent illness or nutritional-risk screen",Have you been eating less than usual?,Use plain-language synonyms and examples if the patient is unsure.,boolean,"Clarify timing, severity, current status, treatment and relevant records if positive.",Explicit patient denial or authoritative source documenting absence.,Record PATIENT_UNSURE/NOT_KNOWN; do not convert to negative. Seek corroborating source where clinically important.,AMBER: clinician review/optimisation if positive or unresolved.,"Required if positive, conflicting or clinically material.",None: do not infer a diagnosis or negative finding.,Frailty/cognitive/nutritional risk inputs,Patient report; corroborate with EMR/previous anaesthetic/medication record where available.,RCoA GPAS Chapter 2 (2025); ESPEN clinical nutrition in surgery update 2025,B/C,1.0.5,"Domain validated 2026-09-26. Frailty, cognition, functional independence and nutrition should be screened in risk-appropriate patients. Detailed ADL/IADL questions should branch from age/frailty/functional concern rather than burden every low-risk patient.",https://www.rcoa.ac.uk/gpas/chapter-2; https://www.espen.org/files/ESPEN-guideline-on-clinical-nutrition-in-surgery-Update-2025.pdf
RES-025,"Frailty, cognition, nutrition and functional independence",Reduced intake duration,Reduced intake duration,C1,Positive nutritional-risk screen or relevant condition,For how long have you been eating less than usual?,Use plain-language synonyms and examples if the patient is unsure.,text,Clarify if incomplete or ambiguous.,Not applicable; capture value or explicit unknown.,Record PATIENT_UNSURE/NOT_KNOWN; do not convert to negative. Seek corroborating source where clinically important.,AMBER: clinician review/optimisation if positive or unresolved.,"Required if positive, conflicting or clinically material.",None: do not infer a diagnosis or negative finding.,Frailty/cognitive/nutritional risk inputs,Patient report; corroborate with EMR/previous anaesthetic/medication record where available.,RCoA GPAS Chapter 2 (2025); ESPEN clinical nutrition in surgery update 2025,B/C,1.0.5,"Domain validated 2026-09-26. Frailty, cognition, functional independence and nutrition should be screened in risk-appropriate patients. Detailed ADL/IADL questions should branch from age/frailty/functional concern rather than burden every low-risk patient.",https://www.rcoa.ac.uk/gpas/chapter-2; https://www.espen.org/files/ESPEN-guideline-on-clinical-nutrition-in-surgery-Update-2025.pdf
RES-026,"Frailty, cognition, nutrition and functional independence",Chewing difficulty,Chewing difficulty,C1,Positive nutritional-risk screen or relevant condition,Do you have difficulty chewing?,Use plain-language synonyms and examples if the patient is unsure.,boolean,"Clarify timing, severity, current status, treatment and relevant records if positive.",Explicit patient denial or authoritative source documenting absence.,Record PATIENT_UNSURE/NOT_KNOWN; do not convert to negative. Seek corroborating source where clinically important.,None,"Required if positive, conflicting or clinically material.",None: do not infer a diagnosis or negative finding.,Frailty/cognitive/nutritional risk inputs,Patient report; corroborate with EMR/previous anaesthetic/medication record where available.,RCoA GPAS Chapter 2 (2025); ESPEN clinical nutrition in surgery update 2025,B/C,1.0.5,"Domain validated 2026-09-26. Frailty, cognition, functional independence and nutrition should be screened in risk-appropriate patients. Detailed ADL/IADL questions should branch from age/frailty/functional concern rather than burden every low-risk patient.",https://www.rcoa.ac.uk/gpas/chapter-2; https://www.espen.org/files/ESPEN-guideline-on-clinical-nutrition-in-surgery-Update-2025.pdf
RES-027,"Frailty, cognition, nutrition and functional independence",Nutritional supplements,Nutritional supplements,C1,Positive nutritional-risk screen or relevant condition,Do you use nutritional drinks or supplements?,Use plain-language synonyms and examples if the patient is unsure.,boolean,"Clarify timing, severity, current status, treatment and relevant records if positive.",Explicit patient denial or authoritative source documenting absence.,Record PATIENT_UNSURE/NOT_KNOWN; do not convert to negative. Seek corroborating source where clinically important.,None,"Required if positive, conflicting or clinically material.",None: do not infer a diagnosis or negative finding.,Frailty/cognitive/nutritional risk inputs,Patient report; corroborate with EMR/previous anaesthetic/medication record where available.,RCoA GPAS Chapter 2 (2025); ESPEN clinical nutrition in surgery update 2025,B/C,1.0.5,"Domain validated 2026-09-26. Frailty, cognition, functional independence and nutrition should be screened in risk-appropriate patients. Detailed ADL/IADL questions should branch from age/frailty/functional concern rather than burden every low-risk patient.",https://www.rcoa.ac.uk/gpas/chapter-2; https://www.espen.org/files/ESPEN-guideline-on-clinical-nutrition-in-surgery-Update-2025.pdf
PSY-001,"Pain, psychological health and substance use",Chronic pain,Chronic pain,M0,All patients,Do you have pain that has lasted for more than three months?,Use plain-language synonyms and examples if the patient is unsure.,boolean,"Clarify timing, severity, current status, treatment and relevant records if positive.",Explicit patient denial or authoritative source documenting absence.,Record PATIENT_UNSURE/NOT_KNOWN; do not convert to negative. Seek corroborating source where clinically important.,AMBER: clinician review/optimisation if positive or unresolved.,"Required if positive, conflicting or clinically material.",None: do not infer a diagnosis or negative finding.,AUDIT-C inputs where alcohol items complete; OME/day where opioid medication data complete,Patient report; corroborate with EMR/previous anaesthetic/medication record where available.,RCoA GPAS Chapters 2 and 11; RCoA Pain Medicine high-risk perioperative pain guidance,B/C,1.0.5,"Domain validated 2026-09-26. Preoperative assessment should identify chronic pain/opioid exposure, psychological factors, smoking, excess alcohol and drug use. Sensitive questioning should be non-judgemental and clinically purposeful.",https://www.rcoa.ac.uk/gpas/chapter-2; https://www.rcoa.ac.uk/gpas/chapter-11-2025; https://www.rcoa.ac.uk/documents/chapter-10-pain-medicine/1011-peri-operative-management-patients-high-risk-developing
PSY-002,"Pain, psychological health and substance use",Pain location,Pain location,C1,Positive or relevant upstream response,Where is your chronic pain?,Use plain-language synonyms and examples if the patient is unsure.,text,Clarify if incomplete or ambiguous.,Not applicable; capture value or explicit unknown.,Record PATIENT_UNSURE/NOT_KNOWN; do not convert to negative. Seek corroborating source where clinically important.,None,"Required if positive, conflicting or clinically material.",None: do not infer a diagnosis or negative finding.,AUDIT-C inputs where alcohol items complete; OME/day where opioid medication data complete,Patient report; corroborate with EMR/previous anaesthetic/medication record where available.,RCoA GPAS Chapters 2 and 11; RCoA Pain Medicine high-risk perioperative pain guidance,B/C,1.0.5,"Domain validated 2026-09-26. Preoperative assessment should identify chronic pain/opioid exposure, psychological factors, smoking, excess alcohol and drug use. Sensitive questioning should be non-judgemental and clinically purposeful.",https://www.rcoa.ac.uk/gpas/chapter-2; https://www.rcoa.ac.uk/gpas/chapter-11-2025; https://www.rcoa.ac.uk/documents/chapter-10-pain-medicine/1011-peri-operative-management-patients-high-risk-developing
PSY-003,"Pain, psychological health and substance use",Pain diagnosis/cause,Pain diagnosis/cause,C1,Positive or relevant upstream response,Do you know the cause or diagnosis for the pain?,Use plain-language synonyms and examples if the patient is unsure.,text,Clarify if incomplete or ambiguous.,Not applicable; capture value or explicit unknown.,Record PATIENT_UNSURE/NOT_KNOWN; do not convert to negative. Seek corroborating source where clinically important.,None,"Required if positive, conflicting or clinically material.",None: do not infer a diagnosis or negative finding.,AUDIT-C inputs where alcohol items complete; OME/day where opioid medication data complete,Patient report; corroborate with EMR/previous anaesthetic/medication record where available.,RCoA GPAS Chapters 2 and 11; RCoA Pain Medicine high-risk perioperative pain guidance,B/C,1.0.5,"Domain validated 2026-09-26. Preoperative assessment should identify chronic pain/opioid exposure, psychological factors, smoking, excess alcohol and drug use. Sensitive questioning should be non-judgemental and clinically purposeful.",https://www.rcoa.ac.uk/gpas/chapter-2; https://www.rcoa.ac.uk/gpas/chapter-11-2025; https://www.rcoa.ac.uk/documents/chapter-10-pain-medicine/1011-peri-operative-management-patients-high-risk-developing
PSY-004,"Pain, psychological health and substance use",Pain severity,Pain severity,C1,Positive or relevant upstream response,How severe is the pain on a usual day from 0 to 10?,Use plain-language synonyms and examples if the patient is unsure.,numeric,Clarify if incomplete or ambiguous.,Not applicable; capture value or explicit unknown.,Record PATIENT_UNSURE/NOT_KNOWN; do not convert to negative. Seek corroborating source where clinically important.,None,"Required if positive, conflicting or clinically material.",Derived calculation permitted only from explicit source values.,AUDIT-C inputs where alcohol items complete; OME/day where opioid medication data complete,Patient report; corroborate with EMR/previous anaesthetic/medication record where available.,RCoA GPAS Chapters 2 and 11; RCoA Pain Medicine high-risk perioperative pain guidance,B/C,1.0.5,"Domain validated 2026-09-26. Preoperative assessment should identify chronic pain/opioid exposure, psychological factors, smoking, excess alcohol and drug use. Sensitive questioning should be non-judgemental and clinically purposeful.",https://www.rcoa.ac.uk/gpas/chapter-2; https://www.rcoa.ac.uk/gpas/chapter-11-2025; https://www.rcoa.ac.uk/documents/chapter-10-pain-medicine/1011-peri-operative-management-patients-high-risk-developing
PSY-005,"Pain, psychological health and substance use",Pain functional impact,Pain functional impact,C1,Positive or relevant upstream response,What activities does the pain stop or limit you from doing?,Use plain-language synonyms and examples if the patient is unsure.,text,Clarify if incomplete or ambiguous.,Not applicable; capture value or explicit unknown.,Record PATIENT_UNSURE/NOT_KNOWN; do not convert to negative. Seek corroborating source where clinically important.,None,"Required if positive, conflicting or clinically material.",None: do not infer a diagnosis or negative finding.,AUDIT-C inputs where alcohol items complete; OME/day where opioid medication data complete,Patient report; corroborate with EMR/previous anaesthetic/medication record where available.,RCoA GPAS Chapters 2 and 11; RCoA Pain Medicine high-risk perioperative pain guidance,B/C,1.0.5,"Domain validated 2026-09-26. Preoperative assessment should identify chronic pain/opioid exposure, psychological factors, smoking, excess alcohol and drug use. Sensitive questioning should be non-judgemental and clinically purposeful.",https://www.rcoa.ac.uk/gpas/chapter-2; https://www.rcoa.ac.uk/gpas/chapter-11-2025; https://www.rcoa.ac.uk/documents/chapter-10-pain-medicine/1011-peri-operative-management-patients-high-risk-developing
PSY-006,"Pain, psychological health and substance use",Pain specialist,Pain specialist,C1,Positive or relevant upstream response,Are you under the care of a pain specialist or pain service?,Use plain-language synonyms and examples if the patient is unsure.,boolean,"Clarify timing, severity, current status, treatment and relevant records if positive.",Explicit patient denial or authoritative source documenting absence.,Record PATIENT_UNSURE/NOT_KNOWN; do not convert to negative. Seek corroborating source where clinically important.,None,"Required if positive, conflicting or clinically material.",None: do not infer a diagnosis or negative finding.,AUDIT-C inputs where alcohol items complete; OME/day where opioid medication data complete,Patient report; corroborate with EMR/previous anaesthetic/medication record where available.,RCoA GPAS Chapters 2 and 11; RCoA Pain Medicine high-risk perioperative pain guidance,B/C,1.0.5,"Domain validated 2026-09-26. Preoperative assessment should identify chronic pain/opioid exposure, psychological factors, smoking, excess alcohol and drug use. Sensitive questioning should be non-judgemental and clinically purposeful.",https://www.rcoa.ac.uk/gpas/chapter-2; https://www.rcoa.ac.uk/gpas/chapter-11-2025; https://www.rcoa.ac.uk/documents/chapter-10-pain-medicine/1011-peri-operative-management-patients-high-risk-developing
PSY-007,"Pain, psychological health and substance use",Regular opioid therapy,Regular opioid therapy,M0,All patients; may be resolved through Medication[] reconciliation,Do you take opioid pain medicines every day or most days?,Use plain-language synonyms and examples if the patient is unsure.,boolean,"Clarify timing, severity, current status, treatment and relevant records if positive.",Explicit patient denial or authoritative source documenting absence.,Record PATIENT_UNSURE/NOT_KNOWN; do not convert to negative. Seek corroborating source where clinically important.,AMBER: clinician review/optimisation if positive or unresolved.,"Required if positive, conflicting or clinically material.",None: do not infer a diagnosis or negative finding.,AUDIT-C inputs where alcohol items complete; OME/day where opioid medication data complete,Patient report; corroborate with EMR/previous anaesthetic/medication record where available.,RCoA GPAS Chapters 2 and 11; RCoA Pain Medicine high-risk perioperative pain guidance,B/C,1.0.5,"Domain validated 2026-09-26. Preoperative assessment should identify chronic pain/opioid exposure, psychological factors, smoking, excess alcohol and drug use. Sensitive questioning should be non-judgemental and clinically purposeful.",https://www.rcoa.ac.uk/gpas/chapter-2; https://www.rcoa.ac.uk/gpas/chapter-11-2025; https://www.rcoa.ac.uk/documents/chapter-10-pain-medicine/1011-peri-operative-management-patients-high-risk-developing
PSY-008,"Pain, psychological health and substance use",Opioid dose/frequency,Opioid dose/frequency,C1,Positive or relevant upstream response,"What opioid, dose and frequency do you take?",Use plain-language synonyms and examples if the patient is unsure.,text,Clarify if incomplete or ambiguous.,Not applicable; capture value or explicit unknown.,Record PATIENT_UNSURE/NOT_KNOWN; do not convert to negative. Seek corroborating source where clinically important.,None,"Required if positive, conflicting or clinically material.",None: do not infer a diagnosis or negative finding.,Oral Morphine Equivalent dose per 24 hours (deterministic),Patient report; corroborate with EMR/previous anaesthetic/medication record where available.,RCoA GPAS Chapters 2 and 11; RCoA Pain Medicine high-risk perioperative pain guidance,B/C,1.0.5,"Domain validated 2026-09-26. Preoperative assessment should identify chronic pain/opioid exposure, psychological factors, smoking, excess alcohol and drug use. Sensitive questioning should be non-judgemental and clinically purposeful.",https://www.rcoa.ac.uk/gpas/chapter-2; https://www.rcoa.ac.uk/gpas/chapter-11-2025; https://www.rcoa.ac.uk/documents/chapter-10-pain-medicine/1011-peri-operative-management-patients-high-risk-developing
PSY-009,"Pain, psychological health and substance use",Previous difficult postoperative pain,Previous difficult postoperative pain,C1,Previous surgery or reported difficult postoperative pain,Have you had severe or difficult-to-control pain after previous surgery?,Use plain-language synonyms and examples if the patient is unsure.,boolean,"Clarify timing, severity, current status, treatment and relevant records if positive.",Explicit patient denial or authoritative source documenting absence.,Record PATIENT_UNSURE/NOT_KNOWN; do not convert to negative. Seek corroborating source where clinically important.,None,Review as part of completed assessment.,None: do not infer a diagnosis or negative finding.,AUDIT-C inputs where alcohol items complete; OME/day where opioid medication data complete,Patient report; corroborate with EMR/previous anaesthetic/medication record where available.,RCoA GPAS Chapters 2 and 11; RCoA Pain Medicine high-risk perioperative pain guidance,B/C,1.0.5,"Domain validated 2026-09-26. Preoperative assessment should identify chronic pain/opioid exposure, psychological factors, smoking, excess alcohol and drug use. Sensitive questioning should be non-judgemental and clinically purposeful.",https://www.rcoa.ac.uk/gpas/chapter-2; https://www.rcoa.ac.uk/gpas/chapter-11-2025; https://www.rcoa.ac.uk/documents/chapter-10-pain-medicine/1011-peri-operative-management-patients-high-risk-developing
PSY-010,"Pain, psychological health and substance use",Intrathecal pump,Intrathecal pump,C1,Positive or relevant upstream response,Do you have an implanted pain medicine pump?,Use plain-language synonyms and examples if the patient is unsure.,boolean,"Clarify timing, severity, current status, treatment and relevant records if positive.",Explicit patient denial or authoritative source documenting absence.,Record PATIENT_UNSURE/NOT_KNOWN; do not convert to negative. Seek corroborating source where clinically important.,None,"Required if positive, conflicting or clinically material.",None: do not infer a diagnosis or negative finding.,AUDIT-C inputs where alcohol items complete; OME/day where opioid medication data complete,Patient report; corroborate with EMR/previous anaesthetic/medication record where available.,RCoA GPAS Chapters 2 and 11; RCoA Pain Medicine high-risk perioperative pain guidance,B/C,1.0.5,"Domain validated 2026-09-26. Preoperative assessment should identify chronic pain/opioid exposure, psychological factors, smoking, excess alcohol and drug use. Sensitive questioning should be non-judgemental and clinically purposeful.",https://www.rcoa.ac.uk/gpas/chapter-2; https://www.rcoa.ac.uk/gpas/chapter-11-2025; https://www.rcoa.ac.uk/documents/chapter-10-pain-medicine/1011-peri-operative-management-patients-high-risk-developing
PSY-011,"Pain, psychological health and substance use",Spinal cord stimulator,Spinal cord stimulator,C1,Positive or relevant upstream response,Do you have a spinal cord stimulator or other implanted pain device?,Use plain-language synonyms and examples if the patient is unsure.,boolean,"Clarify timing, severity, current status, treatment and relevant records if positive.",Explicit patient denial or authoritative source documenting absence.,Record PATIENT_UNSURE/NOT_KNOWN; do not convert to negative. Seek corroborating source where clinically important.,None,"Required if positive, conflicting or clinically material.",None: do not infer a diagnosis or negative finding.,AUDIT-C inputs where alcohol items complete; OME/day where opioid medication data complete,Patient report; corroborate with EMR/previous anaesthetic/medication record where available.,RCoA GPAS Chapters 2 and 11; RCoA Pain Medicine high-risk perioperative pain guidance,B/C,1.0.5,"Domain validated 2026-09-26. Preoperative assessment should identify chronic pain/opioid exposure, psychological factors, smoking, excess alcohol and drug use. Sensitive questioning should be non-judgemental and clinically purposeful.",https://www.rcoa.ac.uk/gpas/chapter-2; https://www.rcoa.ac.uk/gpas/chapter-11-2025; https://www.rcoa.ac.uk/documents/chapter-10-pain-medicine/1011-peri-operative-management-patients-high-risk-developing
PSY-012,"Pain, psychological health and substance use",Depression,Depression,C4,"Broad mental-health/psychological screen positive, relevant EMR/medication history, high-risk surgery or clinician concern",Have you been diagnosed with depression or are you currently experiencing significant low mood?,Use plain-language synonyms and examples if the patient is unsure.,boolean,"Clarify timing, severity, current status, treatment and relevant records if positive.",Explicit patient denial or authoritative source documenting absence.,Record PATIENT_UNSURE/NOT_KNOWN; do not convert to negative. Seek corroborating source where clinically important.,None,Review as part of completed assessment.,None: do not infer a diagnosis or negative finding.,AUDIT-C inputs where alcohol items complete; OME/day where opioid medication data complete,Patient report; corroborate with EMR/previous anaesthetic/medication record where available.,RCoA GPAS Chapters 2 and 11; RCoA Pain Medicine high-risk perioperative pain guidance,B/C,1.0.5,"Domain validated 2026-09-26. Preoperative assessment should identify chronic pain/opioid exposure, psychological factors, smoking, excess alcohol and drug use. Sensitive questioning should be non-judgemental and clinically purposeful.",https://www.rcoa.ac.uk/gpas/chapter-2; https://www.rcoa.ac.uk/gpas/chapter-11-2025; https://www.rcoa.ac.uk/documents/chapter-10-pain-medicine/1011-peri-operative-management-patients-high-risk-developing
PSY-013,"Pain, psychological health and substance use",Anxiety,Anxiety,C4,"Broad mental-health/psychological screen positive, relevant EMR/medication history, high-risk surgery or clinician concern",Do you have an anxiety disorder or significant anxiety at present?,Use plain-language synonyms and examples if the patient is unsure.,boolean,"Clarify timing, severity, current status, treatment and relevant records if positive.",Explicit patient denial or authoritative source documenting absence.,Record PATIENT_UNSURE/NOT_KNOWN; do not convert to negative. Seek corroborating source where clinically important.,None,Review as part of completed assessment.,None: do not infer a diagnosis or negative finding.,AUDIT-C inputs where alcohol items complete; OME/day where opioid medication data complete,Patient report; corroborate with EMR/previous anaesthetic/medication record where available.,RCoA GPAS Chapters 2 and 11; RCoA Pain Medicine high-risk perioperative pain guidance,B/C,1.0.5,"Domain validated 2026-09-26. Preoperative assessment should identify chronic pain/opioid exposure, psychological factors, smoking, excess alcohol and drug use. Sensitive questioning should be non-judgemental and clinically purposeful.",https://www.rcoa.ac.uk/gpas/chapter-2; https://www.rcoa.ac.uk/gpas/chapter-11-2025; https://www.rcoa.ac.uk/documents/chapter-10-pain-medicine/1011-peri-operative-management-patients-high-risk-developing
PSY-014,"Pain, psychological health and substance use",PTSD,PTSD,C4,"Broad mental-health/psychological screen positive, relevant EMR/medication history, high-risk surgery or clinician concern",Have you been diagnosed with post-traumatic stress disorder?,Use plain-language synonyms and examples if the patient is unsure.,boolean,"Clarify timing, severity, current status, treatment and relevant records if positive.",Explicit patient denial or authoritative source documenting absence.,Record PATIENT_UNSURE/NOT_KNOWN; do not convert to negative. Seek corroborating source where clinically important.,None,Review as part of completed assessment.,None: do not infer a diagnosis or negative finding.,AUDIT-C inputs where alcohol items complete; OME/day where opioid medication data complete,Patient report; corroborate with EMR/previous anaesthetic/medication record where available.,RCoA GPAS Chapters 2 and 11; RCoA Pain Medicine high-risk perioperative pain guidance,B/C,1.0.5,"Domain validated 2026-09-26. Preoperative assessment should identify chronic pain/opioid exposure, psychological factors, smoking, excess alcohol and drug use. Sensitive questioning should be non-judgemental and clinically purposeful.",https://www.rcoa.ac.uk/gpas/chapter-2; https://www.rcoa.ac.uk/gpas/chapter-11-2025; https://www.rcoa.ac.uk/documents/chapter-10-pain-medicine/1011-peri-operative-management-patients-high-risk-developing
PSY-015,"Pain, psychological health and substance use",Other serious mental illness,Other serious mental illness,C4,"Broad mental-health/psychological screen positive, relevant EMR/medication history, high-risk surgery or clinician concern",Do you have another significant mental health condition such as bipolar disorder or schizophrenia?,Use plain-language synonyms and examples if the patient is unsure.,boolean,"Clarify timing, severity, current status, treatment and relevant records if positive.",Explicit patient denial or authoritative source documenting absence.,Record PATIENT_UNSURE/NOT_KNOWN; do not convert to negative. Seek corroborating source where clinically important.,None,Review as part of completed assessment.,None: do not infer a diagnosis or negative finding.,AUDIT-C inputs where alcohol items complete; OME/day where opioid medication data complete,Patient report; corroborate with EMR/previous anaesthetic/medication record where available.,RCoA GPAS Chapters 2 and 11; RCoA Pain Medicine high-risk perioperative pain guidance,B/C,1.0.5,"Domain validated 2026-09-26. Preoperative assessment should identify chronic pain/opioid exposure, psychological factors, smoking, excess alcohol and drug use. Sensitive questioning should be non-judgemental and clinically purposeful.",https://www.rcoa.ac.uk/gpas/chapter-2; https://www.rcoa.ac.uk/gpas/chapter-11-2025; https://www.rcoa.ac.uk/documents/chapter-10-pain-medicine/1011-peri-operative-management-patients-high-risk-developing
PSY-016,"Pain, psychological health and substance use",Current perioperative anxiety,Current perioperative anxiety,M1,All elective patients where there is time to address concerns; especially major/high-risk surgery,How worried or anxious do you feel about the procedure or anaesthetic?,Use plain-language synonyms and examples if the patient is unsure.,numeric,Clarify if incomplete or ambiguous.,Not applicable; capture value or explicit unknown.,Record PATIENT_UNSURE/NOT_KNOWN; do not convert to negative. Seek corroborating source where clinically important.,None,Review as part of completed assessment.,Derived calculation permitted only from explicit source values.,AUDIT-C inputs where alcohol items complete; OME/day where opioid medication data complete,Patient report; corroborate with EMR/previous anaesthetic/medication record where available.,RCoA GPAS Chapters 2 and 11; RCoA Pain Medicine high-risk perioperative pain guidance,B/C,1.0.5,"Domain validated 2026-09-26. Preoperative assessment should identify chronic pain/opioid exposure, psychological factors, smoking, excess alcohol and drug use. Sensitive questioning should be non-judgemental and clinically purposeful.",https://www.rcoa.ac.uk/gpas/chapter-2; https://www.rcoa.ac.uk/gpas/chapter-11-2025; https://www.rcoa.ac.uk/documents/chapter-10-pain-medicine/1011-peri-operative-management-patients-high-risk-developing
PSY-017,"Pain, psychological health and substance use",Specific fear/concern,Specific fear/concern,M0,All patients,"Is there anything in particular about the procedure, anaesthetic or recovery that worries you?",Use plain-language synonyms and examples if the patient is unsure.,text,Clarify if incomplete or ambiguous.,Not applicable; capture value or explicit unknown.,Record PATIENT_UNSURE/NOT_KNOWN; do not convert to negative. Seek corroborating source where clinically important.,None,Review as part of completed assessment.,None: do not infer a diagnosis or negative finding.,AUDIT-C inputs where alcohol items complete; OME/day where opioid medication data complete,Patient report; corroborate with EMR/previous anaesthetic/medication record where available.,RCoA GPAS Chapters 2 and 11; RCoA Pain Medicine high-risk perioperative pain guidance,B/C,1.0.5,"Domain validated 2026-09-26. Preoperative assessment should identify chronic pain/opioid exposure, psychological factors, smoking, excess alcohol and drug use. Sensitive questioning should be non-judgemental and clinically purposeful.",https://www.rcoa.ac.uk/gpas/chapter-2; https://www.rcoa.ac.uk/gpas/chapter-11-2025; https://www.rcoa.ac.uk/documents/chapter-10-pain-medicine/1011-peri-operative-management-patients-high-risk-developing
PSY-018,"Pain, psychological health and substance use",Smoking status,Smoking status,M0,All patients,Do you currently smoke cigarettes or tobacco?,Use plain-language synonyms and examples if the patient is unsure.,categorical,Clarify if incomplete or ambiguous.,Not applicable; capture value or explicit unknown.,Record PATIENT_UNSURE/NOT_KNOWN; do not convert to negative. Seek corroborating source where clinically important.,AMBER: clinician review/optimisation if positive or unresolved.,"Required if positive, conflicting or clinically material.",None: do not infer a diagnosis or negative finding.,AUDIT-C inputs where alcohol items complete; OME/day where opioid medication data complete,Patient report; corroborate with EMR/previous anaesthetic/medication record where available.,RCoA GPAS Chapters 2 and 11; RCoA Pain Medicine high-risk perioperative pain guidance,B/C,1.0.5,"Domain validated 2026-09-26. Preoperative assessment should identify chronic pain/opioid exposure, psychological factors, smoking, excess alcohol and drug use. Sensitive questioning should be non-judgemental and clinically purposeful.",https://www.rcoa.ac.uk/gpas/chapter-2; https://www.rcoa.ac.uk/gpas/chapter-11-2025; https://www.rcoa.ac.uk/documents/chapter-10-pain-medicine/1011-peri-operative-management-patients-high-risk-developing
PSY-019,"Pain, psychological health and substance use",Smoking quantity,Smoking quantity,C1,Positive or relevant upstream response,How many cigarettes do you usually smoke each day?,Use plain-language synonyms and examples if the patient is unsure.,numeric,Clarify if incomplete or ambiguous.,Not applicable; capture value or explicit unknown.,Record PATIENT_UNSURE/NOT_KNOWN; do not convert to negative. Seek corroborating source where clinically important.,AMBER: clinician review/optimisation if positive or unresolved.,"Required if positive, conflicting or clinically material.",Derived calculation permitted only from explicit source values.,AUDIT-C inputs where alcohol items complete; OME/day where opioid medication data complete,Patient report; corroborate with EMR/previous anaesthetic/medication record where available.,RCoA GPAS Chapters 2 and 11; RCoA Pain Medicine high-risk perioperative pain guidance,B/C,1.0.5,"Domain validated 2026-09-26. Preoperative assessment should identify chronic pain/opioid exposure, psychological factors, smoking, excess alcohol and drug use. Sensitive questioning should be non-judgemental and clinically purposeful.",https://www.rcoa.ac.uk/gpas/chapter-2; https://www.rcoa.ac.uk/gpas/chapter-11-2025; https://www.rcoa.ac.uk/documents/chapter-10-pain-medicine/1011-peri-operative-management-patients-high-risk-developing
PSY-020,"Pain, psychological health and substance use",Smoking duration,Smoking duration,C1,Positive or relevant upstream response,For how many years have you smoked?,Use plain-language synonyms and examples if the patient is unsure.,numeric,Clarify if incomplete or ambiguous.,Not applicable; capture value or explicit unknown.,Record PATIENT_UNSURE/NOT_KNOWN; do not convert to negative. Seek corroborating source where clinically important.,AMBER: clinician review/optimisation if positive or unresolved.,"Required if positive, conflicting or clinically material.",Derived calculation permitted only from explicit source values.,AUDIT-C inputs where alcohol items complete; OME/day where opioid medication data complete,Patient report; corroborate with EMR/previous anaesthetic/medication record where available.,RCoA GPAS Chapters 2 and 11; RCoA Pain Medicine high-risk perioperative pain guidance,B/C,1.0.5,"Domain validated 2026-09-26. Preoperative assessment should identify chronic pain/opioid exposure, psychological factors, smoking, excess alcohol and drug use. Sensitive questioning should be non-judgemental and clinically purposeful.",https://www.rcoa.ac.uk/gpas/chapter-2; https://www.rcoa.ac.uk/gpas/chapter-11-2025; https://www.rcoa.ac.uk/documents/chapter-10-pain-medicine/1011-peri-operative-management-patients-high-risk-developing
PSY-021,"Pain, psychological health and substance use",Former smoking cessation date,Former smoking cessation date,C1,Positive or relevant upstream response,"If you used to smoke, when did you stop?",Use plain-language synonyms and examples if the patient is unsure.,date,Clarify if incomplete or ambiguous.,Not applicable; capture value or explicit unknown.,Record PATIENT_UNSURE/NOT_KNOWN; do not convert to negative. Seek corroborating source where clinically important.,AMBER: clinician review/optimisation if positive or unresolved.,"Required if positive, conflicting or clinically material.",Derived calculation permitted only from explicit source values.,AUDIT-C inputs where alcohol items complete; OME/day where opioid medication data complete,Patient report; corroborate with EMR/previous anaesthetic/medication record where available.,RCoA GPAS Chapters 2 and 11; RCoA Pain Medicine high-risk perioperative pain guidance,B/C,1.0.5,"Domain validated 2026-09-26. Preoperative assessment should identify chronic pain/opioid exposure, psychological factors, smoking, excess alcohol and drug use. Sensitive questioning should be non-judgemental and clinically purposeful.",https://www.rcoa.ac.uk/gpas/chapter-2; https://www.rcoa.ac.uk/gpas/chapter-11-2025; https://www.rcoa.ac.uk/documents/chapter-10-pain-medicine/1011-peri-operative-management-patients-high-risk-developing
PSY-022,"Pain, psychological health and substance use",Vaping/nicotine,Vaping/nicotine,M0,All patients,Do you vape or use other nicotine products?,Use plain-language synonyms and examples if the patient is unsure.,boolean,"Clarify timing, severity, current status, treatment and relevant records if positive.",Explicit patient denial or authoritative source documenting absence.,Record PATIENT_UNSURE/NOT_KNOWN; do not convert to negative. Seek corroborating source where clinically important.,None,Review as part of completed assessment.,None: do not infer a diagnosis or negative finding.,AUDIT-C inputs where alcohol items complete; OME/day where opioid medication data complete,Patient report; corroborate with EMR/previous anaesthetic/medication record where available.,RCoA GPAS Chapters 2 and 11; RCoA Pain Medicine high-risk perioperative pain guidance,B/C,1.0.5,"Domain validated 2026-09-26. Preoperative assessment should identify chronic pain/opioid exposure, psychological factors, smoking, excess alcohol and drug use. Sensitive questioning should be non-judgemental and clinically purposeful.",https://www.rcoa.ac.uk/gpas/chapter-2; https://www.rcoa.ac.uk/gpas/chapter-11-2025; https://www.rcoa.ac.uk/documents/chapter-10-pain-medicine/1011-peri-operative-management-patients-high-risk-developing
PSY-023,"Pain, psychological health and substance use",Alcohol frequency,Alcohol frequency,M0,All patients,How often do you drink alcohol?,Use plain-language synonyms and examples if the patient is unsure.,categorical,Clarify if incomplete or ambiguous.,Not applicable; capture value or explicit unknown.,Record PATIENT_UNSURE/NOT_KNOWN; do not convert to negative. Seek corroborating source where clinically important.,AMBER: clinician review/optimisation if positive or unresolved.,"Required if positive, conflicting or clinically material.",None: do not infer a diagnosis or negative finding.,AUDIT-C inputs where alcohol items complete; OME/day where opioid medication data complete,Patient report; corroborate with EMR/previous anaesthetic/medication record where available.,RCoA GPAS Chapters 2 and 11; RCoA Pain Medicine high-risk perioperative pain guidance,B/C,1.0.5,"Domain validated 2026-09-26. Preoperative assessment should identify chronic pain/opioid exposure, psychological factors, smoking, excess alcohol and drug use. Sensitive questioning should be non-judgemental and clinically purposeful.",https://www.rcoa.ac.uk/gpas/chapter-2; https://www.rcoa.ac.uk/gpas/chapter-11-2025; https://www.rcoa.ac.uk/documents/chapter-10-pain-medicine/1011-peri-operative-management-patients-high-risk-developing
PSY-024,"Pain, psychological health and substance use",Alcohol quantity,Alcohol quantity,C1,Current alcohol use or concern for harmful/dependent use,"On a typical drinking day, how many standard drinks do you have?",Use plain-language synonyms and examples if the patient is unsure.,numeric,Clarify if incomplete or ambiguous.,Not applicable; capture value or explicit unknown.,Record PATIENT_UNSURE/NOT_KNOWN; do not convert to negative. Seek corroborating source where clinically important.,AMBER: clinician review/optimisation if positive or unresolved.,"Required if positive, conflicting or clinically material.",Derived calculation permitted only from explicit source values.,AUDIT-C inputs where alcohol items complete; OME/day where opioid medication data complete,Patient report; corroborate with EMR/previous anaesthetic/medication record where available.,RCoA GPAS Chapters 2 and 11; RCoA Pain Medicine high-risk perioperative pain guidance,B/C,1.0.5,"Domain validated 2026-09-26. Preoperative assessment should identify chronic pain/opioid exposure, psychological factors, smoking, excess alcohol and drug use. Sensitive questioning should be non-judgemental and clinically purposeful.",https://www.rcoa.ac.uk/gpas/chapter-2; https://www.rcoa.ac.uk/gpas/chapter-11-2025; https://www.rcoa.ac.uk/documents/chapter-10-pain-medicine/1011-peri-operative-management-patients-high-risk-developing
PSY-025,"Pain, psychological health and substance use",Binge alcohol,Binge alcohol,C1,Current alcohol use or concern for harmful/dependent use,How often do you have six or more standard drinks on one occasion?,Use plain-language synonyms and examples if the patient is unsure.,categorical,Clarify if incomplete or ambiguous.,Not applicable; capture value or explicit unknown.,Record PATIENT_UNSURE/NOT_KNOWN; do not convert to negative. Seek corroborating source where clinically important.,AMBER: clinician review/optimisation if positive or unresolved.,"Required if positive, conflicting or clinically material.",None: do not infer a diagnosis or negative finding.,AUDIT-C inputs where alcohol items complete; OME/day where opioid medication data complete,Patient report; corroborate with EMR/previous anaesthetic/medication record where available.,RCoA GPAS Chapters 2 and 11; RCoA Pain Medicine high-risk perioperative pain guidance,B/C,1.0.5,"Domain validated 2026-09-26. Preoperative assessment should identify chronic pain/opioid exposure, psychological factors, smoking, excess alcohol and drug use. Sensitive questioning should be non-judgemental and clinically purposeful.",https://www.rcoa.ac.uk/gpas/chapter-2; https://www.rcoa.ac.uk/gpas/chapter-11-2025; https://www.rcoa.ac.uk/documents/chapter-10-pain-medicine/1011-peri-operative-management-patients-high-risk-developing
PSY-026,"Pain, psychological health and substance use",Alcohol dependence/withdrawal,Alcohol dependence/withdrawal,C1,Current alcohol use or concern for harmful/dependent use,"Have you ever had withdrawal symptoms, seizures or delirium when stopping alcohol?",Use plain-language synonyms and examples if the patient is unsure.,boolean,"Clarify timing, severity, current status, treatment and relevant records if positive.",Explicit patient denial or authoritative source documenting absence.,Record PATIENT_UNSURE/NOT_KNOWN; do not convert to negative. Seek corroborating source where clinically important.,History suggesting alcohol dependence or withdrawal seizures/delirium: clinician review and withdrawal-risk plan.,"Required if positive, conflicting or clinically material.",None: do not infer a diagnosis or negative finding.,AUDIT-C inputs where alcohol items complete; OME/day where opioid medication data complete,Patient report; corroborate with EMR/previous anaesthetic/medication record where available.,RCoA GPAS Chapters 2 and 11; RCoA Pain Medicine high-risk perioperative pain guidance,B/C,1.0.5,"Domain validated 2026-09-26. Preoperative assessment should identify chronic pain/opioid exposure, psychological factors, smoking, excess alcohol and drug use. Sensitive questioning should be non-judgemental and clinically purposeful.",https://www.rcoa.ac.uk/gpas/chapter-2; https://www.rcoa.ac.uk/gpas/chapter-11-2025; https://www.rcoa.ac.uk/documents/chapter-10-pain-medicine/1011-peri-operative-management-patients-high-risk-developing
PSY-027,"Pain, psychological health and substance use",Cannabis,Cannabis,C4,"Broad non-prescribed/recreational substance-use screen positive, relevant EMR history or clinical concern",Do you use cannabis or medicinal cannabis?,Use plain-language synonyms and examples if the patient is unsure.,boolean,"Clarify timing, severity, current status, treatment and relevant records if positive.",Explicit patient denial or authoritative source documenting absence.,Record PATIENT_UNSURE/NOT_KNOWN; do not convert to negative. Seek corroborating source where clinically important.,None,Review as part of completed assessment.,None: do not infer a diagnosis or negative finding.,AUDIT-C inputs where alcohol items complete; OME/day where opioid medication data complete,Patient report; corroborate with EMR/previous anaesthetic/medication record where available.,RCoA GPAS Chapters 2 and 11; RCoA Pain Medicine high-risk perioperative pain guidance,B/C,1.0.5,"Domain validated 2026-09-26. Preoperative assessment should identify chronic pain/opioid exposure, psychological factors, smoking, excess alcohol and drug use. Sensitive questioning should be non-judgemental and clinically purposeful.",https://www.rcoa.ac.uk/gpas/chapter-2; https://www.rcoa.ac.uk/gpas/chapter-11-2025; https://www.rcoa.ac.uk/documents/chapter-10-pain-medicine/1011-peri-operative-management-patients-high-risk-developing
PSY-028,"Pain, psychological health and substance use",Stimulants,Stimulants,C4,"Broad non-prescribed/recreational substance-use screen positive, relevant EMR history or clinical concern","Do you use methamphetamine, cocaine or other stimulant drugs?",Use plain-language synonyms and examples if the patient is unsure.,boolean,"Clarify timing, severity, current status, treatment and relevant records if positive.",Explicit patient denial or authoritative source documenting absence.,Record PATIENT_UNSURE/NOT_KNOWN; do not convert to negative. Seek corroborating source where clinically important.,RED: prompt clinician review if positive/current/recent as clinically relevant.,"Required if positive, conflicting or clinically material.",None: do not infer a diagnosis or negative finding.,AUDIT-C inputs where alcohol items complete; OME/day where opioid medication data complete,Patient report; corroborate with EMR/previous anaesthetic/medication record where available.,RCoA GPAS Chapters 2 and 11; RCoA Pain Medicine high-risk perioperative pain guidance,B/C,1.0.5,"Domain validated 2026-09-26. Preoperative assessment should identify chronic pain/opioid exposure, psychological factors, smoking, excess alcohol and drug use. Sensitive questioning should be non-judgemental and clinically purposeful.",https://www.rcoa.ac.uk/gpas/chapter-2; https://www.rcoa.ac.uk/gpas/chapter-11-2025; https://www.rcoa.ac.uk/documents/chapter-10-pain-medicine/1011-peri-operative-management-patients-high-risk-developing
PSY-029,"Pain, psychological health and substance use",Non-prescribed opioids,Non-prescribed opioids,C4,"Broad non-prescribed/recreational substance-use screen positive, relevant EMR history or clinical concern",Do you use heroin or other non-prescribed opioids?,Use plain-language synonyms and examples if the patient is unsure.,boolean,"Clarify timing, severity, current status, treatment and relevant records if positive.",Explicit patient denial or authoritative source documenting absence.,Record PATIENT_UNSURE/NOT_KNOWN; do not convert to negative. Seek corroborating source where clinically important.,RED: prompt clinician review if positive/current/recent as clinically relevant.,"Required if positive, conflicting or clinically material.",None: do not infer a diagnosis or negative finding.,AUDIT-C inputs where alcohol items complete; OME/day where opioid medication data complete,Patient report; corroborate with EMR/previous anaesthetic/medication record where available.,RCoA GPAS Chapters 2 and 11; RCoA Pain Medicine high-risk perioperative pain guidance,B/C,1.0.5,"Domain validated 2026-09-26. Preoperative assessment should identify chronic pain/opioid exposure, psychological factors, smoking, excess alcohol and drug use. Sensitive questioning should be non-judgemental and clinically purposeful.",https://www.rcoa.ac.uk/gpas/chapter-2; https://www.rcoa.ac.uk/gpas/chapter-11-2025; https://www.rcoa.ac.uk/documents/chapter-10-pain-medicine/1011-peri-operative-management-patients-high-risk-developing
PSY-030,"Pain, psychological health and substance use",Other recreational drugs,Other recreational drugs,C4,"Broad non-prescribed/recreational substance-use screen positive, relevant EMR history or clinical concern",Do you use any other recreational drugs or substances?,Use plain-language synonyms and examples if the patient is unsure.,boolean,"Clarify timing, severity, current status, treatment and relevant records if positive.",Explicit patient denial or authoritative source documenting absence.,Record PATIENT_UNSURE/NOT_KNOWN; do not convert to negative. Seek corroborating source where clinically important.,None,Review as part of completed assessment.,None: do not infer a diagnosis or negative finding.,AUDIT-C inputs where alcohol items complete; OME/day where opioid medication data complete,Patient report; corroborate with EMR/previous anaesthetic/medication record where available.,RCoA GPAS Chapters 2 and 11; RCoA Pain Medicine high-risk perioperative pain guidance,B/C,1.0.5,"Domain validated 2026-09-26. Preoperative assessment should identify chronic pain/opioid exposure, psychological factors, smoking, excess alcohol and drug use. Sensitive questioning should be non-judgemental and clinically purposeful.",https://www.rcoa.ac.uk/gpas/chapter-2; https://www.rcoa.ac.uk/gpas/chapter-11-2025; https://www.rcoa.ac.uk/documents/chapter-10-pain-medicine/1011-peri-operative-management-patients-high-risk-developing
PSY-031,"Pain, psychological health and substance use",Substance last use,Substance last use,C1,Any current/recent substance use where timing affects perioperative safety,When did you last use it?,Use plain-language synonyms and examples if the patient is unsure.,datetime,Clarify if incomplete or ambiguous.,Not applicable; capture value or explicit unknown.,Record PATIENT_UNSURE/NOT_KNOWN; do not convert to negative. Seek corroborating source where clinically important.,"Recent stimulant, non-prescribed opioid or other intoxication/withdrawal risk: clinician review; urgency depends on substance, timing and clinical state.","Required if positive, conflicting or clinically material.",Derived calculation permitted only from explicit source values.,AUDIT-C inputs where alcohol items complete; OME/day where opioid medication data complete,Patient report; corroborate with EMR/previous anaesthetic/medication record where available.,RCoA GPAS Chapters 2 and 11; RCoA Pain Medicine high-risk perioperative pain guidance,B/C,1.0.5,"Domain validated 2026-09-26. Preoperative assessment should identify chronic pain/opioid exposure, psychological factors, smoking, excess alcohol and drug use. Sensitive questioning should be non-judgemental and clinically purposeful.",https://www.rcoa.ac.uk/gpas/chapter-2; https://www.rcoa.ac.uk/gpas/chapter-11-2025; https://www.rcoa.ac.uk/documents/chapter-10-pain-medicine/1011-peri-operative-management-patients-high-risk-developing
SOC-001,"Social circumstances, recovery and discharge",Home type,Home type,C2,"Expected postoperative functional limitation, day surgery requirements, complex discharge risk or procedure-specific recovery needs","Do you live in a house, unit, supported accommodation or another setting?",Use plain-language synonyms and examples if the patient is unsure.,categorical,Clarify if incomplete or ambiguous.,Not applicable; capture value or explicit unknown.,Record PATIENT_UNSURE/NOT_KNOWN; do not convert to negative. Seek corroborating source where clinically important.,None,Review as part of completed assessment.,None: do not infer a diagnosis or negative finding.,,Patient report; corroborate with EMR/previous anaesthetic/medication record where available.,RCoA GPAS Chapter 2 (2025); RCoA day surgery guidance,C/GPP,1.0.5,"Domain validated 2026-09-26. Discharge planning should start early, but social questions should be tailored to expected postoperative needs and discharge pathway.",https://www.rcoa.ac.uk/gpas/chapter-2; https://rcoa.ac.uk/gpas/chapter-6
SOC-002,"Social circumstances, recovery and discharge",Stairs at home,Stairs at home,C2,"Expected postoperative functional limitation, day surgery requirements, complex discharge risk or procedure-specific recovery needs",Are there stairs you need to manage at home?,Use plain-language synonyms and examples if the patient is unsure.,boolean,"Clarify timing, severity, current status, treatment and relevant records if positive.",Explicit patient denial or authoritative source documenting absence.,Record PATIENT_UNSURE/NOT_KNOWN; do not convert to negative. Seek corroborating source where clinically important.,None,Review as part of completed assessment.,None: do not infer a diagnosis or negative finding.,,Patient report; corroborate with EMR/previous anaesthetic/medication record where available.,RCoA GPAS Chapter 2 (2025); RCoA day surgery guidance,C/GPP,1.0.5,"Domain validated 2026-09-26. Discharge planning should start early, but social questions should be tailored to expected postoperative needs and discharge pathway.",https://www.rcoa.ac.uk/gpas/chapter-2; https://rcoa.ac.uk/gpas/chapter-6
SOC-003,"Social circumstances, recovery and discharge",Home accessibility,Home accessibility,C2,"Expected postoperative functional limitation, day surgery requirements, complex discharge risk or procedure-specific recovery needs",Are there any access problems at home that may affect recovery?,Use plain-language synonyms and examples if the patient is unsure.,boolean,"Clarify timing, severity, current status, treatment and relevant records if positive.",Explicit patient denial or authoritative source documenting absence.,Record PATIENT_UNSURE/NOT_KNOWN; do not convert to negative. Seek corroborating source where clinically important.,None,Review as part of completed assessment.,None: do not infer a diagnosis or negative finding.,,Patient report; corroborate with EMR/previous anaesthetic/medication record where available.,RCoA GPAS Chapter 2 (2025); RCoA day surgery guidance,C/GPP,1.0.5,"Domain validated 2026-09-26. Discharge planning should start early, but social questions should be tailored to expected postoperative needs and discharge pathway.",https://www.rcoa.ac.uk/gpas/chapter-2; https://rcoa.ac.uk/gpas/chapter-6
SOC-004,"Social circumstances, recovery and discharge",Lives with support person,Lives with support person,C2,"Expected postoperative functional limitation, day surgery requirements, complex discharge risk or procedure-specific recovery needs",Does someone live with you who can help after the procedure?,Use plain-language synonyms and examples if the patient is unsure.,boolean,"Clarify timing, severity, current status, treatment and relevant records if positive.",Explicit patient denial or authoritative source documenting absence.,Record PATIENT_UNSURE/NOT_KNOWN; do not convert to negative. Seek corroborating source where clinically important.,None,Review as part of completed assessment.,None: do not infer a diagnosis or negative finding.,,Patient report; corroborate with EMR/previous anaesthetic/medication record where available.,RCoA GPAS Chapter 2 (2025); RCoA day surgery guidance,C/GPP,1.0.5,"Domain validated 2026-09-26. Discharge planning should start early, but social questions should be tailored to expected postoperative needs and discharge pathway.",https://www.rcoa.ac.uk/gpas/chapter-2; https://rcoa.ac.uk/gpas/chapter-6
SOC-005,"Social circumstances, recovery and discharge",Available carer after discharge,Available carer after discharge,C2,"Expected postoperative functional limitation, day surgery requirements, complex discharge risk or procedure-specific recovery needs",Will someone be available to help you after discharge if needed?,Use plain-language synonyms and examples if the patient is unsure.,boolean,"Clarify timing, severity, current status, treatment and relevant records if positive.",Explicit patient denial or authoritative source documenting absence.,Record PATIENT_UNSURE/NOT_KNOWN; do not convert to negative. Seek corroborating source where clinically important.,None,Review as part of completed assessment.,None: do not infer a diagnosis or negative finding.,,Patient report; corroborate with EMR/previous anaesthetic/medication record where available.,RCoA GPAS Chapter 2 (2025); RCoA day surgery guidance,C/GPP,1.0.5,"Domain validated 2026-09-26. Discharge planning should start early, but social questions should be tailored to expected postoperative needs and discharge pathway.",https://www.rcoa.ac.uk/gpas/chapter-2; https://rcoa.ac.uk/gpas/chapter-6
SOC-006,"Social circumstances, recovery and discharge",Transport home,Transport home,C2,Same-day/early discharge planned or patient cannot drive/use usual transport after procedure,Do you have reliable transport home after the procedure?,Use plain-language synonyms and examples if the patient is unsure.,boolean,"Clarify timing, severity, current status, treatment and relevant records if positive.",Explicit patient denial or authoritative source documenting absence.,Record PATIENT_UNSURE/NOT_KNOWN; do not convert to negative. Seek corroborating source where clinically important.,None,Review as part of completed assessment.,None: do not infer a diagnosis or negative finding.,,Patient report; corroborate with EMR/previous anaesthetic/medication record where available.,RCoA GPAS Chapter 2 (2025); RCoA day surgery guidance,C/GPP,1.0.5,"Domain validated 2026-09-26. Discharge planning should start early, but social questions should be tailored to expected postoperative needs and discharge pathway.",https://www.rcoa.ac.uk/gpas/chapter-2; https://rcoa.ac.uk/gpas/chapter-6
SOC-007,"Social circumstances, recovery and discharge",Escort home,Escort home,C2,Same-day discharge pathway where escort is required by local policy/procedure,"If you are going home the same day, is a responsible adult able to escort you?",Use plain-language synonyms and examples if the patient is unsure.,boolean,"Clarify timing, severity, current status, treatment and relevant records if positive.",Explicit patient denial or authoritative source documenting absence.,Record PATIENT_UNSURE/NOT_KNOWN; do not convert to negative. Seek corroborating source where clinically important.,None,"Required if positive, conflicting or clinically material.",None: do not infer a diagnosis or negative finding.,,Patient report; corroborate with EMR/previous anaesthetic/medication record where available.,RCoA GPAS Chapter 2 (2025); RCoA day surgery guidance,C/GPP,1.0.5,"Domain validated 2026-09-26. Discharge planning should start early, but social questions should be tailored to expected postoperative needs and discharge pathway.",https://www.rcoa.ac.uk/gpas/chapter-2; https://rcoa.ac.uk/gpas/chapter-6
SOC-008,"Social circumstances, recovery and discharge",Overnight supervision,Overnight supervision,C2,Same-day discharge pathway where overnight support is required by local policy/procedure,"If required, can a responsible adult stay with you overnight?",Use plain-language synonyms and examples if the patient is unsure.,boolean,"Clarify timing, severity, current status, treatment and relevant records if positive.",Explicit patient denial or authoritative source documenting absence.,Record PATIENT_UNSURE/NOT_KNOWN; do not convert to negative. Seek corroborating source where clinically important.,None,"Required if positive, conflicting or clinically material.",None: do not infer a diagnosis or negative finding.,,Patient report; corroborate with EMR/previous anaesthetic/medication record where available.,RCoA GPAS Chapter 2 (2025); RCoA day surgery guidance,C/GPP,1.0.5,"Domain validated 2026-09-26. Discharge planning should start early, but social questions should be tailored to expected postoperative needs and discharge pathway.",https://www.rcoa.ac.uk/gpas/chapter-2; https://rcoa.ac.uk/gpas/chapter-6
SOC-009,"Social circumstances, recovery and discharge",Dependants,Dependants,C2,"Expected postoperative functional limitation, day surgery requirements, complex discharge risk or procedure-specific recovery needs","Are you responsible for children, adults or animals in a way that could affect your recovery plan?",Use plain-language synonyms and examples if the patient is unsure.,boolean,"Clarify timing, severity, current status, treatment and relevant records if positive.",Explicit patient denial or authoritative source documenting absence.,Record PATIENT_UNSURE/NOT_KNOWN; do not convert to negative. Seek corroborating source where clinically important.,None,Review as part of completed assessment.,None: do not infer a diagnosis or negative finding.,,Patient report; corroborate with EMR/previous anaesthetic/medication record where available.,RCoA GPAS Chapter 2 (2025); RCoA day surgery guidance,C/GPP,1.0.5,"Domain validated 2026-09-26. Discharge planning should start early, but social questions should be tailored to expected postoperative needs and discharge pathway.",https://www.rcoa.ac.uk/gpas/chapter-2; https://rcoa.ac.uk/gpas/chapter-6
SOC-010,"Social circumstances, recovery and discharge",Employment/manual demands,Employment/manual demands,C2,"Expected postoperative functional limitation, day surgery requirements, complex discharge risk or procedure-specific recovery needs","Does your work involve heavy physical activity, driving or safety-critical tasks?",Use plain-language synonyms and examples if the patient is unsure.,text,Clarify if incomplete or ambiguous.,Not applicable; capture value or explicit unknown.,Record PATIENT_UNSURE/NOT_KNOWN; do not convert to negative. Seek corroborating source where clinically important.,None,Review as part of completed assessment.,None: do not infer a diagnosis or negative finding.,,Patient report; corroborate with EMR/previous anaesthetic/medication record where available.,RCoA GPAS Chapter 2 (2025); RCoA day surgery guidance,C/GPP,1.0.5,"Domain validated 2026-09-26. Discharge planning should start early, but social questions should be tailored to expected postoperative needs and discharge pathway.",https://www.rcoa.ac.uk/gpas/chapter-2; https://rcoa.ac.uk/gpas/chapter-6
SOC-011,"Social circumstances, recovery and discharge",Discharge destination concern,Discharge destination concern,M1,Elective surgery or procedure with postoperative recovery needs,Do you have concerns about managing at home after the procedure?,Use plain-language synonyms and examples if the patient is unsure.,boolean,"If yes, explore the specific barrier and trigger early discharge-planning/social-work/allied-health pathway as appropriate.",Explicit patient denial or authoritative source documenting absence.,Record PATIENT_UNSURE/NOT_KNOWN; do not convert to negative. Seek corroborating source where clinically important.,AMBER: clinician review/optimisation if positive or unresolved.,"Required if positive, conflicting or clinically material.",None: do not infer a diagnosis or negative finding.,,Patient report; corroborate with EMR/previous anaesthetic/medication record where available.,RCoA GPAS Chapter 2 (2025); RCoA day surgery guidance,C/GPP,1.0.5,"Domain validated 2026-09-26. Discharge planning should start early, but social questions should be tailored to expected postoperative needs and discharge pathway.",https://www.rcoa.ac.uk/gpas/chapter-2; https://rcoa.ac.uk/gpas/chapter-6
SOC-012,"Social circumstances, recovery and discharge",Current community services,Current community services,C2,"Expected postoperative functional limitation, day surgery requirements, complex discharge risk or procedure-specific recovery needs",What community or home services do you currently receive?,Use plain-language synonyms and examples if the patient is unsure.,text,Clarify if incomplete or ambiguous.,Not applicable; capture value or explicit unknown.,Record PATIENT_UNSURE/NOT_KNOWN; do not convert to negative. Seek corroborating source where clinically important.,None,"Required if positive, conflicting or clinically material.",None: do not infer a diagnosis or negative finding.,,Patient report; corroborate with EMR/previous anaesthetic/medication record where available.,RCoA GPAS Chapter 2 (2025); RCoA day surgery guidance,C/GPP,1.0.5,"Domain validated 2026-09-26. Discharge planning should start early, but social questions should be tailored to expected postoperative needs and discharge pathway.",https://www.rcoa.ac.uk/gpas/chapter-2; https://rcoa.ac.uk/gpas/chapter-6
SOC-013,"Social circumstances, recovery and discharge",Pharmacy/medication access,Pharmacy/medication access,C2,"Expected postoperative functional limitation, day surgery requirements, complex discharge risk or procedure-specific recovery needs",Do you have any difficulty obtaining or managing your medicines?,Use plain-language synonyms and examples if the patient is unsure.,boolean,"Clarify timing, severity, current status, treatment and relevant records if positive.",Explicit patient denial or authoritative source documenting absence.,Record PATIENT_UNSURE/NOT_KNOWN; do not convert to negative. Seek corroborating source where clinically important.,None,Review as part of completed assessment.,None: do not infer a diagnosis or negative finding.,,Patient report; corroborate with EMR/previous anaesthetic/medication record where available.,RCoA GPAS Chapter 2 (2025); RCoA day surgery guidance,C/GPP,1.0.5,"Domain validated 2026-09-26. Discharge planning should start early, but social questions should be tailored to expected postoperative needs and discharge pathway.",https://www.rcoa.ac.uk/gpas/chapter-2; https://rcoa.ac.uk/gpas/chapter-6
SOC-014,"Social circumstances, recovery and discharge",Geographic access,Geographic access,C2,"Expected postoperative functional limitation, day surgery requirements, complex discharge risk or procedure-specific recovery needs",Do distance or transport make it difficult for you to attend hospital or follow-up?,Use plain-language synonyms and examples if the patient is unsure.,boolean,"Clarify timing, severity, current status, treatment and relevant records if positive.",Explicit patient denial or authoritative source documenting absence.,Record PATIENT_UNSURE/NOT_KNOWN; do not convert to negative. Seek corroborating source where clinically important.,None,Review as part of completed assessment.,None: do not infer a diagnosis or negative finding.,,Patient report; corroborate with EMR/previous anaesthetic/medication record where available.,RCoA GPAS Chapter 2 (2025); RCoA day surgery guidance,C/GPP,1.0.5,"Domain validated 2026-09-26. Discharge planning should start early, but social questions should be tailored to expected postoperative needs and discharge pathway.",https://www.rcoa.ac.uk/gpas/chapter-2; https://rcoa.ac.uk/gpas/chapter-6
GOAL-001,"Patient priorities, goals, advance care planning and reproductive considerations",Surgery goal,Surgery goal,M1,"Elective surgery, major/high-risk procedure or preference-sensitive decision",What are you hoping the operation or procedure will allow you to do?,Use plain-language synonyms and examples if the patient is unsure.,text,Clarify if incomplete or ambiguous.,Not applicable; capture value or explicit unknown.,Record PATIENT_UNSURE/NOT_KNOWN; do not convert to negative. Seek corroborating source where clinically important.,None,Review as part of completed assessment.,None: do not infer a diagnosis or negative finding.,Shared decision-making/goals-of-care context,Patient report; corroborate with EMR/previous anaesthetic/medication record where available.,RCoA GPAS Chapter 2 (2025); contemporary shared decision-making and perioperative planning principles,C/GPP,1.0.5,"Domain validated 2026-09-26. Goals and preferences support shared decision making, but advance-care and reproductive questions should be clinically/contextually triggered rather than universally asked.",https://www.rcoa.ac.uk/gpas/chapter-2
GOAL-002,"Patient priorities, goals, advance care planning and reproductive considerations",Important function to preserve,Important function to preserve,C4,"Frailty, major/high-risk surgery, functional trade-offs or preference-sensitive decision",What activities or abilities are most important for you to preserve?,Use plain-language synonyms and examples if the patient is unsure.,text,Clarify if incomplete or ambiguous.,Not applicable; capture value or explicit unknown.,Record PATIENT_UNSURE/NOT_KNOWN; do not convert to negative. Seek corroborating source where clinically important.,None,Review as part of completed assessment.,None: do not infer a diagnosis or negative finding.,Shared decision-making/goals-of-care context,Patient report; corroborate with EMR/previous anaesthetic/medication record where available.,RCoA GPAS Chapter 2 (2025); contemporary shared decision-making and perioperative planning principles,C/GPP,1.0.5,"Domain validated 2026-09-26. Goals and preferences support shared decision making, but advance-care and reproductive questions should be clinically/contextually triggered rather than universally asked.",https://www.rcoa.ac.uk/gpas/chapter-2
GOAL-003,"Patient priorities, goals, advance care planning and reproductive considerations",Recovery priority,Recovery priority,M1,Elective surgery or meaningful recovery planning,What matters most to you about your recovery?,Use plain-language synonyms and examples if the patient is unsure.,text,Clarify if incomplete or ambiguous.,Not applicable; capture value or explicit unknown.,Record PATIENT_UNSURE/NOT_KNOWN; do not convert to negative. Seek corroborating source where clinically important.,None,Review as part of completed assessment.,None: do not infer a diagnosis or negative finding.,Shared decision-making/goals-of-care context,Patient report; corroborate with EMR/previous anaesthetic/medication record where available.,RCoA GPAS Chapter 2 (2025); contemporary shared decision-making and perioperative planning principles,C/GPP,1.0.5,"Domain validated 2026-09-26. Goals and preferences support shared decision making, but advance-care and reproductive questions should be clinically/contextually triggered rather than universally asked.",https://www.rcoa.ac.uk/gpas/chapter-2
GOAL-004,"Patient priorities, goals, advance care planning and reproductive considerations",Unacceptable outcome,Unacceptable outcome,C4,"High-risk surgery, frailty, serious comorbidity or preference-sensitive decision",Are there outcomes or levels of dependence that would be unacceptable to you?,Use plain-language synonyms and examples if the patient is unsure.,text,Clarify if incomplete or ambiguous.,Not applicable; capture value or explicit unknown.,Record PATIENT_UNSURE/NOT_KNOWN; do not convert to negative. Seek corroborating source where clinically important.,None,"Required if positive, conflicting or clinically material.",None: do not infer a diagnosis or negative finding.,Shared decision-making/goals-of-care context,Patient report; corroborate with EMR/previous anaesthetic/medication record where available.,RCoA GPAS Chapter 2 (2025); contemporary shared decision-making and perioperative planning principles,C/GPP,1.0.5,"Domain validated 2026-09-26. Goals and preferences support shared decision making, but advance-care and reproductive questions should be clinically/contextually triggered rather than universally asked.",https://www.rcoa.ac.uk/gpas/chapter-2
GOAL-005,"Patient priorities, goals, advance care planning and reproductive considerations",Advance care directive,Advance care directive,C4,"High-risk surgery, frailty, serious illness, impaired decision-making concern, existing documentation in EMR or clinician goals-of-care pathway",Do you have an advance care directive or similar document?,Use plain-language synonyms and examples if the patient is unsure.,boolean,Record existence/location and retrieve current document where possible; do not infer treatment preferences from document title alone.,Explicit patient denial or authoritative source documenting absence.,Record PATIENT_UNSURE/NOT_KNOWN; do not convert to negative. Seek corroborating source where clinically important.,None,Review as part of completed assessment.,None: do not infer a diagnosis or negative finding.,Shared decision-making/goals-of-care context,Patient report; corroborate with EMR/previous anaesthetic/medication record where available.,RCoA GPAS Chapter 2 (2025); contemporary shared decision-making and perioperative planning principles,C/GPP,1.0.5,"Domain validated 2026-09-26. Goals and preferences support shared decision making, but advance-care and reproductive questions should be clinically/contextually triggered rather than universally asked.",https://www.rcoa.ac.uk/gpas/chapter-2
GOAL-006,"Patient priorities, goals, advance care planning and reproductive considerations",Substitute decision-maker,Substitute decision-maker,C4,"High-risk surgery, frailty, serious illness, impaired decision-making concern, existing documentation in EMR or clinician goals-of-care pathway",Have you formally appointed someone to make healthcare decisions if you cannot?,Use plain-language synonyms and examples if the patient is unsure.,boolean,Record name/relationship and legal status if known; verify from documentation where material.,Explicit patient denial or authoritative source documenting absence.,Record PATIENT_UNSURE/NOT_KNOWN; do not convert to negative. Seek corroborating source where clinically important.,None,Review as part of completed assessment.,None: do not infer a diagnosis or negative finding.,Shared decision-making/goals-of-care context,Patient report; corroborate with EMR/previous anaesthetic/medication record where available.,RCoA GPAS Chapter 2 (2025); contemporary shared decision-making and perioperative planning principles,C/GPP,1.0.5,"Domain validated 2026-09-26. Goals and preferences support shared decision making, but advance-care and reproductive questions should be clinically/contextually triggered rather than universally asked.",https://www.rcoa.ac.uk/gpas/chapter-2
GOAL-007,"Patient priorities, goals, advance care planning and reproductive considerations",Treatment limitations,Treatment limitations,C4,"High-risk surgery, frailty, serious illness, impaired decision-making concern, existing documentation in EMR or clinician goals-of-care pathway","Do you have any existing limits on treatments such as CPR, ventilation or intensive care?",Use plain-language synonyms and examples if the patient is unsure.,boolean,"Clarify timing, severity, current status, treatment and relevant records if positive.",Explicit patient denial or authoritative source documenting absence.,Record PATIENT_UNSURE/NOT_KNOWN; do not convert to negative. Seek corroborating source where clinically important.,RED: prompt clinician review if positive/current/recent as clinically relevant.,Existing treatment limitation/resuscitation plan requires clinician confirmation and perioperative discussion where relevant.,None: do not infer a diagnosis or negative finding.,Shared decision-making/goals-of-care context,Patient report; corroborate with EMR/previous anaesthetic/medication record where available.,RCoA GPAS Chapter 2 (2025); contemporary shared decision-making and perioperative planning principles,C/GPP,1.0.5,"Domain validated 2026-09-26. Goals and preferences support shared decision making, but advance-care and reproductive questions should be clinically/contextually triggered rather than universally asked.",https://www.rcoa.ac.uk/gpas/chapter-2
GOAL-008,"Patient priorities, goals, advance care planning and reproductive considerations",Goals-of-care plan,Goals-of-care plan,C4,"High-risk surgery, frailty, serious illness, impaired decision-making concern, existing documentation in EMR or clinician goals-of-care pathway",Do you have a current goals-of-care or resuscitation plan?,Use plain-language synonyms and examples if the patient is unsure.,boolean,"Clarify timing, severity, current status, treatment and relevant records if positive.",Explicit patient denial or authoritative source documenting absence.,Record PATIENT_UNSURE/NOT_KNOWN; do not convert to negative. Seek corroborating source where clinically important.,None,"Required if positive, conflicting or clinically material.",None: do not infer a diagnosis or negative finding.,Shared decision-making/goals-of-care context,Patient report; corroborate with EMR/previous anaesthetic/medication record where available.,RCoA GPAS Chapter 2 (2025); contemporary shared decision-making and perioperative planning principles,C/GPP,1.0.5,"Domain validated 2026-09-26. Goals and preferences support shared decision making, but advance-care and reproductive questions should be clinically/contextually triggered rather than universally asked.",https://www.rcoa.ac.uk/gpas/chapter-2
GOAL-009,"Patient priorities, goals, advance care planning and reproductive considerations",Pregnancy possibility,Pregnancy possibility,C4,"Patient has pregnancy potential and pregnancy status could alter investigation, medication, anaesthetic or procedural decision-making",Is there any possibility that you could be pregnant?,Use plain-language synonyms and examples if the patient is unsure.,boolean,Use respectful pregnancy-potential assessment; testing/consent follows local policy and procedure-specific risk.,Explicit patient denial or authoritative source documenting absence.,Record PATIENT_UNSURE/NOT_KNOWN; do not convert to negative. Seek corroborating source where clinically important.,RED: prompt clinician review if positive/current/recent as clinically relevant.,"Required if positive, conflicting or clinically material.",None: do not infer a diagnosis or negative finding.,Shared decision-making/goals-of-care context,Patient report; corroborate with EMR/previous anaesthetic/medication record where available.,RCoA GPAS Chapter 2 (2025); contemporary shared decision-making and perioperative planning principles,C/GPP,1.0.5,"Domain validated 2026-09-26. Goals and preferences support shared decision making, but advance-care and reproductive questions should be clinically/contextually triggered rather than universally asked.",https://www.rcoa.ac.uk/gpas/chapter-2
GOAL-010,"Patient priorities, goals, advance care planning and reproductive considerations",Last menstrual period,Last menstrual period,C1,Pregnancy possible/uncertain and menstrual history is clinically relevant,When was the first day of your last menstrual period?,Use plain-language synonyms and examples if the patient is unsure.,date,Clarify if incomplete or ambiguous.,Not applicable; capture value or explicit unknown.,Record PATIENT_UNSURE/NOT_KNOWN; do not convert to negative. Seek corroborating source where clinically important.,None,"Required if positive, conflicting or clinically material.",Derived calculation permitted only from explicit source values.,Shared decision-making/goals-of-care context,Patient report; corroborate with EMR/previous anaesthetic/medication record where available.,RCoA GPAS Chapter 2 (2025); contemporary shared decision-making and perioperative planning principles,C/GPP,1.0.5,"Domain validated 2026-09-26. Goals and preferences support shared decision making, but advance-care and reproductive questions should be clinically/contextually triggered rather than universally asked.",https://www.rcoa.ac.uk/gpas/chapter-2
GOAL-011,"Patient priorities, goals, advance care planning and reproductive considerations",Breastfeeding,Breastfeeding,C4,Patient may be breastfeeding and perioperative medication/recovery advice could be affected,Are you currently breastfeeding?,Use plain-language synonyms and examples if the patient is unsure.,boolean,"Clarify timing, severity, current status, treatment and relevant records if positive.",Explicit patient denial or authoritative source documenting absence.,Record PATIENT_UNSURE/NOT_KNOWN; do not convert to negative. Seek corroborating source where clinically important.,None,Review as part of completed assessment.,None: do not infer a diagnosis or negative finding.,Shared decision-making/goals-of-care context,Patient report; corroborate with EMR/previous anaesthetic/medication record where available.,RCoA GPAS Chapter 2 (2025); contemporary shared decision-making and perioperative planning principles,C/GPP,1.0.5,"Domain validated 2026-09-26. Goals and preferences support shared decision making, but advance-care and reproductive questions should be clinically/contextually triggered rather than universally asked.",https://www.rcoa.ac.uk/gpas/chapter-2
GOAL-012,"Patient priorities, goals, advance care planning and reproductive considerations",Fertility treatment,Fertility treatment,C1,Pregnancy/reproductive history or medications suggest fertility treatment,Are you currently receiving fertility treatment?,Use plain-language synonyms and examples if the patient is unsure.,boolean,"Clarify timing, severity, current status, treatment and relevant records if positive.",Explicit patient denial or authoritative source documenting absence.,Record PATIENT_UNSURE/NOT_KNOWN; do not convert to negative. Seek corroborating source where clinically important.,None,"Required if positive, conflicting or clinically material.",None: do not infer a diagnosis or negative finding.,Shared decision-making/goals-of-care context,Patient report; corroborate with EMR/previous anaesthetic/medication record where available.,RCoA GPAS Chapter 2 (2025); contemporary shared decision-making and perioperative planning principles,C/GPP,1.0.5,"Domain validated 2026-09-26. Goals and preferences support shared decision making, but advance-care and reproductive questions should be clinically/contextually triggered rather than universally asked.",https://www.rcoa.ac.uk/gpas/chapter-2
GOAL-013,"Patient priorities, goals, advance care planning and reproductive considerations",Relevant contraception,Relevant contraception,C3,Medication reconciliation identifies hormonal contraception or procedure/VTE context makes it relevant; do not duplicate MED-024,Are you using hormonal contraception?,Use plain-language synonyms and examples if the patient is unsure.,boolean,"Clarify timing, severity, current status, treatment and relevant records if positive.",Explicit patient denial or authoritative source documenting absence.,Record PATIENT_UNSURE/NOT_KNOWN; do not convert to negative. Seek corroborating source where clinically important.,None,Review as part of completed assessment.,None: do not infer a diagnosis or negative finding.,Shared decision-making/goals-of-care context,Patient report; corroborate with EMR/previous anaesthetic/medication record where available.,RCoA GPAS Chapter 2 (2025); contemporary shared decision-making and perioperative planning principles,C/GPP,1.0.5,"Domain validated 2026-09-26. Goals and preferences support shared decision making, but advance-care and reproductive questions should be clinically/contextually triggered rather than universally asked.",https://www.rcoa.ac.uk/gpas/chapter-2
GOAL-014,"Patient priorities, goals, advance care planning and reproductive considerations",Patient information preference,Patient information preference,O,Use to tailor communication where useful,How much information would you like about the anaesthetic and perioperative process?,Use plain-language synonyms and examples if the patient is unsure.,categorical,Clarify if incomplete or ambiguous.,Not applicable; capture value or explicit unknown.,Record PATIENT_UNSURE/NOT_KNOWN; do not convert to negative. Seek corroborating source where clinically important.,None,Review as part of completed assessment.,None: do not infer a diagnosis or negative finding.,Shared decision-making/goals-of-care context,Patient report; corroborate with EMR/previous anaesthetic/medication record where available.,RCoA GPAS Chapter 2 (2025); contemporary shared decision-making and perioperative planning principles,C/GPP,1.0.5,"Domain validated 2026-09-26. Goals and preferences support shared decision making, but advance-care and reproductive questions should be clinically/contextually triggered rather than universally asked.",https://www.rcoa.ac.uk/gpas/chapter-2
GOAL-015,"Patient priorities, goals, advance care planning and reproductive considerations",Decision involvement preference,Decision involvement preference,O,Use to tailor shared decision-making style where useful,How involved would you like to be in decisions about your perioperative care?,Use plain-language synonyms and examples if the patient is unsure.,categorical,Clarify if incomplete or ambiguous.,Not applicable; capture value or explicit unknown.,Record PATIENT_UNSURE/NOT_KNOWN; do not convert to negative. Seek corroborating source where clinically important.,None,Review as part of completed assessment.,None: do not infer a diagnosis or negative finding.,Shared decision-making/goals-of-care context,Patient report; corroborate with EMR/previous anaesthetic/medication record where available.,RCoA GPAS Chapter 2 (2025); contemporary shared decision-making and perioperative planning principles,C/GPP,1.0.5,"Domain validated 2026-09-26. Goals and preferences support shared decision making, but advance-care and reproductive questions should be clinically/contextually triggered rather than universally asked.",https://www.rcoa.ac.uk/gpas/chapter-2
GOAL-016,"Patient priorities, goals, advance care planning and reproductive considerations",Final open question,Final open question,M0,All patients at end of assessment,"Is there anything important about your health, medicines, previous operations or anaesthetics that I have not asked about?",Use plain-language synonyms and examples if the patient is unsure.,text,Clarify if incomplete or ambiguous.,Not applicable; capture value or explicit unknown.,Record PATIENT_UNSURE/NOT_KNOWN; do not convert to negative. Seek corroborating source where clinically important.,None,Review as part of completed assessment.,None: do not infer a diagnosis or negative finding.,Shared decision-making/goals-of-care context,Patient report; corroborate with EMR/previous anaesthetic/medication record where available.,RCoA GPAS Chapter 2 (2025); contemporary shared decision-making and perioperative planning principles,C/GPP,1.0.5,"Domain validated 2026-09-26. Goals and preferences support shared decision making, but advance-care and reproductive questions should be clinically/contextually triggered rather than universally asked.",https://www.rcoa.ac.uk/gpas/chapter-2
